source,model,date,tc,td,idle,realized,predicted,oracle,capture_daily
holdout_rmse_v1,lgb_contextual,2025-11-03,55,82,False,5376.501505044559,17739.985426532756,13361.719716678786,0.40238095238095234
holdout_rmse_v1,lgb_contextual,2025-11-04,51,70,False,7005.546466092851,12115.697697316293,7323.682649823298,0.9565606268127794
holdout_rmse_v1,lgb_contextual,2025-11-05,2,24,False,5281.060649925424,7628.349020802705,5662.824070401962,0.9325842696629211
holdout_rmse_v1,lgb_contextual,2025-11-06,53,69,False,41.13818991818263,4998.472798222999,922.5949328182957,0.04458965517241223
holdout_rmse_v1,lgb_contextual,2025-11-07,58,70,False,3818.124134488312,2462.3362273576263,6793.7950222018635,0.5620016679942252
holdout_rmse_v1,lgb_contextual,2025-11-08,59,78,False,7143.783000647404,3527.6829437036204,8037.637510627493,0.8887913881662093
holdout_rmse_v1,lgb_contextual,2025-11-09,54,72,False,12393.313173403303,14531.70308444292,12573.171464875311,0.9856950736753679
holdout_rmse_v1,lgb_contextual,2025-11-10,47,75,False,10473.304040076982,13490.591218256644,11155.171685390125,0.9388743029203054
holdout_rmse_v1,lgb_contextual,2025-11-11,56,74,False,6846.9396716940355,3251.1458024153567,7485.846206756217,0.9146513944561742
holdout_rmse_v1,lgb_contextual,2025-11-12,37,75,False,9644.027994032338,14897.865561260714,10483.503486127383,0.919924146235473
holdout_rmse_v1,lgb_contextual,2025-11-13,56,69,False,9330.03394341406,4434.555807106577,9537.757783219018,0.9782208937859135
holdout_rmse_v1,lgb_contextual,2025-11-14,58,70,False,3598.3015756160844,2909.598537285167,3791.572488594169,0.9490261854258403
holdout_rmse_v1,lgb_contextual,2025-11-15,55,84,False,7932.910260305265,7009.429594694769,8345.596517840402,0.9505504182172075
holdout_rmse_v1,lgb_contextual,2025-11-16,58,88,False,7319.7663934015745,4224.267696853604,9645.889090707162,0.758848284960422
holdout_rmse_v1,lgb_contextual,2025-11-17,0,24,False,763.526840953074,4292.60038237731,7342.5831204987235,0.10398613518197582
holdout_rmse_v1,lgb_contextual,2025-11-18,38,69,False,9044.605340732942,13436.061175215495,10104.393321423157,0.8951161195949022
holdout_rmse_v1,lgb_contextual,2025-11-19,54,88,False,8716.931434214255,11759.406611492757,10200.934927737997,0.8545227957989914
holdout_rmse_v1,lgb_contextual,2025-11-20,55,69,False,8526.049723975988,8913.56304194283,8685.117815841211,0.9816849816849818
holdout_rmse_v1,lgb_contextual,2025-11-21,54,69,False,6371.688752266469,9402.462138412175,7103.440151188545,0.8969863357264101
holdout_rmse_v1,lgb_contextual,2025-11-22,56,88,False,2126.702211895992,2849.4158044701567,6264.524578776868,0.3394834173212271
holdout_rmse_v1,lgb_contextual,2025-11-23,54,73,False,5747.464202083447,6039.8643527011845,6269.694291762487,0.9167056533577437
holdout_rmse_v1,lgb_contextual,2025-11-24,55,72,False,7519.555916784296,11793.666407881468,10017.17946801529,0.7506659874462795
holdout_rmse_v1,lgb_contextual,2025-11-25,56,69,False,93.46522941816815,2410.103027332019,1565.2300239538,0.059713414634146394
holdout_rmse_v1,lgb_contextual,2025-11-26,57,82,False,6633.664355482982,3668.3168031529312,7918.575043866373,0.8377346073926941
holdout_rmse_v1,lgb_contextual,2025-11-27,57,71,False,2603.254308315015,3159.019393881836,3235.7981197025892,0.8045169111335929
holdout_rmse_v1,lgb_contextual,2025-11-28,58,71,False,2460.707028470914,3326.8830637719825,6405.093051558167,0.38417974706429875
holdout_rmse_v1,lgb_contextual,2025-11-29,0,26,False,2844.821475345219,4199.688112999591,5801.283300285127,0.49037796089106683
holdout_rmse_v1,lgb_contextual,2025-11-30,54,88,False,10816.630246835208,12943.5671311638,10816.630246835208,1.0
holdout_rmse_v1,lgb_contextual,2025-12-01,51,67,False,-655.5768710896573,9080.639975841788,7602.92350373086,-0.08622694556481551
holdout_rmse_v1,lgb_contextual,2025-12-02,56,70,False,6280.00826683903,4178.03486945378,7113.5250682128,0.8828264758497318
holdout_rmse_v1,lgb_contextual,2025-12-03,56,84,False,7581.185258296558,5523.258345739566,9007.2147950591,0.8416791906034271
holdout_rmse_v1,lgb_contextual,2025-12-04,0,26,False,445.3906572226281,6640.825438929715,11898.293271518727,0.03743315508021407
holdout_rmse_v1,lgb_contextual,2025-12-05,56,69,False,4102.203839750415,1964.4995348185635,4598.152699291483,0.8921417160379455
holdout_rmse_v1,lgb_contextual,2025-12-06,57,72,False,-237.1259859053263,2853.624698181906,1382.2635419667454,-0.17154904163060902
holdout_rmse_v1,lgb_contextual,2025-12-07,55,73,False,10816.630246835208,13768.463573425126,15016.027872077113,0.7203389830508474
holdout_rmse_v1,lgb_contextual,2025-12-08,55,79,False,4895.73092282927,6555.123600412084,7915.851798133639,0.6184717763391631
holdout_rmse_v1,lgb_contextual,2025-12-09,53,70,False,10021.28978750909,12970.99958544668,10593.934918223893,0.945945945945946
holdout_rmse_v1,lgb_contextual,2025-12-10,50,86,False,4094.027739828541,17338.21708772725,7441.205337455161,0.5501834117144078
holdout_rmse_v1,lgb_contextual,2025-12-11,54,64,False,3698.3363172282875,5376.38349727388,25769.030882166222,0.1435186419753087
holdout_rmse_v1,lgb_contextual,2025-12-12,53,69,False,-11244.29753726221,5308.1048359474935,9467.73282781811,-1.1876441532258064
holdout_rmse_v1,lgb_contextual,2025-12-13,57,69,False,3426.8866184602816,5822.6038607943765,4825.562806145682,0.7101527337072286
holdout_rmse_v1,lgb_contextual,2025-12-14,56,71,False,345.4386310181945,7852.789084975568,3981.935636852956,0.08675143511139348
holdout_rmse_v1,lgb_contextual,2025-12-15,47,78,False,11961.920508264817,17943.199807778234,11961.920508264817,1.0
holdout_rmse_v1,lgb_contextual,2025-12-16,54,68,False,9257.762946556015,10844.227989581505,9575.899130286462,0.9667774086378739
holdout_rmse_v1,lgb_contextual,2025-12-17,56,74,False,5505.458007119696,4539.640037564018,7365.352127168311,0.7474806244241752
holdout_rmse_v1,lgb_contextual,2025-12-18,57,70,False,-2200.423909751849,2405.605326511611,4304.280762294158,-0.5112175602083715
holdout_rmse_v1,lgb_contextual,2025-12-19,48,72,False,8757.834203356477,10294.23330800511,8844.185907706433,0.9902363309352518
holdout_rmse_v1,lgb_contextual,2025-12-20,57,69,False,9255.507361013364,7822.781998530387,9255.507361013364,1.0
holdout_rmse_v1,lgb_contextual,2025-12-21,56,69,False,5605.55955733048,5407.4631626137225,7005.358765744449,0.8001816530426884
holdout_rmse_v1,lgb_contextual,2025-12-22,0,25,False,2434.6803072799266,2670.35591828712,4748.357517077977,0.512741574012348
holdout_rmse_v1,lgb_contextual,2025-12-23,54,68,False,10180.357879374313,12980.393514350892,10434.86682635867,0.9756097560975611
holdout_rmse_v1,lgb_contextual,2025-12-24,56,76,False,8236.335826900016,11304.429086268117,9825.502417317695,0.838261035118496
holdout_rmse_v1,lgb_contextual,2025-12-25,54,73,False,10650.152763250899,14875.599158778863,11095.330269230428,0.959877038792248
holdout_rmse_v1,lgb_contextual,2025-12-26,52,71,False,1960.498325429696,12040.233549115253,7346.620268670262,0.2668571742832907
holdout_rmse_v1,lgb_contextual,2025-12-27,57,69,False,2382.340542332592,2843.2767612485504,7411.580496026182,0.3214348874184009
holdout_rmse_v1,lgb_contextual,2025-12-28,55,76,False,9500.09682178901,13312.905645181465,11889.188213940359,0.799053446782003
holdout_rmse_v1,lgb_contextual,2025-12-29,54,85,False,10822.767093819368,19141.09286374269,12388.222994463616,0.8736335387776066
holdout_rmse_v1,lgb_contextual,2025-12-30,53,70,False,3213.1754556775177,18128.557566447616,31559.10942606037,0.10181451612903226
holdout_rmse_v1,lgb_contextual,2025-12-31,54,66,False,2799.5984168279338,11678.308191207614,22576.10161322132,0.124007167614288
holdout_rmse_v1,transformer_contextual,2025-11-03,45,82,False,5376.501505044559,13053.815178573132,13361.719716678786,0.40238095238095234
holdout_rmse_v1,transformer_contextual,2025-11-04,49,69,False,6814.664755854581,7701.50500535965,7323.682649823298,0.9304970029004468
holdout_rmse_v1,transformer_contextual,2025-11-05,0,28,False,2316.5022591095762,6676.406502723694,5662.824070401962,0.4090719101123594
holdout_rmse_v1,transformer_contextual,2025-11-06,58,69,False,-372.438848931397,3325.671136379242,922.5949328182957,-0.403686206896552
holdout_rmse_v1,transformer_contextual,2025-11-07,60,72,False,4085.291720223304,2590.2548134326926,6793.7950222018635,0.6013269029861404
holdout_rmse_v1,transformer_contextual,2025-11-08,49,88,False,7849.316796668253,5320.351481437683,8037.637510627493,0.9765701409512137
holdout_rmse_v1,transformer_contextual,2025-11-09,0,71,False,6180.266210515859,10648.200258612633,12573.171464875311,0.4915439376438305
holdout_rmse_v1,transformer_contextual,2025-11-10,18,70,False,10015.808301063413,9029.4329226017,11155.171685390125,0.8978623174559536
holdout_rmse_v1,transformer_contextual,2025-11-11,59,69,False,6700.266165546949,1843.8790366053584,7485.846206756217,0.8950579507631006
holdout_rmse_v1,transformer_contextual,2025-11-12,18,73,False,9522.070487999272,11252.260446548462,10483.503486127383,0.9082908686585207
holdout_rmse_v1,transformer_contextual,2025-11-13,58,69,False,8784.334947461224,3670.87684571743,9537.757783219018,0.9210062938394823
holdout_rmse_v1,transformer_contextual,2025-11-14,2,68,False,2284.5868371577385,3557.079419493675,3791.572488594169,0.6025433626892922
holdout_rmse_v1,transformer_contextual,2025-11-15,0,88,False,6857.676767894936,7690.753936767578,8345.596517840402,0.8217119954499674
holdout_rmse_v1,transformer_contextual,2025-11-16,53,88,False,7319.7663934015745,4037.0007753372192,9645.889090707162,0.758848284960422
holdout_rmse_v1,transformer_contextual,2025-11-17,56,88,False,3815.0827525718496,1941.459640860558,7342.5831204987235,0.5195831889081456
holdout_rmse_v1,transformer_contextual,2025-11-18,16,73,False,7031.480927790555,8041.229754686356,10104.393321423157,0.6958835334410957
holdout_rmse_v1,transformer_contextual,2025-11-19,49,88,False,8716.931434214255,9485.610961914062,10200.934927737997,0.8545227957989914
holdout_rmse_v1,transformer_contextual,2025-11-20,55,68,False,8462.422487229898,5130.493149161339,8685.117815841211,0.9743589743589743
holdout_rmse_v1,transformer_contextual,2025-11-21,3,68,False,5378.995692725004,7410.264745354652,7103.440151188545,0.7572381238159643
holdout_rmse_v1,transformer_contextual,2025-11-22,54,88,False,2126.702211895992,3019.5335000753394,6264.524578776868,0.3394834173212271
holdout_rmse_v1,transformer_contextual,2025-11-23,0,88,False,726.6675827060637,5175.574362277985,6269.694291762487,0.11590159725344258
holdout_rmse_v1,transformer_contextual,2025-11-24,17,72,False,7519.555916784296,6954.445689916611,10017.17946801529,0.7506659874462795
holdout_rmse_v1,transformer_contextual,2025-11-25,50,88,False,1.9151798260572672,2814.3066167831416,1565.2300239538,0.001223577235772342
holdout_rmse_v1,transformer_contextual,2025-11-26,59,88,False,4878.472034861892,5465.63421189785,7918.575043866373,0.6160795355018697
holdout_rmse_v1,transformer_contextual,2025-11-27,49,72,False,2444.567979870268,3415.758073329925,3235.7981197025892,0.7554760493200839
holdout_rmse_v1,transformer_contextual,2025-11-28,60,72,False,2442.8245935834257,1579.0870115160938,6405.093051558167,0.38138783838419954
holdout_rmse_v1,transformer_contextual,2025-11-29,0,30,False,490.6137157399091,4138.182133436203,5801.283300285127,0.08456985986459167
holdout_rmse_v1,transformer_contextual,2025-11-30,17,87,False,10625.748536596939,9641.647636890411,10816.630246835208,0.9823529411764705
holdout_rmse_v1,transformer_contextual,2025-12-01,58,85,False,4438.903269801532,4860.405623912811,7602.92350373086,0.5838416324487943
holdout_rmse_v1,transformer_contextual,2025-12-02,51,88,False,6215.23573983151,3761.1265629529953,7113.5250682128,0.8737209302325583
holdout_rmse_v1,transformer_contextual,2025-12-03,51,88,False,8323.956894623057,5556.803062558174,9007.2147950591,0.9241432655951711
holdout_rmse_v1,transformer_contextual,2025-12-04,0,27,False,349.9498021034917,8210.26349067688,11898.293271518727,0.02941176470588233
holdout_rmse_v1,transformer_contextual,2025-12-05,49,88,False,4130.9251744176,2011.4890336990347,4598.152699291483,0.8983879928681192
holdout_rmse_v1,transformer_contextual,2025-12-06,50,73,False,28.632256535740197,3884.3597471714015,1382.2635419667454,0.020714035830678833
holdout_rmse_v1,transformer_contextual,2025-12-07,0,73,False,6916.958264371271,10625.612810254097,15016.027872077113,0.46063834745762716
holdout_rmse_v1,transformer_contextual,2025-12-08,49,88,False,7876.806944304402,5157.008342444897,7915.851798133639,0.9950675107587988
holdout_rmse_v1,transformer_contextual,2025-12-09,49,78,False,9225.949328182971,7308.256685733795,10593.934918223893,0.870870870870871
holdout_rmse_v1,transformer_contextual,2025-12-10,49,82,False,3242.2944605743646,14549.9706864357,7441.205337455161,0.43572167592988453
holdout_rmse_v1,transformer_contextual,2025-12-11,50,67,False,6984.88670232139,6507.86817073822,25769.030882166222,0.2710574074074073
holdout_rmse_v1,transformer_contextual,2025-12-12,60,72,False,-5343.055848048976,2223.642647266388,9467.73282781811,-0.5643437499999999
holdout_rmse_v1,transformer_contextual,2025-12-13,15,69,False,-1181.4909777762982,4625.4569962620735,4825.562806145682,-0.24484003736757695
holdout_rmse_v1,transformer_contextual,2025-12-14,0,68,False,2662.6948728832126,6354.655750095844,3981.935636852956,0.6686935992234221
holdout_rmse_v1,transformer_contextual,2025-12-15,43,77,False,11961.920508264817,11956.61124587059,11961.920508264817,1.0
holdout_rmse_v1,transformer_contextual,2025-12-16,49,67,False,9416.831038421238,8766.92008972168,9575.899130286462,0.9833887043189369
holdout_rmse_v1,transformer_contextual,2025-12-17,48,69,False,6873.443597160619,2954.4946253299718,7365.352127168311,0.9332131686965506
holdout_rmse_v1,transformer_contextual,2025-12-18,59,88,False,-3080.6685537919484,1226.1489555239675,4304.280762294158,-0.7157220274241518
holdout_rmse_v1,transformer_contextual,2025-12-19,0,87,False,5216.059064865619,11385.911151766777,8844.185907706433,0.5897726618705036
holdout_rmse_v1,transformer_contextual,2025-12-20,49,72,False,9223.693742640322,7683.310613036156,9255.507361013364,0.9965627364192859
holdout_rmse_v1,transformer_contextual,2025-12-21,48,68,False,5987.322977807017,2084.335058927536,7005.358765744449,0.8546775658492279
holdout_rmse_v1,transformer_contextual,2025-12-22,0,21,False,441.9038846489407,1590.508610010147,4748.357517077977,0.09306457718476041
holdout_rmse_v1,transformer_contextual,2025-12-23,0,68,False,9658.535004010446,9001.111820340157,10434.86682635867,0.9256021341463415
holdout_rmse_v1,transformer_contextual,2025-12-24,16,83,False,4905.659953123497,11032.760500907898,9825.502417317695,0.4992782806177064
holdout_rmse_v1,transformer_contextual,2025-12-25,47,71,False,10632.171706146455,13433.715298771858,11095.330269230428,0.9582564419584333
holdout_rmse_v1,transformer_contextual,2025-12-26,49,84,False,388.74332834758275,12350.486695766449,7346.620268670262,0.05291458032823375
holdout_rmse_v1,transformer_contextual,2025-12-27,58,69,False,2381.5961036626636,1501.5659481287005,7411.580496026182,0.32133444478402257
holdout_rmse_v1,transformer_contextual,2025-12-28,12,74,False,11212.025802784592,10458.054035902023,11889.188213940359,0.943043847992769
holdout_rmse_v1,transformer_contextual,2025-12-29,48,79,False,10618.670006508935,13613.336473703384,12388.222994463616,0.857158448895737
holdout_rmse_v1,transformer_contextual,2025-12-30,49,82,False,31240.97324232992,11593.202769756317,31559.10942606037,0.9899193548387096
holdout_rmse_v1,transformer_contextual,2025-12-31,48,66,False,3244.9890740505616,10115.963816642761,22576.10161322132,0.1437355806438339
holdout_rmse_v1,catboost_contextual,2025-11-03,47,82,False,5376.501505044559,19264.268939148864,13361.719716678786,0.40238095238095234
holdout_rmse_v1,catboost_contextual,2025-11-04,48,69,False,6178.538731038204,11425.84260420457,7323.682649823298,0.8436382386376718
holdout_rmse_v1,catboost_contextual,2025-11-05,0,22,False,5662.824070401962,6339.810509144748,5662.824070401962,1.0
holdout_rmse_v1,catboost_contextual,2025-11-06,55,68,False,144.40201379524976,2721.1955102881598,922.5949328182957,0.1565172413793103
holdout_rmse_v1,catboost_contextual,2025-11-07,59,88,False,1405.89787905608,2906.3099022371616,6793.7950222018635,0.20693851881925482
holdout_rmse_v1,catboost_contextual,2025-11-08,48,87,False,7860.381573138398,3866.7787727595437,8037.637510627493,0.9779467614389522
holdout_rmse_v1,catboost_contextual,2025-11-09,48,73,False,12193.170518856641,13387.721649633619,12573.171464875311,0.9697768421372246
holdout_rmse_v1,catboost_contextual,2025-11-10,48,73,False,10460.903091635171,13070.806850280589,11155.171685390125,0.9377626258622057
holdout_rmse_v1,catboost_contextual,2025-11-11,51,69,False,7459.695412453574,4170.636922186185,7485.846206756217,0.996506634843895
holdout_rmse_v1,catboost_contextual,2025-11-12,48,70,False,10368.230021314492,13669.885774502874,10483.503486127383,0.9890042994724587
holdout_rmse_v1,catboost_contextual,2025-11-13,55,88,False,2425.155309939036,3755.604419742233,9537.757783219018,0.2542689136230654
holdout_rmse_v1,catboost_contextual,2025-11-14,48,69,False,3738.0619824907076,3427.397535466037,3791.572488594169,0.985886988508216
holdout_rmse_v1,catboost_contextual,2025-11-15,49,85,False,7954.3876340689085,6122.189354587781,8345.596517840402,0.9531239159555335
holdout_rmse_v1,catboost_contextual,2025-11-16,47,88,False,7319.7663934015745,6018.35903602385,9645.889090707162,0.758848284960422
holdout_rmse_v1,catboost_contextual,2025-11-17,54,88,False,3815.0827525718496,4179.468426687879,7342.5831204987235,0.5195831889081456
holdout_rmse_v1,catboost_contextual,2025-11-18,37,69,False,9044.347650424119,14412.681017756873,10104.393321423157,0.8950906167962062
holdout_rmse_v1,catboost_contextual,2025-11-19,49,88,False,8716.931434214255,10541.362175270608,10200.934927737997,0.8545227957989914
holdout_rmse_v1,catboost_contextual,2025-11-20,53,69,False,8526.049723975988,7376.155664090755,8685.117815841211,0.9816849816849818
holdout_rmse_v1,catboost_contextual,2025-11-21,51,68,False,6683.354046019838,7724.742594671026,7103.440151188545,0.9408615971659283
holdout_rmse_v1,catboost_contextual,2025-11-22,49,88,False,2126.702211895992,2973.1290457523787,6264.524578776868,0.3394834173212271
holdout_rmse_v1,catboost_contextual,2025-11-23,49,75,False,6269.694291762487,5550.881567521053,6269.694291762487,1.0
holdout_rmse_v1,catboost_contextual,2025-11-24,51,73,False,7308.854322299621,10147.54893735838,10017.17946801529,0.7296319633322621
holdout_rmse_v1,catboost_contextual,2025-11-25,48,88,False,1.9151798260572672,2861.467175728128,1565.2300239538,0.001223577235772342
holdout_rmse_v1,catboost_contextual,2025-11-26,49,84,False,7142.682249451696,3657.1881235032997,7918.575043866373,0.9020161089442887
holdout_rmse_v1,catboost_contextual,2025-11-27,52,88,False,1185.0318335012175,3440.5836317945955,3235.7981197025892,0.36622551520925445
holdout_rmse_v1,catboost_contextual,2025-11-28,54,83,False,6067.031998640681,2583.69845270923,6405.093051558167,0.9472199622712358
holdout_rmse_v1,catboost_contextual,2025-11-29,52,84,False,2276.105326499485,3222.3499380215703,5801.283300285127,0.3923451430802589
holdout_rmse_v1,catboost_contextual,2025-11-30,51,88,False,10816.630246835208,11385.56421783903,10816.630246835208,1.0
holdout_rmse_v1,catboost_contextual,2025-12-01,51,68,False,76.13635149037279,8360.32945239376,7602.92350373086,0.010014088850560134
holdout_rmse_v1,catboost_contextual,2025-12-02,51,82,False,6890.829739601488,4639.3432564085515,7113.5250682128,0.9686940966010735
holdout_rmse_v1,catboost_contextual,2025-12-03,54,88,False,8323.956894623057,5646.382894508001,9007.2147950591,0.9241432655951711
holdout_rmse_v1,catboost_contextual,2025-12-04,52,66,False,9551.4694527378,7622.362691105441,11898.293271518727,0.802759625668449
holdout_rmse_v1,catboost_contextual,2025-12-05,51,88,False,4130.9251744176,2446.1946984657966,4598.152699291483,0.8983879928681192
holdout_rmse_v1,catboost_contextual,2025-12-06,49,70,False,472.4481396489006,3020.1037554494915,1382.2635419667454,0.34179309900388505
holdout_rmse_v1,catboost_contextual,2025-12-07,48,69,False,10021.28978750909,12012.457380379707,15016.027872077113,0.6673728813559321
holdout_rmse_v1,catboost_contextual,2025-12-08,50,73,False,6172.475055376301,6595.278661594944,7915.851798133639,0.7797613210534862
holdout_rmse_v1,catboost_contextual,2025-12-09,51,69,False,10212.171497747358,12135.64823503306,10593.934918223893,0.9639639639639642
holdout_rmse_v1,catboost_contextual,2025-12-10,49,88,False,3242.2944605743646,16991.22004271697,7441.205337455161,0.43572167592988453
holdout_rmse_v1,catboost_contextual,2025-12-11,48,66,False,6116.374920737272,6067.707095069983,25769.030882166222,0.2373537037037037
holdout_rmse_v1,catboost_contextual,2025-12-12,53,68,False,-10239.801625304346,3474.955952939439,9467.73282781811,-1.081547379032258
holdout_rmse_v1,catboost_contextual,2025-12-13,53,68,False,3713.209183817685,5475.910224467713,4825.562806145682,0.7694872770257307
holdout_rmse_v1,catboost_contextual,2025-12-14,53,70,False,596.4162663631441,7994.605421415786,3981.935636852956,0.14978048887663836
holdout_rmse_v1,catboost_contextual,2025-12-15,47,88,False,11834.666034772637,16062.742083151817,11961.920508264817,0.9893617021276595
holdout_rmse_v1,catboost_contextual,2025-12-16,49,69,False,9162.322091436881,11702.395555524377,9575.899130286462,0.956810631229236
holdout_rmse_v1,catboost_contextual,2025-12-17,49,80,False,3524.6021472930897,4804.8182824113,7365.352127168311,0.47853817257317754
holdout_rmse_v1,catboost_contextual,2025-12-18,49,73,False,373.62549689671187,2769.130943582443,4304.280762294158,0.08680323555324293
holdout_rmse_v1,catboost_contextual,2025-12-19,48,68,False,8821.461440102566,8164.998013821897,8844.185907706433,0.9974305755395683
holdout_rmse_v1,catboost_contextual,2025-12-20,53,73,False,9191.880124267276,8568.19479473547,9255.507361013364,0.9931254728385714
holdout_rmse_v1,catboost_contextual,2025-12-21,50,69,False,6050.950214553106,5023.88056628201,7005.358765744449,0.8637602179836511
holdout_rmse_v1,catboost_contextual,2025-12-22,53,88,False,599.6517113516825,2574.5328404759944,4748.357517077977,0.12628613350931786
holdout_rmse_v1,catboost_contextual,2025-12-23,51,69,False,10012.331072575238,13807.35908690399,10434.86682635867,0.9595073170731706
holdout_rmse_v1,catboost_contextual,2025-12-24,52,78,False,8504.2446699431,11917.640978605732,9825.502417317695,0.8655277164202978
holdout_rmse_v1,catboost_contextual,2025-12-25,51,72,False,11031.703032484338,15098.784447249602,11095.330269230428,0.9942654039850854
holdout_rmse_v1,catboost_contextual,2025-12-26,50,68,False,4423.5054785089815,11332.279815071359,7346.620268670262,0.6021143487397962
holdout_rmse_v1,catboost_contextual,2025-12-27,54,68,False,1991.5865933038335,4080.5158673144224,7411.580496026182,0.268712806178338
holdout_rmse_v1,catboost_contextual,2025-12-28,50,88,False,9542.195782982059,12152.515285005105,11889.188213940359,0.802594391751121
holdout_rmse_v1,catboost_contextual,2025-12-29,51,88,False,11098.4066461271,16964.41443708402,12388.222994463616,0.8958836671802772
holdout_rmse_v1,catboost_contextual,2025-12-30,51,67,False,8812.372289333387,13471.703946420663,31559.10942606037,0.2792338709677418
holdout_rmse_v1,catboost_contextual,2025-12-31,49,66,False,3244.9890740505616,12567.555346550642,22576.10161322132,0.1437355806438339
holdout_rmse_v1,xgboost_contextual,2025-11-03,54,86,False,11102.95281219261,16449.168112827465,13361.719716678786,0.830952380952381
holdout_rmse_v1,xgboost_contextual,2025-11-04,50,71,False,6623.783045616314,11923.204184509814,7323.682649823298,0.9044333789881146
holdout_rmse_v1,xgboost_contextual,2025-11-05,3,21,False,5312.874268298468,4040.5688285827637,5662.824070401962,0.938202247191011
holdout_rmse_v1,xgboost_contextual,2025-11-06,53,68,False,303.47010566047226,5246.800720691681,922.5949328182957,0.3289310344827576
holdout_rmse_v1,xgboost_contextual,2025-11-07,59,74,False,3869.830808430022,2787.3706243117335,6793.7950222018635,0.5696125355244841
holdout_rmse_v1,xgboost_contextual,2025-11-08,58,74,False,7140.681172856032,4797.837279736996,8037.637510627493,0.8884054752922745
holdout_rmse_v1,xgboost_contextual,2025-11-09,55,71,False,12553.211600708064,14634.52473282814,12573.171464875311,0.9984125036214604
holdout_rmse_v1,xgboost_contextual,2025-11-10,53,73,False,10227.057089784106,12644.247939810157,11155.171685390125,0.9167996135082738
holdout_rmse_v1,xgboost_contextual,2025-11-11,54,68,False,7350.822847657341,3572.4743097089236,7485.846206756217,0.9819628462341354
holdout_rmse_v1,xgboost_contextual,2025-11-12,37,71,False,10121.23226962801,13403.349459171295,10483.503486127383,0.9654436880782498
holdout_rmse_v1,xgboost_contextual,2025-11-13,55,68,False,9537.757783219018,4216.658128483687,9537.757783219018,1.0
holdout_rmse_v1,xgboost_contextual,2025-11-14,59,72,False,2738.175863835098,4098.74048322672,3791.572488594169,0.7221742092686069
holdout_rmse_v1,xgboost_contextual,2025-11-15,54,77,False,8345.596517840402,7810.7598018832505,8345.596517840402,1.0
holdout_rmse_v1,xgboost_contextual,2025-11-16,58,88,False,7319.7663934015745,5673.773331567645,9645.889090707162,0.758848284960422
holdout_rmse_v1,xgboost_contextual,2025-11-17,56,88,False,3815.0827525718496,3637.899044901132,7342.5831204987235,0.5195831889081456
holdout_rmse_v1,xgboost_contextual,2025-11-18,54,69,False,9092.720257160334,14168.001586571336,10104.393321423157,0.8998779014156257
holdout_rmse_v1,xgboost_contextual,2025-11-19,53,88,False,8716.931434214255,10367.7559637581,10200.934927737997,0.8545227957989914
holdout_rmse_v1,xgboost_contextual,2025-11-20,54,69,False,8526.049723975988,8548.111212905496,8685.117815841211,0.9816849816849818
holdout_rmse_v1,xgboost_contextual,2025-11-21,54,68,False,6683.354046019838,10635.586820542812,7103.440151188545,0.9408615971659283
holdout_rmse_v1,xgboost_contextual,2025-11-22,54,88,False,2126.702211895992,2983.8953558355565,6264.524578776868,0.3394834173212271
holdout_rmse_v1,xgboost_contextual,2025-11-23,54,73,False,5747.464202083447,8201.234254986048,6269.694291762487,0.9167056533577437
holdout_rmse_v1,xgboost_contextual,2025-11-24,55,75,False,7005.237873994631,11843.554254621267,10017.17946801529,0.6993223887384921
holdout_rmse_v1,xgboost_contextual,2025-11-25,56,68,False,67.96979565401018,3174.2681916803126,1565.2300239538,0.04342479674796758
holdout_rmse_v1,xgboost_contextual,2025-11-26,56,86,False,6342.47748787634,3405.5610150098805,7918.575043866373,0.8009619726707197
holdout_rmse_v1,xgboost_contextual,2025-11-27,53,72,False,2444.567979870268,4221.01085819304,3235.7981197025892,0.7554760493200839
holdout_rmse_v1,xgboost_contextual,2025-11-28,56,72,False,3017.814387972324,3393.9473042264585,6405.093051558167,0.47115855518104927
holdout_rmse_v1,xgboost_contextual,2025-11-29,52,82,False,2860.0442917367204,3042.8142203018074,5801.283300285127,0.4930020038145961
holdout_rmse_v1,xgboost_contextual,2025-11-30,54,88,False,10816.630246835208,11257.031195098534,10816.630246835208,1.0
holdout_rmse_v1,xgboost_contextual,2025-12-01,51,67,False,-655.5768710896573,8991.73128604889,7602.92350373086,-0.08622694556481551
holdout_rmse_v1,xgboost_contextual,2025-12-02,54,79,False,6986.270594720622,4647.916041314602,7113.5250682128,0.9821109123434707
holdout_rmse_v1,xgboost_contextual,2025-12-03,54,73,False,8650.12283563086,6394.625186920166,9007.2147950591,0.9603548968739901
holdout_rmse_v1,xgboost_contextual,2025-12-04,0,26,False,445.3906572226281,5203.006267547607,11898.293271518727,0.03743315508021407
holdout_rmse_v1,xgboost_contextual,2025-12-05,53,81,False,3360.8956298690755,1976.662371307611,4598.152699291483,0.7309230140153776
holdout_rmse_v1,xgboost_contextual,2025-12-06,46,73,False,28.632256535740197,4248.246914707124,1382.2635419667454,0.020714035830678833
holdout_rmse_v1,xgboost_contextual,2025-12-07,47,69,False,10021.28978750909,11237.43476474192,15016.027872077113,0.6673728813559321
holdout_rmse_v1,xgboost_contextual,2025-12-08,48,74,False,5726.702634733197,7875.425685197115,7915.851798133639,0.7234474293825727
holdout_rmse_v1,xgboost_contextual,2025-12-09,51,69,False,10212.171497747358,13544.441348873079,10593.934918223893,0.9639639639639642
holdout_rmse_v1,xgboost_contextual,2025-12-10,50,85,False,4094.027739828541,18012.81114667654,7441.205337455161,0.5501834117144078
holdout_rmse_v1,xgboost_contextual,2025-12-11,54,64,False,3698.3363172282875,4101.525783538818,25769.030882166222,0.1435186419753087
holdout_rmse_v1,xgboost_contextual,2025-12-12,54,69,False,-9666.342065959192,6169.950857758522,9467.73282781811,-1.02097748655914
holdout_rmse_v1,xgboost_contextual,2025-12-13,56,69,False,3694.1210127938575,8078.30024138093,4825.562806145682,0.7655316408044972
holdout_rmse_v1,xgboost_contextual,2025-12-14,54,71,False,345.4386310181945,11584.657394560054,3981.935636852956,0.08675143511139348
holdout_rmse_v1,xgboost_contextual,2025-12-15,48,75,False,11961.920508264817,16686.096203047782,11961.920508264817,1.0
holdout_rmse_v1,xgboost_contextual,2025-12-16,53,68,False,9257.762946556015,8942.093253135681,9575.899130286462,0.9667774086378739
holdout_rmse_v1,xgboost_contextual,2025-12-17,47,71,False,6396.239321564947,4744.732618331909,7365.352127168311,0.8684227462759544
holdout_rmse_v1,xgboost_contextual,2025-12-18,56,68,False,-1025.3338319922075,2871.6950136295054,4304.280762294158,-0.23821258152447056
holdout_rmse_v1,xgboost_contextual,2025-12-19,47,68,False,8821.461440102566,9694.511577486992,8844.185907706433,0.9974305755395683
holdout_rmse_v1,xgboost_contextual,2025-12-20,56,73,False,9191.880124267276,8919.216424692422,9255.507361013364,0.9931254728385714
holdout_rmse_v1,xgboost_contextual,2025-12-21,55,70,False,6909.917910625314,7020.724896341562,7005.358765744449,0.986376021798365
holdout_rmse_v1,xgboost_contextual,2025-12-22,49,68,False,1620.9483951723505,2835.637326817959,4748.357517077977,0.341370334761533
holdout_rmse_v1,xgboost_contextual,2025-12-23,52,69,False,10012.331072575238,13451.869770884514,10434.86682635867,0.9595073170731706
holdout_rmse_v1,xgboost_contextual,2025-12-24,52,73,False,8277.903500666238,11547.541168285534,9825.502417317695,0.8424916252706045
holdout_rmse_v1,xgboost_contextual,2025-12-25,54,73,False,10650.152763250899,12860.09830236435,11095.330269230428,0.959877038792248
holdout_rmse_v1,xgboost_contextual,2025-12-26,51,68,False,4358.678868350227,12043.913081288338,7346.620268670262,0.5932903442604566
holdout_rmse_v1,xgboost_contextual,2025-12-27,49,69,False,2349.228928329928,3924.9573562410665,7411.580496026182,0.3169673363986937
holdout_rmse_v1,xgboost_contextual,2025-12-28,56,68,False,11706.418976387218,13203.411169350147,11889.188213940359,0.9846272735981386
holdout_rmse_v1,xgboost_contextual,2025-12-29,52,88,False,11102.952812192609,17074.126683175564,12388.222994463616,0.8962506420133538
holdout_rmse_v1,xgboost_contextual,2025-12-30,53,70,False,3213.1754556775177,13686.739325523376,31559.10942606037,0.10181451612903226
holdout_rmse_v1,xgboost_contextual,2025-12-31,52,66,False,2672.343943335754,10665.515422821045,22576.10161322132,0.11837047817727486
holdout_rmse_v1,lgb_baseline,2025-11-03,55,88,False,13361.719716678786,18144.335909711364,13361.719716678786,1.0
holdout_rmse_v1,lgb_baseline,2025-11-04,49,67,False,6878.291992600669,12043.296316214837,7323.682649823298,0.9391848775378907
holdout_rmse_v1,lgb_baseline,2025-11-05,1,31,False,3227.9624254973064,5972.052368244096,5662.824070401962,0.5700269662921345
holdout_rmse_v1,lgb_baseline,2025-11-06,51,83,False,-2285.127668670081,1603.2468264335166,922.5949328182957,-2.4768482758620736
holdout_rmse_v1,lgb_baseline,2025-11-07,58,83,False,4451.612810341565,5159.75062780501,6793.7950222018635,0.655246853311568
holdout_rmse_v1,lgb_baseline,2025-11-08,56,88,False,7835.09929061734,5825.91978068086,8037.637510627493,0.9748012746603273
holdout_rmse_v1,lgb_baseline,2025-11-09,55,67,False,11334.988619158248,12620.98968750588,12573.171464875311,0.9015218356660387
holdout_rmse_v1,lgb_baseline,2025-11-10,52,77,False,10272.995954714781,10855.498659626763,11155.171685390125,0.9209177809579815
holdout_rmse_v1,lgb_baseline,2025-11-11,57,83,False,4973.317975317451,5361.508076228403,7485.846206756217,0.6643628305947391
holdout_rmse_v1,lgb_baseline,2025-11-12,49,71,False,10139.003356851192,11646.784981775898,10483.503486127383,0.9671388358164748
holdout_rmse_v1,lgb_baseline,2025-11-13,56,73,False,9261.017479715578,5062.797625912167,9537.757783219018,0.9709847628978013
holdout_rmse_v1,lgb_baseline,2025-11-14,58,83,False,2313.2509073118513,4812.3719708106955,3791.572488594169,0.6101033052303725
holdout_rmse_v1,lgb_baseline,2025-11-15,54,85,False,7954.3876340689085,6685.58234363722,8345.596517840402,0.9531239159555335
holdout_rmse_v1,lgb_baseline,2025-11-16,59,82,False,9219.58660450836,6331.373168351587,9645.889090707162,0.9558047493403692
holdout_rmse_v1,lgb_baseline,2025-11-17,57,84,False,6960.819700022187,6157.474726197208,7342.5831204987235,0.9480069324090122
holdout_rmse_v1,lgb_baseline,2025-11-18,51,67,False,10104.393321423157,10512.37492981603,10104.393321423157,1.0
holdout_rmse_v1,lgb_baseline,2025-11-19,52,84,False,8282.793253810174,9352.865914514137,10200.934927737997,0.811964130002233
holdout_rmse_v1,lgb_baseline,2025-11-20,55,78,False,6392.437594169369,7084.746943674539,8685.117815841211,0.7360219780219779
holdout_rmse_v1,lgb_baseline,2025-11-21,52,67,False,7103.440151188545,6624.310200745665,7103.440151188545,1.0
holdout_rmse_v1,lgb_baseline,2025-11-22,54,88,False,2126.702211895992,5447.216030368924,6264.524578776868,0.3394834173212271
holdout_rmse_v1,lgb_baseline,2025-11-23,55,85,False,1737.2971602862501,6659.800457351429,6269.694291762487,0.2770943971811861
holdout_rmse_v1,lgb_baseline,2025-11-24,56,81,False,4894.496554436396,7766.054373010171,10017.17946801529,0.4886102490291257
holdout_rmse_v1,lgb_baseline,2025-11-25,52,85,False,29.185813495431255,5851.732127462031,1565.2300239538,0.018646341463414658
holdout_rmse_v1,lgb_baseline,2025-11-26,56,84,False,7142.682249451696,7449.862049195482,7918.575043866373,0.9020161089442887
holdout_rmse_v1,lgb_baseline,2025-11-27,56,83,False,2081.762294582229,5365.84481540928,3235.7981197025892,0.6433535769448958
holdout_rmse_v1,lgb_baseline,2025-11-28,56,88,False,4083.7742106269097,4925.275254701912,6405.093051558167,0.6375823392032455
holdout_rmse_v1,lgb_baseline,2025-11-29,56,88,False,556.617429778465,5738.222452353414,5801.283300285127,0.09594729320512718
holdout_rmse_v1,lgb_baseline,2025-11-30,54,77,False,9035.067617944702,10556.764727464173,10816.630246835208,0.8352941176470587
holdout_rmse_v1,lgb_baseline,2025-12-01,52,88,False,3658.3497802952056,5718.517956215779,7602.92350373086,0.48117671820583263
holdout_rmse_v1,lgb_baseline,2025-12-02,50,88,False,6215.23573983151,7552.195791972682,7113.5250682128,0.8737209302325583
holdout_rmse_v1,lgb_baseline,2025-12-03,50,85,False,7684.503165324859,7856.129936510478,9007.2147950591,0.853149762736888
holdout_rmse_v1,lgb_baseline,2025-12-04,49,63,False,11210.775527582533,8167.617599103791,11898.293271518727,0.9422171122994653
holdout_rmse_v1,lgb_baseline,2025-12-05,56,88,False,4130.9251744176,5193.540102300761,4598.152699291483,0.8983879928681192
holdout_rmse_v1,lgb_baseline,2025-12-06,56,80,False,118.74751193922673,4190.2093289630375,1382.2635419667454,0.0859080112684355
holdout_rmse_v1,lgb_baseline,2025-12-07,54,67,False,10148.544261001269,11515.680021371722,15016.027872077113,0.6758474576271186
holdout_rmse_v1,lgb_baseline,2025-12-08,54,84,False,6967.63735843953,7774.555159996586,7915.851798133639,0.8802132147145965
holdout_rmse_v1,lgb_baseline,2025-12-09,51,68,False,10466.680444731715,14384.686435900801,10593.934918223893,0.9879879879879881
holdout_rmse_v1,lgb_baseline,2025-12-10,50,88,False,4094.027739828541,17902.891289134597,7441.205337455161,0.5501834117144078
holdout_rmse_v1,lgb_baseline,2025-12-11,52,62,False,3660.0486275163266,2923.7854236703242,25769.030882166222,0.14203283950617285
holdout_rmse_v1,lgb_baseline,2025-12-12,54,86,False,-12064.46852572849,5024.475327944443,9467.73282781811,-1.2742721774193548
holdout_rmse_v1,lgb_baseline,2025-12-13,49,86,False,1374.9527724646198,6776.925857494591,4825.562806145682,0.28493106974248145
holdout_rmse_v1,lgb_baseline,2025-12-14,55,68,False,2664.708674926226,7760.395968757894,3981.935636852956,0.6691993336768813
holdout_rmse_v1,lgb_baseline,2025-12-15,49,84,False,11802.852416399592,15494.05733215419,11961.920508264817,0.9867021276595743
holdout_rmse_v1,lgb_baseline,2025-12-16,50,63,False,8557.86334234903,7321.424045469025,9575.899130286462,0.893687707641196
holdout_rmse_v1,lgb_baseline,2025-12-17,54,85,False,2304.059952963879,6529.760149238014,7365.352127168311,0.3128241410841683
holdout_rmse_v1,lgb_baseline,2025-12-18,57,85,False,-2655.053241750007,5038.11019193983,4304.280762294158,-0.6168401617776621
holdout_rmse_v1,lgb_baseline,2025-12-19,49,88,False,5512.845129305916,8750.768241111302,8844.185907706433,0.6233298561151079
holdout_rmse_v1,lgb_baseline,2025-12-20,56,70,False,9223.69374264032,9131.70081942171,9255.507361013364,0.9965627364192857
holdout_rmse_v1,lgb_baseline,2025-12-21,48,72,False,7005.358765744449,8104.686477602794,7005.358765744449,1.0
holdout_rmse_v1,lgb_baseline,2025-12-22,50,88,False,60.71629066495565,5223.263374475601,4748.357517077977,0.01278679847643801
holdout_rmse_v1,lgb_baseline,2025-12-23,50,66,False,10307.61235286649,13140.222117111141,10434.86682635867,0.9878048780487805
holdout_rmse_v1,lgb_baseline,2025-12-24,52,75,False,8058.854012720475,10859.337482885663,9825.502417317695,0.8201976520321792
holdout_rmse_v1,lgb_baseline,2025-12-25,51,72,False,11031.703032484338,13279.476275081042,11095.330269230428,0.9942654039850854
holdout_rmse_v1,lgb_baseline,2025-12-26,50,88,False,2708.3474152485314,11654.87874516981,7346.620268670262,0.36865215789065714
holdout_rmse_v1,lgb_baseline,2025-12-27,50,85,False,4667.888150765198,6134.36199690853,7411.580496026182,0.6298100861574597
holdout_rmse_v1,lgb_baseline,2025-12-28,50,83,False,9232.986500567087,11630.104982379315,11889.188213940359,0.7765867891418515
holdout_rmse_v1,lgb_baseline,2025-12-29,50,87,False,11098.158499903793,13928.660567756848,12388.222994463616,0.8958636363636365
holdout_rmse_v1,lgb_baseline,2025-12-30,50,67,False,9098.694854690792,14374.769736358288,31559.10942606037,0.2883064516129032
holdout_rmse_v1,lgb_baseline,2025-12-31,54,69,False,3563.1252577810064,10811.758656917233,22576.10161322132,0.15782730423636654
holdout_rmse_v1,lstm_contextual,2025-11-03,14,81,False,1551.820583809562,17494.899287819862,13361.719716678786,0.1161392857142857
holdout_rmse_v1,lstm_contextual,2025-11-04,51,70,False,7005.546466092851,8030.839204788208,7323.682649823298,0.9565606268127794
holdout_rmse_v1,lstm_contextual,2025-11-05,0,27,False,2691.902955911505,9079.823732376099,5662.824070401962,0.47536404494382023
holdout_rmse_v1,lstm_contextual,2025-11-06,51,69,False,72.9518082912275,3326.4487087726598,922.5949328182957,0.07907241379310209
holdout_rmse_v1,lstm_contextual,2025-11-07,28,72,False,6606.73094616836,1042.3802435398102,6793.7950222018635,0.9724654518686264
holdout_rmse_v1,lstm_contextual,2025-11-08,9,88,False,6561.695587999478,2846.3988006114955,8037.637510627493,0.8163711761476553
holdout_rmse_v1,lstm_contextual,2025-11-09,1,72,False,6144.679497003771,12244.57137286663,12573.171464875311,0.4887135687419584
holdout_rmse_v1,lstm_contextual,2025-11-10,14,74,False,9536.879727351923,10862.90392279625,11155.171685390125,0.8549289958344907
holdout_rmse_v1,lstm_contextual,2025-11-11,60,69,False,5799.940765589784,932.2591945528986,7485.846206756217,0.7747875931989027
holdout_rmse_v1,lstm_contextual,2025-11-12,17,76,False,9169.171563472597,13191.60732626915,10483.503486127383,0.8746285605385626
holdout_rmse_v1,lstm_contextual,2025-11-13,58,70,False,8600.751281277733,1969.6370586752896,9537.757783219018,0.9017581990192832
holdout_rmse_v1,lstm_contextual,2025-11-14,24,70,False,2215.1122573546836,1723.9070385694502,3791.572488594169,0.5842199414670819
holdout_rmse_v1,lstm_contextual,2025-11-15,8,88,False,6889.582645761264,6562.759503722191,8345.596517840402,0.8255350748186048
holdout_rmse_v1,lstm_contextual,2025-11-16,61,88,False,6568.964999797719,2009.561657905579,9645.889090707162,0.6810118733509234
holdout_rmse_v1,lstm_contextual,2025-11-17,0,23,False,636.2723674608955,2396.3864743709564,7342.5831204987235,0.08665511265164656
holdout_rmse_v1,lstm_contextual,2025-11-18,2,72,False,6830.192982982465,9309.633553028107,10104.393321423157,0.6759626991658381
holdout_rmse_v1,lstm_contextual,2025-11-19,26,87,False,7077.365709569999,8637.288972735405,10200.934927737997,0.6937957902589392
holdout_rmse_v1,lstm_contextual,2025-11-20,56,70,False,8685.117815841211,4242.001533508301,8685.117815841211,1.0
holdout_rmse_v1,lstm_contextual,2025-11-21,52,69,False,6371.688752266469,5517.596781253815,7103.440151188545,0.8969863357264101
holdout_rmse_v1,lstm_contextual,2025-11-22,6,73,False,4780.050243701205,1178.4573346376412,6264.524578776868,0.7630347975479564
holdout_rmse_v1,lstm_contextual,2025-11-23,7,72,False,4051.0061837026738,2913.363635540009,6269.694291762487,0.6461249935304081
holdout_rmse_v1,lstm_contextual,2025-11-24,3,73,False,7308.854322299621,5927.5951981544495,10017.17946801529,0.7296319633322621
holdout_rmse_v1,lstm_contextual,2025-11-25,12,47,False,0.0,1182.1935474872587,1565.2300239538,0.0
holdout_rmse_v1,lstm_contextual,2025-11-26,8,88,False,4878.472034861892,2719.0595567226414,7918.575043866373,0.6160795355018697
holdout_rmse_v1,lstm_contextual,2025-11-27,11,72,False,2312.547826345807,1883.1439316272738,3235.7981197025892,0.7146761759532636
holdout_rmse_v1,lstm_contextual,2025-11-28,8,46,False,-3713.61639813286,1053.973138332367,6405.093051558167,-0.5797911705950077
holdout_rmse_v1,lstm_contextual,2025-11-29,1,25,False,2798.3067839219902,2382.033467292786,5801.283300285127,0.48235996055983965
holdout_rmse_v1,lstm_contextual,2025-11-30,1,85,False,9940.483196841553,10911.422401666641,10816.630246835208,0.9189999999999997
holdout_rmse_v1,lstm_contextual,2025-12-01,0,25,False,-93.05483374115653,7450.719356536865,7602.92350373086,-0.01223934894195545
holdout_rmse_v1,lstm_contextual,2025-12-02,60,88,False,5938.457259986021,1050.935260951519,7113.5250682128,0.8348121645796066
holdout_rmse_v1,lstm_contextual,2025-12-03,2,88,False,3962.3257224878116,3463.1744846701627,9007.2147950591,0.43990576583799706
holdout_rmse_v1,lstm_contextual,2025-12-04,0,28,False,477.2042755956711,9991.857677698135,11898.293271518727,0.040106951871657776
holdout_rmse_v1,lstm_contextual,2025-12-05,15,48,False,-2464.1747128735756,1062.4529868364336,4598.152699291483,-0.535905367660642
holdout_rmse_v1,lstm_contextual,2025-12-06,24,72,False,-58.05030944529488,1176.338888704776,1382.2635419667454,-0.04199655686693316
holdout_rmse_v1,lstm_contextual,2025-12-07,1,75,False,7076.532192768625,12884.285390377045,15016.027872077113,0.4712652542372881
holdout_rmse_v1,lstm_contextual,2025-12-08,31,73,False,4935.625200269067,3022.7412134408955,7915.851798133639,0.623511572239486
holdout_rmse_v1,lstm_contextual,2025-12-09,54,73,False,9862.221695643866,8102.743521332741,10593.934918223893,0.930930930930931
holdout_rmse_v1,lstm_contextual,2025-12-10,48,81,False,2860.5310400978274,15377.903372049332,7441.205337455161,0.38441769987173996
holdout_rmse_v1,lstm_contextual,2025-12-11,48,69,False,6984.88670232139,7184.329450130463,25769.030882166222,0.2710574074074073
holdout_rmse_v1,lstm_contextual,2025-12-12,54,72,False,-10865.899997609542,2052.4383485317235,9467.73282781811,-1.1476770833333334
holdout_rmse_v1,lstm_contextual,2025-12-13,33,70,False,1770.6728273214108,3240.753673017025,4825.562806145682,0.36693602351757576
holdout_rmse_v1,lstm_contextual,2025-12-14,32,71,False,-133.24497783182298,4464.472070336342,3981.935636852956,-0.033462363529594995
holdout_rmse_v1,lstm_contextual,2025-12-15,7,77,False,8454.402274038053,15602.995693683624,11961.920508264817,0.7067763297872341
holdout_rmse_v1,lstm_contextual,2025-12-16,48,71,False,9003.253999571656,10212.67455816269,9575.899130286462,0.9401993355481727
holdout_rmse_v1,lstm_contextual,2025-12-17,60,71,False,4360.603592261796,1663.848794996739,7365.352127168311,0.5920427858672219
holdout_rmse_v1,lstm_contextual,2025-12-18,29,47,False,-493.11108478219313,1203.7389427423482,4304.280762294158,-0.1145629460563738
holdout_rmse_v1,lstm_contextual,2025-12-19,1,74,False,7792.946246273054,10846.950441598892,8844.185907706433,0.8811377697841726
holdout_rmse_v1,lstm_contextual,2025-12-20,35,73,False,7601.19920561504,5829.082928597927,9255.507361013364,0.8212622938028545
holdout_rmse_v1,lstm_contextual,2025-12-21,32,70,False,6909.917910625314,1737.6008257269864,7005.358765744449,0.986376021798365
holdout_rmse_v1,lstm_contextual,2025-12-22,0,22,False,1249.4480479829585,737.9872426390652,4748.357517077977,0.26313268187771977
holdout_rmse_v1,lstm_contextual,2025-12-23,1,69,False,9443.048641322463,10284.94243323803,10434.86682635867,0.9049515243902437
holdout_rmse_v1,lstm_contextual,2025-12-24,9,81,False,4925.5052882646,9553.308852016926,9825.502417317695,0.501298058772371
holdout_rmse_v1,lstm_contextual,2025-12-25,34,74,False,5307.882711575738,13245.39540708065,11095.330269230428,0.47838888818799374
holdout_rmse_v1,lstm_contextual,2025-12-26,40,75,False,2959.0514534754743,10749.515920877457,7346.620268670262,0.40277724249535257
holdout_rmse_v1,lstm_contextual,2025-12-27,0,12,False,-378.082584830775,2920.9182262420654,7411.580496026182,-0.05101241024549204
holdout_rmse_v1,lstm_contextual,2025-12-28,12,76,False,9180.669005152617,11355.276957154274,11889.188213940359,0.7721863629333466
holdout_rmse_v1,lstm_contextual,2025-12-29,42,81,False,7085.901303379486,13592.9693877697,12388.222994463616,0.5719869029275809
holdout_rmse_v1,lstm_contextual,2025-12-30,48,76,False,9544.08551191342,12333.117485046387,31559.10942606037,0.3024193548387097
holdout_rmse_v1,lstm_contextual,2025-12-31,48,70,False,4135.770388495814,10677.750587463379,22576.10161322132,0.18319240670292555
holdout_rmse_v1,dlinear_prevday,2025-11-03,51,69,False,5026.580335197603,5092.663526535034,13361.719716678786,0.376192619047619
holdout_rmse_v1,dlinear_prevday,2025-11-04,57,73,False,3563.12525778101,9318.968281149864,7323.682649823298,0.4865209796968714
holdout_rmse_v1,dlinear_prevday,2025-11-05,49,72,False,52.67062657841315,6449.902653694153,5662.824070401962,0.00930112359550567
holdout_rmse_v1,dlinear_prevday,2025-11-06,38,72,False,-1883.1880514213574,4724.133253097534,922.5949328182957,-2.0411862068965534
holdout_rmse_v1,dlinear_prevday,2025-11-07,0,72,False,4781.214622133658,4704.882442951202,6793.7950222018635,0.7037619778796432
holdout_rmse_v1,dlinear_prevday,2025-11-08,61,75,False,5904.569393695053,5251.482635736465,8037.637510627493,0.7346150390444875
holdout_rmse_v1,dlinear_prevday,2025-11-09,54,75,False,11672.68699682628,7113.425374031067,12573.171464875311,0.9283804829541501
holdout_rmse_v1,dlinear_prevday,2025-11-10,53,83,False,9803.14698768696,8491.552203893661,11155.171685390125,0.8787983963103045
holdout_rmse_v1,dlinear_prevday,2025-11-11,54,68,False,7350.822847657341,6986.430928111076,7485.846206756217,0.9819628462341354
holdout_rmse_v1,dlinear_prevday,2025-11-12,56,72,False,9725.124088627068,7392.4320936203,10483.503486127383,0.9276597371762346
holdout_rmse_v1,dlinear_prevday,2025-11-13,54,71,False,9324.644716461667,8201.978594064713,9537.757783219018,0.9776558524968723
holdout_rmse_v1,dlinear_prevday,2025-11-14,38,70,False,3629.0907954775175,8783.054411411285,3791.572488594169,0.9571466209322307
holdout_rmse_v1,dlinear_prevday,2025-11-15,56,84,False,7923.366174793352,5914.5901799201965,8345.596517840402,0.9494068108679293
holdout_rmse_v1,dlinear_prevday,2025-11-16,54,73,False,8914.175868127131,7353.265106678009,9645.889090707162,0.9241424802110816
holdout_rmse_v1,dlinear_prevday,2025-11-17,54,73,False,7310.769502125679,8422.958225011826,7342.5831204987235,0.9956672443674177
holdout_rmse_v1,dlinear_prevday,2025-11-18,41,73,False,8082.011145534214,8986.69658601284,10104.393321423157,0.7998512021893365
holdout_rmse_v1,dlinear_prevday,2025-11-19,54,84,False,8282.793253810174,7809.283912181854,10200.934927737997,0.811964130002233
holdout_rmse_v1,dlinear_prevday,2025-11-20,54,84,False,2861.9308393062424,8239.738404750824,8685.117815841211,0.3295212454212454
holdout_rmse_v1,dlinear_prevday,2025-11-21,0,71,False,4955.553250817942,7646.387457847595,7103.440151188545,0.6976272264346143
holdout_rmse_v1,dlinear_prevday,2025-11-22,37,72,False,6106.283640989343,8350.339844822884,6264.524578776868,0.9747401521380221
holdout_rmse_v1,dlinear_prevday,2025-11-23,54,74,False,6129.714370921091,6430.367976427078,6269.694291762487,0.9776735651967416
holdout_rmse_v1,dlinear_prevday,2025-11-24,57,74,False,7098.047742874314,5084.328383207321,10017.17946801529,0.7085874587291041
holdout_rmse_v1,dlinear_prevday,2025-11-25,56,83,False,216.16081139748977,6297.168701887131,1565.2300239538,0.13810162601626028
holdout_rmse_v1,dlinear_prevday,2025-11-26,0,86,False,6342.47748787634,5357.778757810593,7918.575043866373,0.8009619726707197
holdout_rmse_v1,dlinear_prevday,2025-11-27,57,74,False,1935.521453645017,7706.537127494812,3235.7981197025892,0.5981589030105857
holdout_rmse_v1,dlinear_prevday,2025-11-28,55,74,False,4160.8172502409125,6547.74671792984,6405.093051558167,0.6496107420685654
holdout_rmse_v1,dlinear_prevday,2025-11-29,54,75,False,4428.557481106619,6454.772844910622,5801.283300285127,0.763375489848765
holdout_rmse_v1,dlinear_prevday,2025-11-30,56,73,False,8844.185907706433,6583.1079185009,10816.630246835208,0.8176470588235293
holdout_rmse_v1,dlinear_prevday,2025-12-01,54,71,False,3507.527778312273,8439.410716295242,7602.92350373086,0.4613393488164231
holdout_rmse_v1,dlinear_prevday,2025-12-02,53,75,False,7113.5250682128,7905.811607837677,7113.5250682128,1.0
holdout_rmse_v1,dlinear_prevday,2025-12-03,56,72,False,8637.397388281643,8770.361229777336,9007.2147950591,0.9589420908469596
holdout_rmse_v1,dlinear_prevday,2025-12-04,52,71,False,8851.569848530817,8735.184460878372,11898.293271518727,0.7439360962566844
holdout_rmse_v1,dlinear_prevday,2025-12-05,48,70,False,4405.96663069992,5150.12601017952,4598.152699291483,0.9582036349899434
holdout_rmse_v1,dlinear_prevday,2025-12-06,57,82,False,230.41013106677633,5804.1121661663055,1382.2635419667454,0.1666904494485463
holdout_rmse_v1,dlinear_prevday,2025-12-07,59,83,False,12311.870310368307,5440.938368439674,15016.027872077113,0.819915254237288
holdout_rmse_v1,dlinear_prevday,2025-12-08,54,68,False,7292.101270864375,9257.974863052368,7915.851798133639,0.9212023490110908
holdout_rmse_v1,dlinear_prevday,2025-12-09,39,82,False,8366.981632110763,8615.159139037132,10593.934918223893,0.7897897897897899
holdout_rmse_v1,dlinear_prevday,2025-12-10,41,88,False,827.154077699161,9238.584488630295,7441.205337455161,0.11115861479264619
holdout_rmse_v1,dlinear_prevday,2025-12-11,36,73,False,-92.42492409737046,6609.279304742813,25769.030882166222,-0.0035866666666667033
holdout_rmse_v1,dlinear_prevday,2025-12-12,53,77,False,-13024.18995118813,10847.117364406586,9467.73282781811,-1.3756397849462365
holdout_rmse_v1,dlinear_prevday,2025-12-13,0,19,False,-1017.3645205897599,10640.288084745407,4825.562806145682,-0.21082815859200446
holdout_rmse_v1,dlinear_prevday,2025-12-14,56,84,False,392.46870305906657,5915.85510969162,3981.935636852956,0.0985622920236969
holdout_rmse_v1,dlinear_prevday,2025-12-15,36,83,False,10689.375773343027,6624.538332223892,11961.920508264817,0.8936170212765956
holdout_rmse_v1,dlinear_prevday,2025-12-16,41,68,False,2565.539263733771,8243.11800301075,9575.899130286462,0.26791627906976745
holdout_rmse_v1,dlinear_prevday,2025-12-17,56,83,False,3234.290154191707,11280.388861894608,7365.352127168311,0.4391222711893837
holdout_rmse_v1,dlinear_prevday,2025-12-18,53,83,False,0.2195139667739987,8036.3840609788895,4304.280762294158,5.099898888960927e-05
holdout_rmse_v1,dlinear_prevday,2025-12-19,20,81,False,7762.5228830229125,5434.194952249527,8844.185907706433,0.8776978417266187
holdout_rmse_v1,dlinear_prevday,2025-12-20,48,88,False,7857.963738142048,6679.173454642296,9255.507361013364,0.849004104436442
holdout_rmse_v1,dlinear_prevday,2025-12-21,37,71,False,6973.545147371404,7696.625530719757,7005.358765744449,0.9954586739327883
holdout_rmse_v1,dlinear_prevday,2025-12-22,49,83,False,1353.7140008387746,7069.038555026054,4748.357517077977,0.28509100167163004
holdout_rmse_v1,dlinear_prevday,2025-12-23,0,72,False,9037.367742553073,9350.783929228783,10434.86682635867,0.8660740853658537
holdout_rmse_v1,dlinear_prevday,2025-12-24,41,69,False,6997.628056479798,7685.88761985302,9825.502417317695,0.7121903551869574
holdout_rmse_v1,dlinear_prevday,2025-12-25,55,71,False,10280.57395861124,10623.859971761703,11095.330269230428,0.926567637839617
holdout_rmse_v1,dlinear_prevday,2025-12-26,54,69,False,2403.8465483527725,8053.9580732584,7346.620268670262,0.32720440970714126
holdout_rmse_v1,dlinear_prevday,2025-12-27,44,71,False,1128.4290436918961,5118.579268455505,7411.580496026182,0.1522521470686203
holdout_rmse_v1,dlinear_prevday,2025-12-28,57,73,False,11173.55359408607,7096.751928329468,11889.188213940359,0.9398079492916774
holdout_rmse_v1,dlinear_prevday,2025-12-29,52,82,False,10792.770033055423,9920.87322473526,12388.222994463616,0.8712121212121212
holdout_rmse_v1,dlinear_prevday,2025-12-30,52,70,False,3531.311639407965,10919.662356376648,31559.10942606037,0.11189516129032258
holdout_rmse_v1,dlinear_prevday,2025-12-31,35,66,False,2206.9997846695555,12287.739902734756,22576.10161322132,0.09775823224400544
holdout_rmse_v1,catboost_full,2025-11-03,50,84,False,8239.727158618585,23404.257314194267,13361.719716678786,0.6166666666666667
holdout_rmse_v1,catboost_full,2025-11-04,54,69,False,6260.773753170687,7937.036125537316,7323.682649823298,0.8548668822128365
holdout_rmse_v1,catboost_full,2025-11-05,0,23,False,5567.383215282827,7271.688301303189,5662.824070401962,0.9831460674157303
holdout_rmse_v1,catboost_full,2025-11-06,51,67,False,517.2989788312182,4033.856670235477,922.5949328182957,0.5606999999999998
holdout_rmse_v1,catboost_full,2025-11-07,0,40,False,1146.467365309413,2243.4163319607655,6793.7950222018635,0.1687521277228414
holdout_rmse_v1,catboost_full,2025-11-08,48,88,False,7845.8522936274285,3966.6361823859884,8037.637510627493,0.9761391059566343
holdout_rmse_v1,catboost_full,2025-11-09,50,70,False,12453.82903827251,18279.027542028784,12573.171464875311,0.9905081683697546
holdout_rmse_v1,catboost_full,2025-11-10,53,74,False,10227.057089784106,10751.30370347501,11155.171685390125,0.9167996135082738
holdout_rmse_v1,catboost_full,2025-11-11,53,68,False,7337.801533657254,2345.2312477889277,7485.846206756217,0.9802233883772088
holdout_rmse_v1,catboost_full,2025-11-12,45,72,False,9937.5277116947,13496.517941936985,10483.503486127383,0.9479204852504545
holdout_rmse_v1,catboost_full,2025-11-13,49,69,False,9330.03394341406,3243.832829211962,9537.757783219018,0.9782208937859135
holdout_rmse_v1,catboost_full,2025-11-14,49,68,False,3738.0619824907076,3886.1765132825276,3791.572488594169,0.985886988508216
holdout_rmse_v1,catboost_full,2025-11-15,44,76,False,8342.077931648344,6546.467122695877,8345.596517840402,0.9995783900905661
holdout_rmse_v1,catboost_full,2025-11-16,65,88,False,2961.300676294447,1947.1886823833984,9645.889090707162,0.3070013192612136
holdout_rmse_v1,catboost_full,2025-11-17,0,21,False,349.9498021034926,3050.1525172829956,7342.5831204987235,0.04766031195840562
holdout_rmse_v1,catboost_full,2025-11-18,49,69,False,9092.720257160334,13093.188832867952,10104.393321423157,0.8998779014156257
holdout_rmse_v1,catboost_full,2025-11-19,49,88,False,8716.931434214255,8202.320568075238,10200.934927737997,0.8545227957989914
holdout_rmse_v1,catboost_full,2025-11-20,56,70,False,8685.117815841211,5270.541314528922,8685.117815841211,1.0
holdout_rmse_v1,catboost_full,2025-11-21,50,68,False,6683.354046019838,6592.51117009566,7103.440151188545,0.9408615971659283
holdout_rmse_v1,catboost_full,2025-11-22,58,88,False,2120.1358810637958,1516.7625390130902,6264.524578776868,0.33843524028087485
holdout_rmse_v1,catboost_full,2025-11-23,44,77,False,6261.817239853322,4580.056286016908,6269.694291762487,0.9987436306233439
holdout_rmse_v1,catboost_full,2025-11-24,51,73,False,7308.854322299621,7251.514327155779,10017.17946801529,0.7296319633322621
holdout_rmse_v1,catboost_full,2025-11-25,48,68,False,67.96979565401018,2087.530561612043,1565.2300239538,0.04342479674796758
holdout_rmse_v1,catboost_full,2025-11-26,0,88,False,4878.472034861892,3673.853653810498,7918.575043866373,0.6160795355018697
holdout_rmse_v1,catboost_full,2025-11-27,58,75,False,2121.456146226277,2843.0657715442717,3235.7981197025892,0.6556206746362983
holdout_rmse_v1,catboost_full,2025-11-28,80,88,False,-2015.1541217945853,2173.6311253482954,6405.093051558167,-0.3146174623184216
holdout_rmse_v1,catboost_full,2025-11-29,0,24,False,3167.3447570493086,4703.550653984659,5801.283300285127,0.5459731223423682
holdout_rmse_v1,catboost_full,2025-11-30,25,78,False,9066.881236317746,14221.404638379401,10816.630246835208,0.8382352941176469
holdout_rmse_v1,catboost_full,2025-12-01,0,23,False,734.0992439580064,12228.641634526366,7602.92350373086,0.09655486387542551
holdout_rmse_v1,catboost_full,2025-12-02,47,88,False,6215.23573983151,1335.9338618614072,7113.5250682128,0.8737209302325583
holdout_rmse_v1,catboost_full,2025-12-03,47,73,False,8650.12283563086,6127.0797171285785,9007.2147950591,0.9603548968739901
holdout_rmse_v1,catboost_full,2025-12-04,47,68,False,11834.666034772637,10770.972223958015,11898.293271518727,0.9946524064171123
holdout_rmse_v1,catboost_full,2025-12-05,80,88,False,1120.5869867629415,858.0845929901453,4598.152699291483,0.24370373496635064
holdout_rmse_v1,catboost_full,2025-12-06,52,71,False,437.4531594385513,3447.692651344047,1382.2635419667454,0.3164759440997219
holdout_rmse_v1,catboost_full,2025-12-07,3,75,False,6924.8066840239,20772.30379255959,15016.027872077113,0.4611610169491525
holdout_rmse_v1,catboost_full,2025-12-08,55,73,False,6172.475055376301,5526.8428375204985,7915.851798133639,0.7797613210534862
holdout_rmse_v1,catboost_full,2025-12-09,46,71,False,9957.662550763,11826.31708776963,10593.934918223893,0.9399399399399401
holdout_rmse_v1,catboost_full,2025-12-10,52,77,False,5562.945215519786,18880.222044928032,7441.205337455161,0.7475865754595981
holdout_rmse_v1,catboost_full,2025-12-11,51,70,False,6116.374920737272,5381.105071440766,25769.030882166222,0.2373537037037037
holdout_rmse_v1,catboost_full,2025-12-12,0,16,False,-13781.12182905247,2396.3850597161186,9467.73282781811,-1.4555883736559139
holdout_rmse_v1,catboost_full,2025-12-13,57,69,False,3426.8866184602816,4260.5229516286745,4825.562806145682,0.7101527337072286
holdout_rmse_v1,catboost_full,2025-12-14,51,69,False,1623.8338903587862,6323.303542066747,3981.935636852956,0.4078001350223107
holdout_rmse_v1,catboost_full,2025-12-15,48,80,False,11961.920508264817,17003.77942354786,11961.920508264817,1.0
holdout_rmse_v1,catboost_full,2025-12-16,54,69,False,9162.322091436881,11897.087883775006,9575.899130286462,0.956810631229236
holdout_rmse_v1,catboost_full,2025-12-17,48,70,False,6682.561886922351,4020.523769583365,7365.352127168311,0.9072969997283122
holdout_rmse_v1,catboost_full,2025-12-18,57,69,False,-2144.581465421643,1676.3419361552155,4304.280762294158,-0.49824386090432277
holdout_rmse_v1,catboost_full,2025-12-19,0,70,False,8079.284718439643,14953.423364371705,8844.185907706433,0.9135136690647482
holdout_rmse_v1,catboost_full,2025-12-20,55,71,False,9223.693742640322,8359.052777083243,9255.507361013364,0.9965627364192859
holdout_rmse_v1,catboost_full,2025-12-21,57,70,False,6305.459161537464,2352.7894947604955,7005.358765744449,0.9000908265213441
holdout_rmse_v1,catboost_full,2025-12-22,48,88,False,-161.52410320362281,3065.4688775506324,4748.357517077977,-0.03401683690048276
holdout_rmse_v1,catboost_full,2025-12-23,53,69,False,10012.331072575238,11389.139978591438,10434.86682635867,0.9595073170731706
holdout_rmse_v1,catboost_full,2025-12-24,53,74,False,8154.29486783961,10780.952551344133,9825.502417317695,0.8299112372582047
holdout_rmse_v1,catboost_full,2025-12-25,48,72,False,11001.750510786114,17615.775481352954,11095.330269230428,0.9915658429110642
holdout_rmse_v1,catboost_full,2025-12-26,52,74,False,-356.3570648438228,10414.571353431917,7346.620268670262,-0.048506258907039364
holdout_rmse_v1,catboost_full,2025-12-27,0,20,False,-861.4587023908165,3645.233687370258,7411.580496026182,-0.11623144386716154
holdout_rmse_v1,catboost_full,2025-12-28,3,73,False,10530.193152451659,14582.402403992057,11889.188213940359,0.8856948820193421
holdout_rmse_v1,catboost_full,2025-12-29,53,88,False,11101.136254583509,21689.7479284101,12388.222994463616,0.8961040061633282
holdout_rmse_v1,catboost_full,2025-12-30,52,77,False,13266.278861559651,18066.323846213854,31559.10942606037,0.42036290322580644
holdout_rmse_v1,catboost_full,2025-12-31,50,66,False,3244.9890740505616,14794.879034807574,22576.10161322132,0.1437355806438339
holdout_rmse_v1,xgboost_full,2025-11-03,48,88,False,13361.719716678786,23123.835153877735,13361.719716678786,1.0
holdout_rmse_v1,xgboost_full,2025-11-04,54,71,False,5847.196714321106,9249.162673950195,7323.682649823298,0.7983956970694497
holdout_rmse_v1,xgboost_full,2025-11-05,0,25,False,5344.687886671515,9473.538398742676,5662.824070401962,0.9438202247191012
holdout_rmse_v1,xgboost_full,2025-11-06,48,67,False,390.0445053390404,4398.66441488266,922.5949328182957,0.4227689655172422
holdout_rmse_v1,xgboost_full,2025-11-07,16,28,False,-1446.0880231467477,1431.3026070594788,6793.7950222018635,-0.2128542321958474
holdout_rmse_v1,xgboost_full,2025-11-08,54,88,False,7845.92228358785,4007.7394545078278,8037.637510627493,0.9761478137343027
holdout_rmse_v1,xgboost_full,2025-11-09,51,71,False,12560.436473440583,21564.028047025204,12573.171464875311,0.9989871297412665
holdout_rmse_v1,xgboost_full,2025-11-10,48,71,False,10524.530328381261,14007.279083132744,11155.171685390125,0.9434664588950422
holdout_rmse_v1,xgboost_full,2025-11-11,54,68,False,7350.822847657341,1977.8226697817447,7485.846206756217,0.9819628462341354
holdout_rmse_v1,xgboost_full,2025-11-12,0,74,False,8954.7668638093,19189.652059227228,10483.503486127383,0.8541769338522155
holdout_rmse_v1,xgboost_full,2025-11-13,53,69,False,9330.03394341406,3355.9491038322444,9537.757783219018,0.9782208937859135
holdout_rmse_v1,xgboost_full,2025-11-14,0,68,False,2353.0465625346933,3732.6647602021694,3791.572488594169,0.6205991233487272
holdout_rmse_v1,xgboost_full,2025-11-15,0,80,False,6430.489863105367,8547.900453209877,8345.596517840402,0.7705248929011717
holdout_rmse_v1,xgboost_full,2025-11-16,59,88,False,7319.7663934015745,3308.7102631106973,9645.889090707162,0.758848284960422
holdout_rmse_v1,xgboost_full,2025-11-17,0,20,False,222.69532861131404,6105.458378791809,7342.5831204987235,0.030329289428076382
holdout_rmse_v1,xgboost_full,2025-11-18,28,70,False,7555.772539940171,20488.86069096625,10104.393321423157,0.7477710239090313
holdout_rmse_v1,xgboost_full,2025-11-19,54,88,False,8716.931434214255,12969.010155647993,10200.934927737997,0.8545227957989914
holdout_rmse_v1,xgboost_full,2025-11-20,55,71,False,8653.304197468167,8113.217240199447,8685.117815841211,0.9963369963369965
holdout_rmse_v1,xgboost_full,2025-11-21,54,68,False,6683.354046019838,9691.715061664581,7103.440151188545,0.9408615971659283
holdout_rmse_v1,xgboost_full,2025-11-22,52,88,False,2126.702211895992,1782.8335650265221,6264.524578776868,0.3394834173212271
holdout_rmse_v1,xgboost_full,2025-11-23,4,75,False,6254.614636653663,7309.4290643930435,6269.694291762487,0.9975948340689216
holdout_rmse_v1,xgboost_full,2025-11-24,52,71,False,8438.969487765287,8232.737004756927,10017.17946801529,0.8424496650689742
holdout_rmse_v1,xgboost_full,2025-11-25,48,88,False,1.9151798260572672,3279.4678211212163,1565.2300239538,0.001223577235772342
holdout_rmse_v1,xgboost_full,2025-11-26,44,84,False,7142.682249451696,4803.024590015411,7918.575043866373,0.9020161089442887
holdout_rmse_v1,xgboost_full,2025-11-27,48,71,False,2603.254308315015,5120.487943291664,3235.7981197025892,0.8045169111335929
holdout_rmse_v1,xgboost_full,2025-11-28,56,70,False,1947.413384192861,3201.5707343816757,6405.093051558167,0.30404138839467976
holdout_rmse_v1,xgboost_full,2025-11-29,0,25,False,3071.903901930175,5158.34578871727,5801.283300285127,0.5295214425710246
holdout_rmse_v1,xgboost_full,2025-11-30,53,87,False,10625.748536596939,18313.052251935005,10816.630246835208,0.9823529411764705
holdout_rmse_v1,xgboost_full,2025-12-01,53,80,False,2438.5902009779697,7124.264776706696,7602.92350373086,0.3207437507139615
holdout_rmse_v1,xgboost_full,2025-12-02,51,71,False,6566.330832196431,3668.941628187895,7113.5250682128,0.9230769230769232
holdout_rmse_v1,xgboost_full,2025-12-03,48,71,False,8386.06980313459,6379.053354263306,9007.2147950591,0.931039171813107
holdout_rmse_v1,xgboost_full,2025-12-04,53,67,False,8784.761249947422,13164.514064788818,11898.293271518727,0.7383211229946522
holdout_rmse_v1,xgboost_full,2025-12-05,47,75,False,3316.7924107185236,2476.4974415302277,4598.152699291483,0.7213315058522521
holdout_rmse_v1,xgboost_full,2025-12-06,34,73,False,21.81459811839681,3995.373889803887,1382.2635419667454,0.01578179374344059
holdout_rmse_v1,xgboost_full,2025-12-07,52,74,False,11039.32557544652,24012.341484427452,15016.027872077113,0.7351694915254237
holdout_rmse_v1,xgboost_full,2025-12-08,52,71,False,6468.201726324775,8303.67012298666,7915.851798133639,0.8171201143318293
holdout_rmse_v1,xgboost_full,2025-12-09,52,69,False,10212.171497747358,11080.453038215637,10593.934918223893,0.9639639639639642
holdout_rmse_v1,xgboost_full,2025-12-10,54,82,False,6808.11433183157,17243.671000003815,7441.205337455161,0.9149209063702436
holdout_rmse_v1,xgboost_full,2025-12-11,48,72,False,4404.802252267464,3793.723225593567,25769.030882166222,0.17093395061728386
holdout_rmse_v1,xgboost_full,2025-12-12,0,30,False,-9519.633564831893,3768.5580253601074,9467.73282781811,-1.0054818548387094
holdout_rmse_v1,xgboost_full,2025-12-13,48,69,False,3713.209183817685,7617.027312517166,4825.562806145682,0.7694872770257307
holdout_rmse_v1,xgboost_full,2025-12-14,48,70,False,596.4162663631441,8925.258848816156,3981.935636852956,0.14978048887663836
holdout_rmse_v1,xgboost_full,2025-12-15,48,71,False,11961.920508264817,15470.955923199654,11961.920508264817,1.0
holdout_rmse_v1,xgboost_full,2025-12-16,54,72,False,8907.813144452522,9871.085464954376,9575.899130286462,0.9302325581395349
holdout_rmse_v1,xgboost_full,2025-12-17,51,77,False,4466.632019575479,4034.8924696445465,7365.352127168311,0.6064383538567794
holdout_rmse_v1,xgboost_full,2025-12-18,53,66,False,627.9562876181807,1927.1596074104314,4304.280762294158,0.14589110755021553
holdout_rmse_v1,xgboost_full,2025-12-19,0,73,False,7920.216626574421,18085.124876350164,8844.185907706433,0.8955280575539569
holdout_rmse_v1,xgboost_full,2025-12-20,52,73,False,9191.880124267276,11639.983147382736,9255.507361013364,0.9931254728385714
holdout_rmse_v1,xgboost_full,2025-12-21,52,70,False,6909.917910625314,4148.681163787842,7005.358765744449,0.986376021798365
holdout_rmse_v1,xgboost_full,2025-12-22,0,25,False,2434.6803072799266,3458.158254623413,4748.357517077977,0.512741574012348
holdout_rmse_v1,xgboost_full,2025-12-23,53,70,False,10044.144690948284,20287.707291543484,10434.86682635867,0.9625560975609756
holdout_rmse_v1,xgboost_full,2025-12-24,50,76,False,8249.735722958743,15483.645271509886,9825.502417317695,0.8396248224842301
holdout_rmse_v1,xgboost_full,2025-12-25,49,73,False,11024.39226298221,17867.367953062057,11095.330269230428,0.9936064989029716
holdout_rmse_v1,xgboost_full,2025-12-26,53,75,False,-1197.4359633048666,11440.284639596939,7346.620268670262,-0.16299140550537838
holdout_rmse_v1,xgboost_full,2025-12-27,59,68,False,1981.2980691219907,2894.113749265671,7411.580496026182,0.2673246374621837
holdout_rmse_v1,xgboost_full,2025-12-28,54,73,False,11698.306503702092,20943.26674938202,11889.188213940359,0.9839449332617635
holdout_rmse_v1,xgboost_full,2025-12-29,48,88,False,11056.1072591383,20087.11144886911,12388.222994463616,0.8924691833590138
holdout_rmse_v1,xgboost_full,2025-12-30,48,88,False,13043.583532948338,18727.8710603714,31559.10942606037,0.4133064516129032
holdout_rmse_v1,xgboost_full,2025-12-31,50,66,False,3244.9890740505616,12539.753794670105,22576.10161322132,0.1437355806438339
holdout_rmse_v1,dlinear_contextual,2025-11-03,37,83,False,6804.694367856469,22360.51445454359,13361.719716678786,0.5092678571428572
holdout_rmse_v1,dlinear_contextual,2025-11-04,50,68,False,7164.614557958074,6960.483700037003,7323.682649823298,0.9782803134063898
holdout_rmse_v1,dlinear_contextual,2025-11-05,53,68,False,3787.589423573863,5556.398272514343,5662.824070401962,0.6688516853932582
holdout_rmse_v1,dlinear_contextual,2025-11-06,46,62,False,572.6451307148039,2057.2375655174255,922.5949328182957,0.6206896551724135
holdout_rmse_v1,dlinear_contextual,2025-11-07,71,88,False,-2273.0512191356734,1655.3507149219513,6793.7950222018635,-0.3345775390201542
holdout_rmse_v1,dlinear_contextual,2025-11-08,37,86,False,8013.335087552324,11301.969647407532,8037.637510627493,0.9969764221087308
holdout_rmse_v1,dlinear_contextual,2025-11-09,41,73,False,12228.836766414663,14441.352307796478,12573.171464875311,0.9726135367339426
holdout_rmse_v1,dlinear_contextual,2025-11-10,40,82,False,10762.986123534578,14313.261970877647,11155.171685390125,0.9648427139522029
holdout_rmse_v1,dlinear_contextual,2025-11-11,46,65,False,6134.021934848801,3143.9875513315196,7485.846206756217,0.8194159705435371
holdout_rmse_v1,dlinear_contextual,2025-11-12,37,82,False,9607.836821771161,19114.799082279205,10483.503486127383,0.9164719441821167
holdout_rmse_v1,dlinear_contextual,2025-11-13,46,66,False,9300.520449649386,4730.622589588165,9537.757783219018,0.9751265088753843
holdout_rmse_v1,dlinear_contextual,2025-11-14,41,66,False,3791.572488594169,6658.976219594479,3791.572488594169,1.0
holdout_rmse_v1,dlinear_contextual,2025-11-15,41,86,False,8007.6309057780345,11463.212549686432,8345.596517840402,0.959503720154707
holdout_rmse_v1,dlinear_contextual,2025-11-16,41,71,False,8277.903500666238,4972.267359495163,9645.889090707162,0.8581794195250659
holdout_rmse_v1,dlinear_contextual,2025-11-17,44,67,False,4805.364339840636,3301.845163106918,7342.5831204987235,0.654451473136915
holdout_rmse_v1,dlinear_contextual,2025-11-18,41,71,False,8451.437244805684,13739.47137594223,10104.393321423157,0.8364121403396971
holdout_rmse_v1,dlinear_contextual,2025-11-19,41,86,False,8685.117815841211,13869.598269462585,10200.934927737997,0.8514040994639587
holdout_rmse_v1,dlinear_contextual,2025-11-20,54,67,False,8271.540776991627,5306.7197650671005,8685.117815841211,0.9523809523809521
holdout_rmse_v1,dlinear_contextual,2025-11-21,41,67,False,7103.440151188545,5642.594143748283,7103.440151188545,1.0
holdout_rmse_v1,dlinear_contextual,2025-11-22,41,65,False,3120.7091738762624,3947.2581148147583,6264.524578776868,0.49815578734397314
holdout_rmse_v1,dlinear_contextual,2025-11-23,41,88,False,862.7853302769729,7395.328938961029,6269.694291762487,0.13761202542372022
holdout_rmse_v1,dlinear_contextual,2025-11-24,41,80,False,5532.028741184861,9103.185832500458,10017.17946801529,0.5522541309006741
holdout_rmse_v1,dlinear_contextual,2025-11-25,41,88,False,1.9151798260572672,3529.1087925434113,1565.2300239538,0.001223577235772342
holdout_rmse_v1,dlinear_contextual,2025-11-26,53,86,False,6342.47748787634,5151.960477232933,7918.575043866373,0.8009619726707197
holdout_rmse_v1,dlinear_contextual,2025-11-27,41,88,False,1185.0318335012175,5983.551889657974,3235.7981197025892,0.36622551520925445
holdout_rmse_v1,dlinear_contextual,2025-11-28,1,14,False,-1578.1781666316292,1588.276356458664,6405.093051558167,-0.24639426061854103
holdout_rmse_v1,dlinear_contextual,2025-11-29,0,16,False,3294.599230541488,3151.9959792494774,5801.283300285127,0.5679086953708263
holdout_rmse_v1,dlinear_contextual,2025-11-30,40,84,False,10021.28978750909,17152.07475423813,10816.630246835208,0.926470588235294
holdout_rmse_v1,dlinear_contextual,2025-12-01,54,69,False,2712.1873189861567,5633.444428443909,7602.92350373086,0.3567295287997109
holdout_rmse_v1,dlinear_contextual,2025-12-02,54,67,False,4743.410499420968,2505.802422761917,7113.5250682128,0.6668157423971378
holdout_rmse_v1,dlinear_contextual,2025-12-03,43,86,False,7834.027171678168,7385.838747024536,9007.2147950591,0.8697502335544964
holdout_rmse_v1,dlinear_contextual,2025-12-04,48,69,False,11611.970706161324,9070.181548595428,11898.293271518727,0.9759358288770054
holdout_rmse_v1,dlinear_contextual,2025-12-05,73,88,False,654.132532815522,1389.7411823272705,4598.152699291483,0.14225985424892817
holdout_rmse_v1,dlinear_contextual,2025-12-06,41,88,False,1382.2635419667454,7703.841686248779,1382.2635419667454,1.0
holdout_rmse_v1,dlinear_contextual,2025-12-07,40,83,False,15016.027872077111,15872.644297778606,15016.027872077113,0.9999999999999999
holdout_rmse_v1,dlinear_contextual,2025-12-08,46,74,False,5726.702634733197,8307.60532617569,7915.851798133639,0.7234474293825727
holdout_rmse_v1,dlinear_contextual,2025-12-09,51,71,False,9957.662550763,13610.87016761303,10593.934918223893,0.9399399399399401
holdout_rmse_v1,dlinear_contextual,2025-12-10,53,73,False,6199.21758298068,19678.952008485794,7441.205337455161,0.8330932022231722
holdout_rmse_v1,dlinear_contextual,2025-12-11,51,67,False,6984.88670232139,8270.630538463593,25769.030882166222,0.2710574074074073
holdout_rmse_v1,dlinear_contextual,2025-12-12,0,8,False,-1604.7679888678203,842.961311340332,9467.73282781811,-0.16949865591397847
holdout_rmse_v1,dlinear_contextual,2025-12-13,50,69,False,3713.209183817685,7868.902087211609,4825.562806145682,0.7694872770257307
holdout_rmse_v1,dlinear_contextual,2025-12-14,41,69,False,1623.8338903587862,8690.529972314835,3981.935636852956,0.4078001350223107
holdout_rmse_v1,dlinear_contextual,2025-12-15,46,73,False,11961.920508264817,19583.816468715668,11961.920508264817,1.0
holdout_rmse_v1,dlinear_contextual,2025-12-16,51,71,False,9003.253999571656,12606.010973453522,9575.899130286462,0.9401993355481727
holdout_rmse_v1,dlinear_contextual,2025-12-17,47,68,False,6971.299105914267,8303.42011153698,7365.352127168311,0.9464990927181179
holdout_rmse_v1,dlinear_contextual,2025-12-18,41,65,False,812.0076139917562,3237.936832010745,4304.280762294158,0.18865117282892127
holdout_rmse_v1,dlinear_contextual,2025-12-19,46,73,False,8185.189072641673,11940.519198775291,8844.185907706433,0.9254881294964029
holdout_rmse_v1,dlinear_contextual,2025-12-20,50,72,False,9223.693742640322,12459.459900856018,9255.507361013364,0.9965627364192859
holdout_rmse_v1,dlinear_contextual,2025-12-21,46,67,False,5923.6957410609275,6076.737821102142,7005.358765744449,0.8455949137148047
holdout_rmse_v1,dlinear_contextual,2025-12-22,0,12,False,-894.4526060055016,1984.92942750454,4748.357517077977,-0.18837094780426852
holdout_rmse_v1,dlinear_contextual,2025-12-23,48,71,False,9885.076599083062,12427.674368023872,10434.86682635867,0.9473121951219514
holdout_rmse_v1,dlinear_contextual,2025-12-24,51,84,False,9747.692669500904,15015.467267483473,9825.502417317695,0.9920808377513959
holdout_rmse_v1,dlinear_contextual,2025-12-25,47,73,False,10632.171706146455,18294.392462819815,11095.330269230428,0.9582564419584333
holdout_rmse_v1,dlinear_contextual,2025-12-26,46,73,False,3067.60270072614,15197.21582531929,7346.620268670262,0.41755291393077215
holdout_rmse_v1,dlinear_contextual,2025-12-27,54,65,False,1015.6529479212899,3617.0492023229594,7411.580496026182,0.1370359464443307
holdout_rmse_v1,dlinear_contextual,2025-12-28,41,82,False,9222.971573503253,20283.88601541519,11889.188213940359,0.7757444333069854
holdout_rmse_v1,dlinear_contextual,2025-12-29,51,73,False,11871.477572592088,21317.708790302277,12388.222994463616,0.9582873651771957
holdout_rmse_v1,dlinear_contextual,2025-12-30,53,72,False,3117.734600558383,16143.530309200287,31559.10942606037,0.09879032258064516
holdout_rmse_v1,dlinear_contextual,2025-12-31,53,69,False,3372.243547542741,14679.928719997406,22576.10161322132,0.14937227008084702
holdout_rmse_v1,lgb_full,2025-11-03,54,79,False,1081.663024683521,20550.705411566483,13361.719716678786,0.08095238095238096
holdout_rmse_v1,lgb_full,2025-11-04,51,71,False,6782.851137481537,10197.378494289842,7323.682649823298,0.9261530655817248
holdout_rmse_v1,lgb_full,2025-11-05,0,24,False,5503.7559785367375,6160.467504437673,5662.824070401962,0.9719101123595505
holdout_rmse_v1,lgb_full,2025-11-06,48,67,False,390.0445053390404,5212.331996868096,922.5949328182957,0.4227689655172422
holdout_rmse_v1,lgb_full,2025-11-07,60,76,False,4021.664483477214,2967.611152798848,6793.7950222018635,0.5919614104244487
holdout_rmse_v1,lgb_full,2025-11-08,56,88,False,7835.09929061734,5145.499240645408,8037.637510627493,0.9748012746603273
holdout_rmse_v1,lgb_full,2025-11-09,53,71,False,12547.033396020017,22877.84107061195,12573.171464875311,0.9979211236458267
holdout_rmse_v1,lgb_full,2025-11-10,51,73,False,10495.048648234959,14594.173221840005,11155.171685390125,0.9408235878592773
holdout_rmse_v1,lgb_full,2025-11-11,55,71,False,7352.2290095894305,3338.832927501627,7485.846206756217,0.9821506889834054
holdout_rmse_v1,lgb_full,2025-11-12,26,74,False,8954.25784591533,22698.447868683375,10483.503486127383,0.8541283796742497
holdout_rmse_v1,lgb_full,2025-11-13,56,68,False,9537.757783219018,4123.9116517429475,9537.757783219018,1.0
holdout_rmse_v1,lgb_full,2025-11-14,55,69,False,3738.0619824907076,3763.4531068010365,3791.572488594169,0.985886988508216
holdout_rmse_v1,lgb_full,2025-11-15,56,86,False,8000.654179268827,8375.361048703195,8345.596517840402,0.9586677431823847
holdout_rmse_v1,lgb_full,2025-11-16,56,88,False,7319.7663934015745,5476.1020275896935,9645.889090707162,0.758848284960422
holdout_rmse_v1,lgb_full,2025-11-17,0,19,False,95.44085511913458,4306.166194786016,7342.5831204987235,0.01299826689774702
holdout_rmse_v1,lgb_full,2025-11-18,54,70,False,8806.397691802931,18641.79430593383,10104.393321423157,0.871541458420048
holdout_rmse_v1,lgb_full,2025-11-19,54,88,False,8716.931434214255,13708.284589831568,10200.934927737997,0.8545227957989914
holdout_rmse_v1,lgb_full,2025-11-20,54,69,False,8526.049723975988,9453.606394811635,8685.117815841211,0.9816849816849818
holdout_rmse_v1,lgb_full,2025-11-21,53,68,False,6683.354046019838,10342.566634115372,7103.440151188545,0.9408615971659283
holdout_rmse_v1,lgb_full,2025-11-22,60,88,False,2087.6509953430796,3532.181394839066,6264.524578776868,0.3332497093898685
holdout_rmse_v1,lgb_full,2025-11-23,48,73,False,5747.464202083447,8102.126829973294,6269.694291762487,0.9167056533577437
holdout_rmse_v1,lgb_full,2025-11-24,41,71,False,8438.969487765287,8195.435116269678,10017.17946801529,0.8424496650689742
holdout_rmse_v1,lgb_full,2025-11-25,54,88,False,1.9151798260572672,4468.530094165208,1565.2300239538,0.001223577235772342
holdout_rmse_v1,lgb_full,2025-11-26,58,85,False,6757.584761769664,5176.003672860049,7918.575043866373,0.8533839389454296
holdout_rmse_v1,lgb_full,2025-11-27,56,72,False,2444.567979870268,4977.993729072413,3235.7981197025892,0.7554760493200839
holdout_rmse_v1,lgb_full,2025-11-28,50,88,False,4122.787250837774,3375.80284690804,6405.093051558167,0.6436732796309375
holdout_rmse_v1,lgb_full,2025-11-29,56,69,False,5194.03449686596,5633.706375666004,5801.283300285127,0.8953250906761749
holdout_rmse_v1,lgb_full,2025-11-30,48,87,False,10625.748536596939,22888.165116539676,10816.630246835208,0.9823529411764705
holdout_rmse_v1,lgb_full,2025-12-01,53,82,False,1706.8769783979417,7607.917266657319,7602.92350373086,0.22450271629858612
holdout_rmse_v1,lgb_full,2025-12-02,56,71,False,6566.330832196431,4461.943203897812,7113.5250682128,0.9230769230769232
holdout_rmse_v1,lgb_full,2025-12-03,54,73,False,8650.12283563086,6830.899765248483,9007.2147950591,0.9603548968739901
holdout_rmse_v1,lgb_full,2025-12-04,52,67,False,9615.09668948389,14993.332276463285,11898.293271518727,0.8081072192513368
holdout_rmse_v1,lgb_full,2025-12-05,55,70,False,4405.96663069992,2753.990501652663,4598.152699291483,0.9582036349899434
holdout_rmse_v1,lgb_full,2025-12-06,56,72,False,36.47113210285835,3647.501577843715,1382.2635419667454,0.02638507852921131
holdout_rmse_v1,lgb_full,2025-12-07,52,74,False,11039.32557544652,24760.40418291727,15016.027872077113,0.7351694915254237
holdout_rmse_v1,lgb_full,2025-12-08,56,71,False,6468.201726324775,8149.858934679221,7915.851798133639,0.8171201143318293
holdout_rmse_v1,lgb_full,2025-12-09,53,71,False,9957.662550763,14417.051980089102,10593.934918223893,0.9399399399399401
holdout_rmse_v1,lgb_full,2025-12-10,53,76,False,6262.844819726771,17761.18180244399,7441.205337455161,0.8416438648995297
holdout_rmse_v1,lgb_full,2025-12-11,44,68,False,6825.818610456167,5420.928073637868,25769.030882166222,0.2648845679012345
holdout_rmse_v1,lgb_full,2025-12-12,59,69,False,-3344.9760952352035,3716.5925624206384,9467.73282781811,-0.353302755376344
holdout_rmse_v1,lgb_full,2025-12-13,53,69,False,3713.209183817685,7669.966332768884,4825.562806145682,0.7694872770257307
holdout_rmse_v1,lgb_full,2025-12-14,53,70,False,596.4162663631441,10027.88643647855,3981.935636852956,0.14978048887663836
holdout_rmse_v1,lgb_full,2025-12-15,50,71,False,11643.78432453437,17385.594230842846,11961.920508264817,0.973404255319149
holdout_rmse_v1,lgb_full,2025-12-16,53,68,False,9257.762946556015,14694.61039158244,9575.899130286462,0.9667774086378739
holdout_rmse_v1,lgb_full,2025-12-17,49,77,False,4466.632019575479,4668.114287353293,7365.352127168311,0.6064383538567794
holdout_rmse_v1,lgb_full,2025-12-18,53,67,False,700.484974785048,2429.628229269824,4304.280762294158,0.1627414691256556
holdout_rmse_v1,lgb_full,2025-12-19,0,71,False,8079.284718439643,18530.214406136813,8844.185907706433,0.9135136690647482
holdout_rmse_v1,lgb_full,2025-12-20,55,71,False,9223.693742640322,11493.718468742847,9255.507361013364,0.9965627364192859
holdout_rmse_v1,lgb_full,2025-12-21,52,70,False,6909.917910625314,5338.963503149733,7005.358765744449,0.986376021798365
holdout_rmse_v1,lgb_full,2025-12-22,52,69,False,3095.280548710688,2485.4360990637474,4748.357517077977,0.6518634154185273
holdout_rmse_v1,lgb_full,2025-12-23,54,70,False,10044.144690948284,22694.37947258044,10434.86682635867,0.9625560975609756
holdout_rmse_v1,lgb_full,2025-12-24,54,75,False,8057.953687320518,17416.58164457711,9825.502417317695,0.8201060205448804
holdout_rmse_v1,lgb_full,2025-12-25,50,71,False,11028.066735904298,19431.279053173083,11095.330269230428,0.993937671822833
holdout_rmse_v1,lgb_full,2025-12-26,52,70,False,2453.6094102118886,14896.62668625141,7346.620268670262,0.3339779817769174
holdout_rmse_v1,lgb_full,2025-12-27,53,68,False,1991.5865933038335,4905.084426588978,7411.580496026182,0.268712806178338
holdout_rmse_v1,lgb_full,2025-12-28,53,73,False,11698.306503702092,22467.021078173966,11889.188213940359,0.9839449332617635
holdout_rmse_v1,lgb_full,2025-12-29,53,88,False,11101.136254583509,25500.17487264548,12388.222994463616,0.8961040061633282
holdout_rmse_v1,lgb_full,2025-12-30,52,73,False,3976.7022966305913,21759.404580100585,31559.10942606037,0.12600806451612903
holdout_rmse_v1,lgb_full,2025-12-31,51,67,False,3308.6163107966477,12387.334635931878,22576.10161322132,0.1465539253623403
holdout_rmse_v1,hgb_full,2025-11-03,40,78,False,0.0,24175.027820243715,13361.719716678786,0.0
holdout_rmse_v1,hgb_full,2025-11-04,51,70,False,7005.546466092851,10380.549609030179,7323.682649823298,0.9565606268127794
holdout_rmse_v1,hgb_full,2025-11-05,0,24,False,5503.7559785367375,9783.117944821914,5662.824070401962,0.9719101123595505
holdout_rmse_v1,hgb_full,2025-11-06,48,66,False,549.6979677823273,3572.5881597563875,922.5949328182957,0.5958172413793106
holdout_rmse_v1,hgb_full,2025-11-07,59,88,False,1405.89787905608,2309.9926640331896,6793.7950222018635,0.20693851881925482
holdout_rmse_v1,hgb_full,2025-11-08,54,72,False,7086.0540087476775,4086.150877308062,8037.637510627493,0.8816090548221892
holdout_rmse_v1,hgb_full,2025-11-09,53,71,False,12547.033396020017,21171.817680819542,12573.171464875311,0.9979211236458267
holdout_rmse_v1,hgb_full,2025-11-10,51,74,False,10495.048648234959,16600.633779385058,11155.171685390125,0.9408235878592773
holdout_rmse_v1,hgb_full,2025-11-11,55,70,False,7422.218970010128,2236.968851162893,7485.846206756217,0.9915003280873359
holdout_rmse_v1,hgb_full,2025-11-12,0,72,False,9145.64857404757,16890.640247139192,10483.503486127383,0.8723847505893262
holdout_rmse_v1,hgb_full,2025-11-13,56,69,False,9330.03394341406,3423.1721356115177,9537.757783219018,0.9782208937859135
holdout_rmse_v1,hgb_full,2025-11-14,0,68,False,2353.0465625346933,3486.6744397837238,3791.572488594169,0.6205991233487272
holdout_rmse_v1,hgb_full,2025-11-15,58,84,False,7860.06025559283,7563.0982264179365,8345.596517840402,0.9418212633201665
holdout_rmse_v1,hgb_full,2025-11-16,54,88,False,7319.7663934015745,3603.991314592695,9645.889090707162,0.758848284960422
holdout_rmse_v1,hgb_full,2025-11-17,0,20,False,222.69532861131404,4207.4366802086,7342.5831204987235,0.030329289428076382
holdout_rmse_v1,hgb_full,2025-11-18,0,69,False,6900.05568892967,13413.63103322203,10104.393321423157,0.6828767912567589
holdout_rmse_v1,hgb_full,2025-11-19,51,88,False,8716.931434214255,10709.913538144943,10200.934927737997,0.8545227957989914
holdout_rmse_v1,hgb_full,2025-11-20,52,69,False,8526.049723975988,7794.28771884815,8685.117815841211,0.9816849816849818
holdout_rmse_v1,hgb_full,2025-11-21,50,69,False,6371.688752266469,9605.28521291466,7103.440151188545,0.8969863357264101
holdout_rmse_v1,hgb_full,2025-11-22,47,88,False,2126.702211895992,3219.7083068629054,6264.524578776868,0.3394834173212271
holdout_rmse_v1,hgb_full,2025-11-23,48,73,False,5747.464202083447,5301.570952225579,6269.694291762487,0.9167056533577437
holdout_rmse_v1,hgb_full,2025-11-24,28,71,False,8438.969487765287,5042.596373486843,10017.17946801529,0.8424496650689742
holdout_rmse_v1,hgb_full,2025-11-25,45,88,False,1.9151798260572672,3759.6671242826956,1565.2300239538,0.001223577235772342
holdout_rmse_v1,hgb_full,2025-11-26,59,84,False,7142.682249451696,5549.510745628973,7918.575043866373,0.9020161089442887
holdout_rmse_v1,hgb_full,2025-11-27,52,71,False,2603.254308315015,4564.376118093128,3235.7981197025892,0.8045169111335929
holdout_rmse_v1,hgb_full,2025-11-28,56,87,False,4950.3358174047635,2958.973221809998,6405.093051558167,0.7728749258686407
holdout_rmse_v1,hgb_full,2025-11-29,55,69,False,5194.03449686596,4905.529007203061,5801.283300285127,0.8953250906761749
holdout_rmse_v1,hgb_full,2025-11-30,55,87,False,10625.748536596939,17137.897850757792,10816.630246835208,0.9823529411764705
holdout_rmse_v1,hgb_full,2025-12-01,53,86,False,3902.016646138028,7799.57363413881,7602.92350373086,0.5132258195447126
holdout_rmse_v1,hgb_full,2025-12-02,48,71,False,6566.330832196431,4890.994440868696,7113.5250682128,0.9230769230769232
holdout_rmse_v1,hgb_full,2025-12-03,46,84,False,7616.180238506908,6363.2822920301205,9007.2147950591,0.8455644071777612
holdout_rmse_v1,hgb_full,2025-12-04,52,67,False,9615.09668948389,15418.446603715374,11898.293271518727,0.8081072192513368
holdout_rmse_v1,hgb_full,2025-12-05,39,88,False,4130.9251744176,2194.586271403784,4598.152699291483,0.8983879928681192
holdout_rmse_v1,hgb_full,2025-12-06,42,72,False,36.47113210285835,3138.1388817880156,1382.2635419667454,0.02638507852921131
holdout_rmse_v1,hgb_full,2025-12-07,52,74,False,11039.32557544652,21914.212955941308,15016.027872077113,0.7351694915254237
holdout_rmse_v1,hgb_full,2025-12-08,55,78,False,4886.762663809907,7563.0743868124455,7915.851798133639,0.6173388270055895
holdout_rmse_v1,hgb_full,2025-12-09,49,69,False,10212.171497747358,13483.908914240295,10593.934918223893,0.9639639639639642
holdout_rmse_v1,hgb_full,2025-12-10,54,77,False,6808.11433183157,17654.693406490307,7441.205337455161,0.9149209063702436
holdout_rmse_v1,hgb_full,2025-12-11,50,83,False,22905.8052285922,5160.079747367207,25769.030882166222,0.888888888888889
holdout_rmse_v1,hgb_full,2025-12-12,0,28,False,-7833.511791060523,3598.362939943035,9467.73282781811,-0.8273904569892471
holdout_rmse_v1,hgb_full,2025-12-13,46,69,False,3713.209183817685,7100.695053941532,4825.562806145682,0.7694872770257307
holdout_rmse_v1,hgb_full,2025-12-14,52,70,False,596.4162663631441,7835.406866803957,3981.935636852956,0.14978048887663836
holdout_rmse_v1,hgb_full,2025-12-15,49,71,False,11802.852416399592,15427.445080562022,11961.920508264817,0.9867021276595743
holdout_rmse_v1,hgb_full,2025-12-16,53,67,False,9416.831038421238,11664.206990334254,9575.899130286462,0.9833887043189369
holdout_rmse_v1,hgb_full,2025-12-17,48,71,False,6396.239321564947,4523.461049743229,7365.352127168311,0.8684227462759544
holdout_rmse_v1,hgb_full,2025-12-18,0,19,False,-1267.489550962312,2539.0378802102314,4304.280762294158,-0.29447185742752224
holdout_rmse_v1,hgb_full,2025-12-19,49,70,False,8821.461440102566,18654.272891936685,8844.185907706433,0.9974305755395683
holdout_rmse_v1,hgb_full,2025-12-20,49,71,False,9223.693742640322,10950.823865540833,9255.507361013364,0.9965627364192859
holdout_rmse_v1,hgb_full,2025-12-21,56,70,False,6464.527253402688,3660.679483665706,7005.358765744449,0.9227974568574023
holdout_rmse_v1,hgb_full,2025-12-22,0,21,False,441.9038846489407,3011.355069530402,4748.357517077977,0.09306457718476041
holdout_rmse_v1,hgb_full,2025-12-23,52,70,False,10044.144690948284,18599.262576710567,10434.86682635867,0.9625560975609756
holdout_rmse_v1,hgb_full,2025-12-24,48,75,False,8058.854012720475,14395.808854387411,9825.502417317695,0.8201976520321792
holdout_rmse_v1,hgb_full,2025-12-25,40,73,False,9859.167588280052,18905.86461883271,11095.330269230428,0.8885871217030373
holdout_rmse_v1,hgb_full,2025-12-26,54,75,False,-1324.690436797045,13978.30692197413,7346.620268670262,-0.18031290421341106
holdout_rmse_v1,hgb_full,2025-12-27,61,69,False,2111.67982130024,2040.3038697561717,7411.580496026182,0.2849162634653223
holdout_rmse_v1,hgb_full,2025-12-28,40,73,False,11357.095902565674,20391.011912454545,11889.188213940359,0.9552456987138286
holdout_rmse_v1,hgb_full,2025-12-29,52,88,False,11102.952812192609,20131.177104731836,12388.222994463616,0.8962506420133538
holdout_rmse_v1,hgb_full,2025-12-30,49,71,False,3467.6844026618755,21041.52973286797,31559.10942606037,0.10987903225806452
holdout_rmse_v1,hgb_full,2025-12-31,54,66,False,2799.5984168279338,12165.56044644074,22576.10161322132,0.124007167614288
holdout_rmse_v1,lgb_temporal,2025-11-03,55,79,False,1081.663024683521,23973.12884430264,13361.719716678786,0.08095238095238096
holdout_rmse_v1,lgb_temporal,2025-11-04,48,68,False,6305.793204530383,10221.349832746662,7323.682649823298,0.8610139879125601
holdout_rmse_v1,lgb_temporal,2025-11-05,0,24,False,5503.7559785367375,8741.670452221022,5662.824070401962,0.9719101123595505
holdout_rmse_v1,lgb_temporal,2025-11-06,53,68,False,303.47010566047226,4837.434795300361,922.5949328182957,0.3289310344827576
holdout_rmse_v1,lgb_temporal,2025-11-07,60,88,False,1557.7315541032735,2070.5934133648975,6793.7950222018635,0.2292873937192197
holdout_rmse_v1,lgb_temporal,2025-11-08,56,84,False,7807.857289204501,4795.537089011285,8037.637510627493,0.9714119701069908
holdout_rmse_v1,lgb_temporal,2025-11-09,53,71,False,12547.033396020017,22451.698888561335,12573.171464875311,0.9979211236458267
holdout_rmse_v1,lgb_temporal,2025-11-10,50,70,False,10667.923850474082,13130.462913936828,11155.171685390125,0.9563209022094936
holdout_rmse_v1,lgb_temporal,2025-11-11,56,68,False,7337.951057663608,3252.7917783347984,7485.846206756217,0.9802433626062036
holdout_rmse_v1,lgb_temporal,2025-11-12,49,78,False,9598.17184450943,23153.305282024445,10483.503486127383,0.9155500217279944
holdout_rmse_v1,lgb_temporal,2025-11-13,53,69,False,9330.03394341406,4659.042297686419,9537.757783219018,0.9782208937859135
holdout_rmse_v1,lgb_temporal,2025-11-14,58,88,False,1232.6218252254553,3984.0444609884003,3791.572488594169,0.32509514955429064
holdout_rmse_v1,lgb_temporal,2025-11-15,53,81,False,7722.65723783965,9887.22853634389,8345.596517840402,0.9253571295150571
holdout_rmse_v1,lgb_temporal,2025-11-16,59,78,False,9645.889090707162,3883.42283304676,9645.889090707162,1.0
holdout_rmse_v1,lgb_temporal,2025-11-17,0,18,False,-31.81361837304486,5684.300447598945,7342.5831204987235,-0.0043327556325823404
holdout_rmse_v1,lgb_temporal,2025-11-18,55,70,False,8361.007034580305,18672.73327620217,10104.393321423157,0.827462547093594
holdout_rmse_v1,lgb_temporal,2025-11-19,54,88,False,8716.931434214255,12743.793618889209,10200.934927737997,0.8545227957989914
holdout_rmse_v1,lgb_temporal,2025-11-20,55,69,False,8526.049723975988,9135.476657095895,8685.117815841211,0.9816849816849818
holdout_rmse_v1,lgb_temporal,2025-11-21,54,68,False,6683.354046019838,11439.851475540449,7103.440151188545,0.9408615971659283
holdout_rmse_v1,lgb_temporal,2025-11-22,36,88,False,2110.047782677703,3927.4250508098935,6264.524578776868,0.3368248868918452
holdout_rmse_v1,lgb_temporal,2025-11-23,38,70,False,4117.283494859237,8556.93022068674,6269.694291762487,0.656696052990778
holdout_rmse_v1,lgb_temporal,2025-11-24,40,73,False,7308.854322299621,15211.587349377274,10017.17946801529,0.7296319633322621
holdout_rmse_v1,lgb_temporal,2025-11-25,56,88,False,1.9151798260572672,3221.9019898733627,1565.2300239538,0.001223577235772342
holdout_rmse_v1,lgb_temporal,2025-11-26,42,84,False,7142.682249451696,5516.946085653684,7918.575043866373,0.9020161089442887
holdout_rmse_v1,lgb_temporal,2025-11-27,58,71,False,2603.254308315015,4273.59490789348,3235.7981197025892,0.8045169111335929
holdout_rmse_v1,lgb_temporal,2025-11-28,57,88,False,4083.7742106269097,3558.6566207268656,6405.093051558167,0.6375823392032455
holdout_rmse_v1,lgb_temporal,2025-11-29,54,69,False,5194.03449686596,4727.660965049805,5801.283300285127,0.8953250906761749
holdout_rmse_v1,lgb_temporal,2025-11-30,54,83,False,9734.967222151685,19502.32393121836,10816.630246835208,0.8999999999999998
holdout_rmse_v1,lgb_temporal,2025-12-01,55,72,False,3793.8503436696783,9352.75731780033,7602.92350373086,0.49899888402243997
holdout_rmse_v1,lgb_temporal,2025-12-02,54,68,False,5347.869248508819,3706.4720877632876,7113.5250682128,0.7517889087656531
holdout_rmse_v1,lgb_temporal,2025-12-03,54,70,False,8258.81532964241,8780.885494940472,9007.2147950591,0.9169111115428018
holdout_rmse_v1,lgb_temporal,2025-12-04,53,67,False,8784.761249947422,14065.008923360196,11898.293271518727,0.7383211229946522
holdout_rmse_v1,lgb_temporal,2025-12-05,56,88,False,4130.9251744176,3354.658757647214,4598.152699291483,0.8983879928681192
holdout_rmse_v1,lgb_temporal,2025-12-06,58,72,False,-237.1259859053263,4406.702294847112,1382.2635419667454,-0.17154904163060902
holdout_rmse_v1,lgb_temporal,2025-12-07,53,74,False,11039.32557544652,22101.731765184235,15016.027872077113,0.7351694915254237
holdout_rmse_v1,lgb_temporal,2025-12-08,55,71,False,6468.201726324775,8161.144966222581,7915.851798133639,0.8171201143318293
holdout_rmse_v1,lgb_temporal,2025-12-09,53,69,False,10212.171497747358,14024.797775653162,10593.934918223893,0.9639639639639642
holdout_rmse_v1,lgb_temporal,2025-12-10,51,76,False,5212.995413416295,21628.559661480354,7441.205337455161,0.7005579307396324
holdout_rmse_v1,lgb_temporal,2025-12-11,51,68,False,6984.88670232139,7283.093346939142,25769.030882166222,0.2710574074074073
holdout_rmse_v1,lgb_temporal,2025-12-12,54,69,False,-9666.342065959192,4887.932673262602,9467.73282781811,-1.02097748655914
holdout_rmse_v1,lgb_temporal,2025-12-13,55,70,False,3493.1352973603102,9036.396185627515,4825.562806145682,0.723881428485723
holdout_rmse_v1,lgb_temporal,2025-12-14,57,71,False,345.4386310181945,10216.804725161122,3981.935636852956,0.08675143511139348
holdout_rmse_v1,lgb_temporal,2025-12-15,49,88,False,11675.597942907412,17221.20132313316,11961.920508264817,0.9760638297872338
holdout_rmse_v1,lgb_temporal,2025-12-16,53,69,False,9162.322091436881,12373.392891323465,9575.899130286462,0.956810631229236
holdout_rmse_v1,lgb_temporal,2025-12-17,57,72,False,5823.594190850143,4437.161017052244,7365.352127168311,0.7906742393712392
holdout_rmse_v1,lgb_temporal,2025-12-18,57,88,False,-2620.373216361551,2706.714231164142,4304.280762294158,-0.6087830606488844
holdout_rmse_v1,lgb_temporal,2025-12-19,0,70,False,8079.284718439643,19193.788606816066,8844.185907706433,0.9135136690647482
holdout_rmse_v1,lgb_temporal,2025-12-20,56,73,False,9191.880124267276,11951.22610879854,9255.507361013364,0.9931254728385714
holdout_rmse_v1,lgb_temporal,2025-12-21,54,71,False,6973.545147371404,4558.558889137837,7005.358765744449,0.9954586739327883
holdout_rmse_v1,lgb_temporal,2025-12-22,0,20,False,-197.19671348531742,2862.194632985402,4748.357517077977,-0.0415294578759241
holdout_rmse_v1,lgb_temporal,2025-12-23,54,69,False,10012.331072575238,19037.870024009197,10434.86682635867,0.9595073170731706
holdout_rmse_v1,lgb_temporal,2025-12-24,56,74,False,8140.894971780883,16295.075789068043,9825.502417317695,0.8285474498924706
holdout_rmse_v1,lgb_temporal,2025-12-25,53,72,False,10981.994253776455,16600.55783470694,11095.330269230428,0.9897852508484334
holdout_rmse_v1,lgb_temporal,2025-12-26,52,71,False,1960.498325429696,14922.473030665686,7346.620268670262,0.2668571742832907
holdout_rmse_v1,lgb_temporal,2025-12-27,56,68,False,1991.5865933038335,4363.71419582026,7411.580496026182,0.268712806178338
holdout_rmse_v1,lgb_temporal,2025-12-28,53,72,False,11761.933740448181,20891.669151071543,11889.188213940359,0.9892966221745091
holdout_rmse_v1,lgb_temporal,2025-12-29,54,88,False,10942.068162718284,23952.92493217918,12388.222994463616,0.8832637390857729
holdout_rmse_v1,lgb_temporal,2025-12-30,47,68,False,6649.046239966346,18862.34675008393,31559.10942606037,0.21068548387096767
holdout_rmse_v1,lgb_temporal,2025-12-31,50,67,False,3499.4980210349167,13158.977039683286,22576.10161322132,0.15500895951785998
holdout_rmse_v1,ridge_contextual_a1,2025-11-03,51,82,False,5376.501505044559,18546.85217142105,13361.719716678786,0.40238095238095234
holdout_rmse_v1,ridge_contextual_a1,2025-11-04,52,68,False,7291.869031450253,8664.308428764343,7323.682649823298,0.9956560626812779
holdout_rmse_v1,ridge_contextual_a1,2025-11-05,0,24,False,5503.7559785367375,7197.892665863037,5662.824070401962,0.9719101123595505
holdout_rmse_v1,ridge_contextual_a1,2025-11-06,26,40,False,-167.45098030652093,3203.2026052474957,922.5949328182957,-0.1815000000000003
holdout_rmse_v1,ridge_contextual_a1,2025-11-07,56,70,False,3767.6518289394767,3922.4020838737483,6793.7950222018635,0.5545724910196633
holdout_rmse_v1,ridge_contextual_a1,2025-11-08,53,75,False,7195.909614351636,10307.982981204987,8037.637510627493,0.8952767034886917
holdout_rmse_v1,ridge_contextual_a1,2025-11-09,50,70,False,12453.82903827251,17283.048510551453,12573.171464875311,0.9905081683697546
holdout_rmse_v1,ridge_contextual_a1,2025-11-10,50,71,False,10636.110232101038,14291.566669940948,11155.171685390125,0.9534689856930755
holdout_rmse_v1,ridge_contextual_a1,2025-11-11,53,65,False,6184.742386620946,4028.567314147949,7485.846206756217,0.8261914840087172
holdout_rmse_v1,ridge_contextual_a1,2025-11-12,32,74,False,9365.811538636388,16597.201943397522,10483.503486127383,0.8933856464139097
holdout_rmse_v1,ridge_contextual_a1,2025-11-13,53,67,False,9442.316928099885,6817.0599937438965,9537.757783219018,0.9899933656013937
holdout_rmse_v1,ridge_contextual_a1,2025-11-14,50,67,False,3456.015167442642,9426.311671733856,3791.572488594169,0.9114991676511651
holdout_rmse_v1,ridge_contextual_a1,2025-11-15,52,75,False,8207.18182702296,10910.199761390686,8345.596517840402,0.9834146438158671
holdout_rmse_v1,ridge_contextual_a1,2025-11-16,53,73,False,8914.175868127131,8153.447151184082,9645.889090707162,0.9241424802110816
holdout_rmse_v1,ridge_contextual_a1,2025-11-17,54,67,False,4819.763183516276,6695.032238960266,7342.5831204987235,0.6564124783362217
holdout_rmse_v1,ridge_contextual_a1,2025-11-18,33,69,False,8858.123453915665,13757.930397987366,10104.393321423157,0.8766605942718825
holdout_rmse_v1,ridge_contextual_a1,2025-11-19,51,88,False,8716.931434214255,14972.951292991638,10200.934927737997,0.8545227957989914
holdout_rmse_v1,ridge_contextual_a1,2025-11-20,54,67,False,8271.540776991627,6478.225469589233,8685.117815841211,0.9523809523809521
holdout_rmse_v1,ridge_contextual_a1,2025-11-21,51,67,False,7103.440151188545,9368.265509605408,7103.440151188545,1.0
holdout_rmse_v1,ridge_contextual_a1,2025-11-22,53,69,False,5803.643870768406,6837.5256061553955,6264.524578776868,0.9264300583048477
holdout_rmse_v1,ridge_contextual_a1,2025-11-23,47,68,False,4642.275006613059,8532.77200460434,6269.694291762487,0.7404308393014262
holdout_rmse_v1,ridge_contextual_a1,2025-11-24,52,70,False,9056.153684202356,11811.422348022461,10017.17946801529,0.9040622375907833
holdout_rmse_v1,ridge_contextual_a1,2025-11-25,52,69,False,93.46522941816815,7608.4383726119995,1565.2300239538,0.059713414634146394
holdout_rmse_v1,ridge_contextual_a1,2025-11-26,58,87,False,5458.144793875304,5694.727003574371,7918.575043866373,0.6892837112282105
holdout_rmse_v1,ridge_contextual_a1,2025-11-27,51,69,False,2810.892251350366,9497.865974903107,3235.7981197025892,0.868685915303246
holdout_rmse_v1,ridge_contextual_a1,2025-11-28,54,67,False,1423.2108501746914,4335.258662700653,6405.093051558167,0.2221998710586206
holdout_rmse_v1,ridge_contextual_a1,2025-11-29,0,24,False,3167.3447570493086,6811.409533023834,5801.283300285127,0.5459731223423682
holdout_rmse_v1,ridge_contextual_a1,2025-11-30,17,88,False,10816.630246835208,16218.658208847046,10816.630246835208,1.0
holdout_rmse_v1,ridge_contextual_a1,2025-12-01,0,23,False,734.0992439580064,5624.012470245361,7602.92350373086,0.09655486387542551
holdout_rmse_v1,ridge_contextual_a1,2025-12-02,55,72,False,6852.653397553833,6036.3481640815735,7113.5250682128,0.9633273703041145
holdout_rmse_v1,ridge_contextual_a1,2025-12-03,53,88,False,8323.956894623057,8616.686761379242,9007.2147950591,0.9241432655951711
holdout_rmse_v1,ridge_contextual_a1,2025-12-04,0,66,False,2163.32604936704,8980.888962745667,11898.293271518727,0.1818181818181817
holdout_rmse_v1,ridge_contextual_a1,2025-12-05,54,69,False,4102.203839750415,5426.353991031647,4598.152699291483,0.8921417160379455
holdout_rmse_v1,ridge_contextual_a1,2025-12-06,53,70,False,472.4481396489006,7697.696685791016,1382.2635419667454,0.34179309900388505
holdout_rmse_v1,ridge_contextual_a1,2025-12-07,0,73,False,6916.958264371271,18046.364188194275,15016.027872077113,0.46063834745762716
holdout_rmse_v1,ridge_contextual_a1,2025-12-08,52,70,False,6304.841977341028,10978.252172470093,7915.851798133639,0.7964830744844861
holdout_rmse_v1,ridge_contextual_a1,2025-12-09,52,70,False,10021.28978750909,11553.623855113983,10593.934918223893,0.945945945945946
holdout_rmse_v1,ridge_contextual_a1,2025-12-10,53,88,False,6262.844819726771,17088.80650997162,7441.205337455161,0.8416438648995297
holdout_rmse_v1,ridge_contextual_a1,2025-12-11,52,67,False,5238.319053641236,4800.779461860657,25769.030882166222,0.20327962962962956
holdout_rmse_v1,ridge_contextual_a1,2025-12-12,15,23,False,7159.70889800495,317.0032501220703,9467.73282781811,0.7562221102150538
holdout_rmse_v1,ridge_contextual_a1,2025-12-13,53,68,False,3713.209183817685,9266.813695430756,4825.562806145682,0.7694872770257307
holdout_rmse_v1,ridge_contextual_a1,2025-12-14,38,68,False,2664.708674926226,12407.821297645569,3981.935636852956,0.6691993336768813
holdout_rmse_v1,ridge_contextual_a1,2025-12-15,36,73,False,10689.375773343027,17021.67046070099,11961.920508264817,0.8936170212765956
holdout_rmse_v1,ridge_contextual_a1,2025-12-16,52,70,False,9130.508473063835,12629.440307617188,9575.899130286462,0.9534883720930233
holdout_rmse_v1,ridge_contextual_a1,2025-12-17,53,68,False,6971.299105914267,7455.6538462638855,7365.352127168311,0.9464990927181179
holdout_rmse_v1,ridge_contextual_a1,2025-12-18,38,67,False,705.9028339939775,4960.188210010529,4304.280762294158,0.16400018330071367
holdout_rmse_v1,ridge_contextual_a1,2025-12-19,11,73,False,8685.11781584121,17089.827477931976,8844.185907706433,0.9820143884892086
holdout_rmse_v1,ridge_contextual_a1,2025-12-20,53,70,False,9223.69374264032,15915.144383907318,9255.507361013364,0.9965627364192857
holdout_rmse_v1,ridge_contextual_a1,2025-12-21,49,67,False,5923.6957410609275,8145.44403553009,7005.358765744449,0.8455949137148047
holdout_rmse_v1,ridge_contextual_a1,2025-12-22,0,23,False,1125.3749363280842,2724.3661880493164,4748.357517077977,0.2370029915145506
holdout_rmse_v1,ridge_contextual_a1,2025-12-23,0,68,False,9658.535004010446,18479.947805404663,10434.86682635867,0.9256021341463415
holdout_rmse_v1,ridge_contextual_a1,2025-12-24,53,88,False,9596.444365031773,15356.298089027405,9825.502417317695,0.976687395457539
holdout_rmse_v1,ridge_contextual_a1,2025-12-25,51,71,False,11031.703032484338,19649.96188879013,11095.330269230428,0.9942654039850854
holdout_rmse_v1,ridge_contextual_a1,2025-12-26,52,71,False,1960.498325429696,14583.269596099854,7346.620268670262,0.2668571742832907
holdout_rmse_v1,ridge_contextual_a1,2025-12-27,54,66,False,1412.5787389144195,5899.3178606033325,7411.580496026182,0.1905907572172754
holdout_rmse_v1,ridge_contextual_a1,2025-12-28,49,73,False,11698.306503702092,18296.01162672043,11889.188213940359,0.9839449332617635
holdout_rmse_v1,ridge_contextual_a1,2025-12-29,52,88,False,11102.952812192609,19860.317766666412,12388.222994463616,0.8962506420133538
holdout_rmse_v1,ridge_contextual_a1,2025-12-30,52,71,False,3435.870784288831,14738.685846328735,31559.10942606037,0.1088709677419355
holdout_rmse_v1,ridge_contextual_a1,2025-12-31,52,68,False,2926.852890320113,12072.298288345337,22576.10161322132,0.1296438570513011
holdout_rmse_v1,ridge_temporal_a1,2025-11-03,7,84,False,1877.0034840096396,21939.261972904205,13361.719716678786,0.1404761904761905
holdout_rmse_v1,ridge_temporal_a1,2025-11-04,37,68,False,3467.6844026618764,9771.669864654541,7323.682649823298,0.4734891677407053
holdout_rmse_v1,ridge_temporal_a1,2025-11-05,0,26,False,4008.5159150036366,9509.243726730347,5662.824070401962,0.707865168539326
holdout_rmse_v1,ridge_temporal_a1,2025-11-06,18,41,False,-4.463450657738122,6998.198747634888,922.5949328182957,-0.004837931034482708
holdout_rmse_v1,ridge_temporal_a1,2025-11-07,58,69,False,3124.8163120082227,4521.335184574127,6793.7950222018635,0.4599515148450081
holdout_rmse_v1,ridge_temporal_a1,2025-11-08,52,74,False,7171.724901664449,11519.955813884735,8037.637510627493,0.8922677704962285
holdout_rmse_v1,ridge_temporal_a1,2025-11-09,46,68,False,11721.84539993631,23268.017053604126,12573.171464875311,0.9322902684245352
holdout_rmse_v1,ridge_temporal_a1,2025-11-10,49,69,False,10683.77657650937,14333.008289337158,11155.171685390125,0.9577420122096247
holdout_rmse_v1,ridge_temporal_a1,2025-11-11,55,66,False,6984.934422748954,5168.264329433441,7485.846206756217,0.9330854829003601
holdout_rmse_v1,ridge_temporal_a1,2025-11-12,47,70,False,10374.70091129157,19377.618432044983,10483.503486127383,0.9896215444598468
holdout_rmse_v1,ridge_temporal_a1,2025-11-13,51,66,False,9300.520449649386,6065.473735332489,9537.757783219018,0.9751265088753843
holdout_rmse_v1,ridge_temporal_a1,2025-11-14,49,67,False,3456.015167442642,10763.518154621124,3791.572488594169,0.9114991676511651
holdout_rmse_v1,ridge_temporal_a1,2025-11-15,0,77,False,7156.67387881216,12464.808404445648,8345.596517840402,0.8575389264881571
holdout_rmse_v1,ridge_temporal_a1,2025-11-16,55,68,False,7469.837593990902,6041.322112083435,9645.889090707162,0.7744063324538258
holdout_rmse_v1,ridge_temporal_a1,2025-11-17,42,66,False,3871.85097319671,7251.085519790649,7342.5831204987235,0.5273145580589255
holdout_rmse_v1,ridge_temporal_a1,2025-11-18,43,67,False,10064.6390239042,17013.933300971985,10104.393321423157,0.9960656423147473
holdout_rmse_v1,ridge_temporal_a1,2025-11-19,53,88,False,8716.931434214255,18071.414828300476,10200.934927737997,0.8545227957989914
holdout_rmse_v1,ridge_temporal_a1,2025-11-20,42,66,False,7921.590974888137,7859.199106693268,8685.117815841211,0.912087912087912
holdout_rmse_v1,ridge_temporal_a1,2025-11-21,48,66,False,6731.981161703038,8814.004778862,7103.440151188545,0.9477071698248412
holdout_rmse_v1,ridge_temporal_a1,2025-11-22,54,67,False,4593.619258673325,7858.146190643311,6264.524578776868,0.7332749997079934
holdout_rmse_v1,ridge_temporal_a1,2025-11-23,46,66,False,4512.189121085679,10179.473102092743,6269.694291762487,0.7196824775035798
holdout_rmse_v1,ridge_temporal_a1,2025-11-24,19,68,False,9805.183059262832,13922.230184078217,10017.17946801529,0.9788367165199185
holdout_rmse_v1,ridge_temporal_a1,2025-11-25,54,67,False,59.151060641002175,7592.365264892578,1565.2300239538,0.03779065040650415
holdout_rmse_v1,ridge_temporal_a1,2025-11-26,48,88,False,4878.472034861892,6962.537944316864,7918.575043866373,0.6160795355018697
holdout_rmse_v1,ridge_temporal_a1,2025-11-27,42,67,False,3006.740067416667,9048.015654087067,3235.7981197025892,0.9292112660270118
holdout_rmse_v1,ridge_temporal_a1,2025-11-28,54,66,False,1687.737905584721,4446.382641792297,6405.093051558167,0.2634993577765658
holdout_rmse_v1,ridge_temporal_a1,2025-11-29,0,24,False,3167.3447570493086,8774.98483657837,5801.283300285127,0.5459731223423682
holdout_rmse_v1,ridge_temporal_a1,2025-11-30,35,85,False,10243.9851161204,19952.820420265198,10816.630246835208,0.9470588235294116
holdout_rmse_v1,ridge_temporal_a1,2025-12-01,55,88,False,6052.617248155855,8230.310201644897,7602.92350373086,0.7960907728699035
holdout_rmse_v1,ridge_temporal_a1,2025-12-02,55,88,False,6215.23573983151,7317.189335823059,7113.5250682128,0.8737209302325583
holdout_rmse_v1,ridge_temporal_a1,2025-12-03,52,67,False,7845.23829079283,10909.00707244873,9007.2147950591,0.8709949156643104
holdout_rmse_v1,ridge_temporal_a1,2025-12-04,49,65,False,11834.666034772637,11862.506747245789,11898.293271518727,0.9946524064171123
holdout_rmse_v1,ridge_temporal_a1,2025-12-05,42,67,False,3657.5544398358807,7081.787288188934,4598.152699291483,0.7954399688378038
holdout_rmse_v1,ridge_temporal_a1,2025-12-06,51,67,False,637.8789551887331,10751.346349716187,1382.2635419667454,0.46147419491447406
holdout_rmse_v1,ridge_temporal_a1,2025-12-07,0,71,False,6376.12675202951,22225.315511226654,15016.027872077113,0.4246213983050847
holdout_rmse_v1,ridge_temporal_a1,2025-12-08,54,74,False,5726.702634733197,10510.45936346054,7915.851798133639,0.7234474293825727
holdout_rmse_v1,ridge_temporal_a1,2025-12-09,42,68,False,10466.680444731715,15289.040982723236,10593.934918223893,0.9879879879879881
holdout_rmse_v1,ridge_temporal_a1,2025-12-10,54,88,False,6808.11433183157,20607.01835155487,7441.205337455161,0.9149209063702436
holdout_rmse_v1,ridge_temporal_a1,2025-12-11,48,65,False,3730.353542758916,7324.944972991943,25769.030882166222,0.14476111111111103
holdout_rmse_v1,ridge_temporal_a1,2025-12-12,0,9,False,-3290.889762639189,3440.90336561203,9467.73282781811,-0.34759005376344065
holdout_rmse_v1,ridge_temporal_a1,2025-12-13,55,67,False,4233.829504407049,10539.524614810944,4825.562806145682,0.8773752771417626
holdout_rmse_v1,ridge_temporal_a1,2025-12-14,47,66,False,3378.1099787707303,14658.130168914795,3981.935636852956,0.8483587598720085
holdout_rmse_v1,ridge_temporal_a1,2025-12-15,36,70,False,10593.934918223893,22347.841382026672,11961.920508264817,0.8856382978723404
holdout_rmse_v1,ridge_temporal_a1,2025-12-16,52,68,False,9257.762946556015,14853.89518737793,9575.899130286462,0.9667774086378739
holdout_rmse_v1,ridge_temporal_a1,2025-12-17,54,88,False,2334.2733463327595,7766.246676445007,7365.352127168311,0.316926238695691
holdout_rmse_v1,ridge_temporal_a1,2025-12-18,49,63,False,1764.1128592128896,5813.943922519684,4304.280762294158,0.4098507873061299
holdout_rmse_v1,ridge_temporal_a1,2025-12-19,0,73,False,7920.216626574421,16878.213047981262,8844.185907706433,0.8955280575539569
holdout_rmse_v1,ridge_temporal_a1,2025-12-20,54,69,False,9255.507361013364,18056.998252868652,9255.507361013364,1.0
holdout_rmse_v1,ridge_temporal_a1,2025-12-21,39,66,False,5891.882122687883,11223.415076732635,7005.358765744449,0.841053587647593
holdout_rmse_v1,ridge_temporal_a1,2025-12-22,0,21,False,441.9038846489407,3187.1684193611145,4748.357517077977,0.09306457718476041
holdout_rmse_v1,ridge_temporal_a1,2025-12-23,0,67,False,9913.043950994803,15770.85417509079,10434.86682635867,0.9499923780487805
holdout_rmse_v1,ridge_temporal_a1,2025-12-24,54,86,False,9748.249407822432,18674.712538719177,9825.502417317695,0.992137500331881
holdout_rmse_v1,ridge_temporal_a1,2025-12-25,52,69,False,11004.569197373969,21378.878951072693,11095.330269230428,0.9918198855145252
holdout_rmse_v1,ridge_temporal_a1,2025-12-26,54,69,False,2403.8465483527725,14719.92826461792,7346.620268670262,0.32720440970714126
holdout_rmse_v1,ridge_temporal_a1,2025-12-27,56,64,False,748.4185535877141,4623.733758926392,7411.580496026182,0.10097961615460949
holdout_rmse_v1,ridge_temporal_a1,2025-12-28,0,71,False,10203.066440168988,24254.84150648117,11889.188213940359,0.8581802438122434
holdout_rmse_v1,ridge_temporal_a1,2025-12-29,53,88,False,11101.136254583509,21180.86075782776,12388.222994463616,0.8961040061633282
holdout_rmse_v1,ridge_temporal_a1,2025-12-30,50,69,False,7603.454791157691,17274.397373199463,31559.10942606037,0.24092741935483875
holdout_rmse_v1,ridge_temporal_a1,2025-12-31,50,67,False,3499.4980210349167,13266.892790794373,22576.10161322132,0.15500895951785998
holdout_rmse_v1,climatology_weekday_slot,2025-11-03,50,82,False,5376.501505044559,6498.845130205154,13361.719716678786,0.40238095238095234
holdout_rmse_v1,climatology_weekday_slot,2025-11-04,49,73,False,6082.951533274553,8888.139843940735,7323.682649823298,0.8305864445698394
holdout_rmse_v1,climatology_weekday_slot,2025-11-05,54,73,False,466.24766542799455,9193.339735269547,5662.824070401962,0.08233483146067419
holdout_rmse_v1,climatology_weekday_slot,2025-11-06,54,72,False,-1468.6438785732373,8215.742111206055,922.5949328182957,-1.5918620689655203
holdout_rmse_v1,climatology_weekday_slot,2025-11-07,53,74,False,3897.9985861375153,8053.20405960083,6793.7950222018635,0.5737586390815449
holdout_rmse_v1,climatology_weekday_slot,2025-11-08,50,83,False,7646.285465573319,7846.079885959625,8037.637510627493,0.9513100653597875
holdout_rmse_v1,climatology_weekday_slot,2025-11-09,51,73,False,12222.279979667977,9316.362470388412,12573.171464875311,0.9720920464508424
holdout_rmse_v1,climatology_weekday_slot,2025-11-10,50,82,False,10275.827366749982,6498.845130205154,11155.171685390125,0.9211716015279428
holdout_rmse_v1,climatology_weekday_slot,2025-11-11,49,73,False,7045.679345670445,8888.139843940735,7485.846206756217,0.9412001196753806
holdout_rmse_v1,climatology_weekday_slot,2025-11-12,54,73,False,9833.000887168224,9193.339735269547,10483.503486127383,0.9379498848052126
holdout_rmse_v1,climatology_weekday_slot,2025-11-13,54,72,False,9292.831098088622,8215.742111206055,9537.757783219018,0.9743203076973367
holdout_rmse_v1,climatology_weekday_slot,2025-11-14,53,74,False,3365.2604583098578,8053.20405960083,3791.572488594169,0.8875632652239287
holdout_rmse_v1,climatology_weekday_slot,2025-11-15,50,83,False,7983.118512821605,7846.079885959625,8345.596517840402,0.9565665552793108
holdout_rmse_v1,climatology_weekday_slot,2025-11-16,51,73,False,8914.175868127131,9316.362470388412,9645.889090707162,0.9241424802110816
holdout_rmse_v1,climatology_weekday_slot,2025-11-17,50,82,False,7080.874751676544,6498.845130205154,7342.5831204987235,0.9643574523396878
holdout_rmse_v1,climatology_weekday_slot,2025-11-18,49,73,False,8133.9596029755585,8888.139843940735,10104.393321423157,0.804992377496834
holdout_rmse_v1,climatology_weekday_slot,2025-11-19,54,73,False,8301.136986164072,9193.339735269547,10200.934927737997,0.813762370309013
holdout_rmse_v1,climatology_weekday_slot,2025-11-20,54,72,False,8462.422487229898,8215.742111206055,8685.117815841211,0.9743589743589743
holdout_rmse_v1,climatology_weekday_slot,2025-11-21,53,74,False,4895.54004111903,8053.20405960083,7103.440151188545,0.6891787552119955
holdout_rmse_v1,climatology_weekday_slot,2025-11-22,50,83,False,3492.9126020316994,7846.079885959625,6264.524578776868,0.557570260617236
holdout_rmse_v1,climatology_weekday_slot,2025-11-23,51,73,False,5747.464202083447,9316.362470388412,6269.694291762487,0.9167056533577437
holdout_rmse_v1,climatology_weekday_slot,2025-11-24,50,82,False,4031.0558636209375,6498.845130205154,10017.17946801529,0.4024142600711149
holdout_rmse_v1,climatology_weekday_slot,2025-11-25,49,73,False,956.4223532343553,8888.139843940735,1565.2300239538,0.6110426829268294
holdout_rmse_v1,climatology_weekday_slot,2025-11-26,54,73,False,6852.653397553833,9193.339735269547,7918.575043866373,0.8653897146383441
holdout_rmse_v1,climatology_weekday_slot,2025-11-27,54,72,False,2444.567979870268,8215.742111206055,3235.7981197025892,0.7554760493200839
holdout_rmse_v1,climatology_weekday_slot,2025-11-28,53,74,False,4192.630868613957,8053.20405960083,6405.093051558167,0.6545776673133603
holdout_rmse_v1,climatology_weekday_slot,2025-11-29,50,83,False,2499.312854366604,7846.079885959625,5801.283300285127,0.4308206865615002
holdout_rmse_v1,climatology_weekday_slot,2025-11-30,51,73,False,8844.185907706433,9316.362470388412,10816.630246835208,0.8176470588235293
holdout_rmse_v1,climatology_weekday_slot,2025-12-01,50,82,False,-954.408551191344,6498.845130205154,7602.92350373086,-0.12553178402005524
holdout_rmse_v1,climatology_weekday_slot,2025-12-02,49,73,False,7049.89783146671,8888.139843940735,7113.5250682128,0.9910554561717352
holdout_rmse_v1,climatology_weekday_slot,2025-12-03,54,73,False,8650.12283563086,9193.339735269547,9007.2147950591,0.9603548968739901
holdout_rmse_v1,climatology_weekday_slot,2025-12-04,54,72,False,6589.621582207336,8215.742111206055,11898.293271518727,0.5538291443850266
holdout_rmse_v1,climatology_weekday_slot,2025-12-05,53,74,False,3714.045881980896,8053.20405960083,4598.152699291483,0.8077256509017595
holdout_rmse_v1,climatology_weekday_slot,2025-12-06,50,83,False,563.4891713470428,7846.079885959625,1382.2635419667454,0.4076568282668337
holdout_rmse_v1,climatology_weekday_slot,2025-12-07,51,73,False,10816.630246835208,9316.362470388412,15016.027872077113,0.7203389830508474
holdout_rmse_v1,climatology_weekday_slot,2025-12-08,50,82,False,5962.390645088062,6498.845130205154,7915.851798133639,0.7532216111592496
holdout_rmse_v1,climatology_weekday_slot,2025-12-09,49,73,False,9862.221695643866,8888.139843940735,10593.934918223893,0.930930930930931
holdout_rmse_v1,climatology_weekday_slot,2025-12-10,54,73,False,6744.48709508548,9193.339735269547,7441.205337455161,0.9063702436938862
holdout_rmse_v1,climatology_weekday_slot,2025-12-11,54,72,False,2763.3308918826638,8215.742111206055,25769.030882166222,0.10723456790123455
holdout_rmse_v1,climatology_weekday_slot,2025-12-12,53,74,False,-12767.638569904222,8053.20405960083,9467.73282781811,-1.3485423387096773
holdout_rmse_v1,climatology_weekday_slot,2025-12-13,50,83,False,2370.1145687918315,7846.079885959625,4825.562806145682,0.49115816413648783
holdout_rmse_v1,climatology_weekday_slot,2025-12-14,51,73,False,203.59125077829998,9316.362470388412,3981.935636852956,0.051128714611571244
holdout_rmse_v1,climatology_weekday_slot,2025-12-15,50,82,False,11643.78432453437,6498.845130205154,11961.920508264817,0.973404255319149
holdout_rmse_v1,climatology_weekday_slot,2025-12-16,49,73,False,8844.185907706433,8888.139843940735,9575.899130286462,0.9235880398671096
holdout_rmse_v1,climatology_weekday_slot,2025-12-17,54,73,False,5569.085243865785,9193.339735269547,7365.352127168311,0.7561193474135879
holdout_rmse_v1,climatology_weekday_slot,2025-12-18,54,72,False,-181.40125196310086,8215.742111206055,4304.280762294158,-0.042144381833125355
holdout_rmse_v1,climatology_weekday_slot,2025-12-19,53,74,False,8557.86334234903,8053.20405960083,8844.185907706433,0.9676258992805755
holdout_rmse_v1,climatology_weekday_slot,2025-12-20,50,83,False,8526.049723975988,7846.079885959625,9255.507361013364,0.9211866396314432
holdout_rmse_v1,climatology_weekday_slot,2025-12-21,51,73,False,7005.358765744449,9316.362470388412,7005.358765744449,1.0
holdout_rmse_v1,climatology_weekday_slot,2025-12-22,50,82,False,1630.037545941529,6498.845130205154,4748.357517077977,0.3432845020786502
holdout_rmse_v1,climatology_weekday_slot,2025-12-23,49,73,False,9094.711789670488,8888.139843940735,10434.86682635867,0.8715695121951221
holdout_rmse_v1,climatology_weekday_slot,2025-12-24,54,73,False,8277.00317526628,9193.339735269547,9825.502417317695,0.8423999937833055
holdout_rmse_v1,climatology_weekday_slot,2025-12-25,54,72,False,10650.152763250899,8215.742111206055,11095.330269230428,0.959877038792248
holdout_rmse_v1,climatology_weekday_slot,2025-12-26,53,74,False,-985.1277810923528,8053.20405960083,7346.620268670262,-0.13409265009836435
holdout_rmse_v1,climatology_weekday_slot,2025-12-27,50,83,False,5250.077366991915,7846.079885959625,7411.580496026182,0.7083613771457807
holdout_rmse_v1,climatology_weekday_slot,2025-12-28,51,73,False,11698.306503702092,9316.362470388412,11889.188213940359,0.9839449332617635
holdout_rmse_v1,climatology_weekday_slot,2025-12-29,50,82,False,10787.975720766606,6498.845130205154,12388.222994463616,0.8708251155624037
holdout_rmse_v1,climatology_weekday_slot,2025-12-30,49,73,False,4008.5159150036357,8888.139843940735,31559.10942606037,0.12701612903225806
holdout_rmse_v1,climatology_weekday_slot,2025-12-31,54,73,False,4199.397625241901,9193.339735269547,22576.10161322132,0.186010751421432
holdout_rmse_v2,lgb_contextual,2025-11-03,54,86,False,11102.95281219261,18668.48052867946,13361.719716678786,0.830952380952381
holdout_rmse_v2,lgb_contextual,2025-11-04,49,75,False,5955.697059782374,9722.849256083513,7323.682649823298,0.8132106952949512
holdout_rmse_v2,lgb_contextual,2025-11-05,0,24,False,5503.7559785367375,6435.437160402843,5662.824070401962,0.9719101123595505
holdout_rmse_v2,lgb_contextual,2025-11-06,53,69,False,41.13818991818263,4100.460271077592,922.5949328182957,0.04458965517241223
holdout_rmse_v2,lgb_contextual,2025-11-07,56,69,False,3074.3440064593874,2119.258204101827,6793.7950222018635,0.4525223378704462
holdout_rmse_v2,lgb_contextual,2025-11-08,58,85,False,7951.075836396274,4334.639491687343,8037.637510627493,0.989230458064728
holdout_rmse_v2,lgb_contextual,2025-11-09,49,71,False,12537.50521731729,14092.167679194867,12573.171464875311,0.9971633054032819
holdout_rmse_v2,lgb_contextual,2025-11-10,49,74,False,10588.335721390236,11786.970601522768,11155.171685390125,0.9491862626603702
holdout_rmse_v2,lgb_contextual,2025-11-11,54,69,False,7479.512115338144,2993.282148975672,7485.846206756217,0.9991538576610943
holdout_rmse_v2,lgb_contextual,2025-11-12,49,74,False,9725.42631800161,14008.21912836384,10483.503486127383,0.9276885662194015
holdout_rmse_v2,lgb_contextual,2025-11-13,55,70,False,9146.45027723057,4658.163271360229,9537.757783219018,0.9589727989657144
holdout_rmse_v2,lgb_contextual,2025-11-14,48,69,False,3738.0619824907076,4286.086478914366,3791.572488594169,0.985886988508216
holdout_rmse_v2,lgb_contextual,2025-11-15,52,73,False,8175.368208649914,7763.517390553263,8345.596517840402,0.9796026193182727
holdout_rmse_v2,lgb_contextual,2025-11-16,54,88,False,7319.7663934015745,4369.2670075446595,9645.889090707162,0.758848284960422
holdout_rmse_v2,lgb_contextual,2025-11-17,55,71,False,7088.074173514365,2999.316255412805,7342.5831204987235,0.9653379549393413
holdout_rmse_v2,lgb_contextual,2025-11-18,38,69,False,9044.605340732942,13880.527666895883,10104.393321423157,0.8951161195949022
holdout_rmse_v2,lgb_contextual,2025-11-19,51,88,False,8716.931434214255,12122.423653772292,10200.934927737997,0.8545227957989914
holdout_rmse_v2,lgb_contextual,2025-11-20,54,68,False,8462.422487229898,7406.820167984465,8685.117815841211,0.9743589743589743
holdout_rmse_v2,lgb_contextual,2025-11-21,53,68,False,6683.354046019838,8267.730512854467,7103.440151188545,0.9408615971659283
holdout_rmse_v2,lgb_contextual,2025-11-22,53,88,False,2126.702211895992,2126.7310161182545,6264.524578776868,0.3394834173212271
holdout_rmse_v2,lgb_contextual,2025-11-23,54,73,False,5747.464202083447,6382.036437222846,6269.694291762487,0.9167056533577437
holdout_rmse_v2,lgb_contextual,2025-11-24,49,72,False,7519.555916784296,9723.454763737156,10017.17946801529,0.7506659874462795
holdout_rmse_v2,lgb_contextual,2025-11-25,57,88,False,1.9151798260572672,1792.7572173286721,1565.2300239538,0.001223577235772342
holdout_rmse_v2,lgb_contextual,2025-11-26,43,80,False,7918.575043866373,4806.501810383313,7918.575043866373,1.0
holdout_rmse_v2,lgb_contextual,2025-11-27,52,72,False,2444.567979870268,3096.440565575662,3235.7981197025892,0.7554760493200839
holdout_rmse_v2,lgb_contextual,2025-11-28,57,68,False,1550.46532366687,1674.1371964592431,6405.093051558167,0.24206757203780022
holdout_rmse_v2,lgb_contextual,2025-11-29,2,26,False,2297.6272393288496,2646.821835480202,5801.283300285127,0.39605499686869694
holdout_rmse_v2,lgb_contextual,2025-11-30,49,88,False,10816.630246835208,12748.366316154868,10816.630246835208,1.0
holdout_rmse_v2,lgb_contextual,2025-12-01,52,69,False,540.6151797368235,8579.106853691006,7602.92350373086,0.07110622374031991
holdout_rmse_v2,lgb_contextual,2025-12-02,54,84,False,6725.036248812202,3889.5184695740923,7113.5250682128,0.945387298747764
holdout_rmse_v2,lgb_contextual,2025-12-03,55,88,False,8323.956894623057,5713.587032597835,9007.2147950591,0.9241432655951711
holdout_rmse_v2,lgb_contextual,2025-12-04,49,67,False,11898.293271518727,7192.087417973081,11898.293271518727,1.0
holdout_rmse_v2,lgb_contextual,2025-12-05,54,69,False,4102.203839750415,1599.6695534233927,4598.152699291483,0.8921417160379455
holdout_rmse_v2,lgb_contextual,2025-12-06,55,72,False,36.47113210285835,3635.7751134810987,1382.2635419667454,0.02638507852921131
holdout_rmse_v2,lgb_contextual,2025-12-07,45,74,False,11039.32557544652,13937.4991990678,15016.027872077113,0.7351694915254237
holdout_rmse_v2,lgb_contextual,2025-12-08,54,71,False,6468.201726324775,5834.7521232689305,7915.851798133639,0.8171201143318293
holdout_rmse_v2,lgb_contextual,2025-12-09,51,71,False,9957.662550763,12164.837683198068,10593.934918223893,0.9399399399399401
holdout_rmse_v2,lgb_contextual,2025-12-10,50,88,False,4094.027739828541,17238.82601783355,7441.205337455161,0.5501834117144078
holdout_rmse_v2,lgb_contextual,2025-12-11,50,69,False,6984.88670232139,6109.496258693284,25769.030882166222,0.2710574074074073
holdout_rmse_v2,lgb_contextual,2025-12-12,49,69,False,-8088.386594656171,4560.840418430804,9467.73282781811,-0.8543108198924729
holdout_rmse_v2,lgb_contextual,2025-12-13,55,69,False,3713.209183817685,5758.865145957856,4825.562806145682,0.7694872770257307
holdout_rmse_v2,lgb_contextual,2025-12-14,54,72,False,263.12407483977853,6571.75600099916,3981.935636852956,0.06607943945767376
holdout_rmse_v2,lgb_contextual,2025-12-15,45,74,False,11961.920508264817,16729.588633510928,11961.920508264817,1.0
holdout_rmse_v2,lgb_contextual,2025-12-16,51,68,False,9257.762946556015,11676.232471563224,9575.899130286462,0.9667774086378739
holdout_rmse_v2,lgb_contextual,2025-12-17,56,72,False,5823.594190850143,4471.834304527159,7365.352127168311,0.7906742393712392
holdout_rmse_v2,lgb_contextual,2025-12-18,57,88,False,-2620.373216361551,1346.3463796712795,4304.280762294158,-0.6087830606488844
holdout_rmse_v2,lgb_contextual,2025-12-19,9,74,False,8557.86334234903,8425.978765891561,8844.185907706433,0.9676258992805755
holdout_rmse_v2,lgb_contextual,2025-12-20,50,73,False,9191.880124267276,8289.855351260465,9255.507361013364,0.9931254728385714
holdout_rmse_v2,lgb_contextual,2025-12-21,54,68,False,5987.322977807017,4526.697800201429,7005.358765744449,0.8546775658492279
holdout_rmse_v2,lgb_contextual,2025-12-22,53,69,False,3104.2933467957714,1932.6163834366378,4748.357517077977,0.6537615029261903
holdout_rmse_v2,lgb_contextual,2025-12-23,52,70,False,10044.144690948284,10750.80947832728,10434.86682635867,0.9625560975609756
holdout_rmse_v2,lgb_contextual,2025-12-24,52,76,False,8249.735722958743,9704.54225658749,9825.502417317695,0.8396248224842301
holdout_rmse_v2,lgb_contextual,2025-12-25,52,73,False,11004.569197373969,15421.43454940672,11095.330269230428,0.9918198855145252
holdout_rmse_v2,lgb_contextual,2025-12-26,50,73,False,1827.0083827364,12187.946462082695,7346.620268670262,0.24868692213856436
holdout_rmse_v2,lgb_contextual,2025-12-27,54,69,False,2382.340542332592,3446.5127054763097,7411.580496026182,0.3214348874184009
holdout_rmse_v2,lgb_contextual,2025-12-28,49,74,False,11531.453619420985,12961.016229466784,11889.188213940359,0.9699109318414254
holdout_rmse_v2,lgb_contextual,2025-12-29,50,88,False,11098.15849990379,17705.39096083569,12388.222994463616,0.8958636363636362
holdout_rmse_v2,lgb_contextual,2025-12-30,52,70,False,3531.311639407965,17139.57072209587,31559.10942606037,0.11189516129032258
holdout_rmse_v2,lgb_contextual,2025-12-31,54,66,False,2799.5984168279338,10090.15043055401,22576.10161322132,0.124007167614288
holdout_rmse_v2,transformer_contextual,2025-11-03,46,82,False,5376.501505044559,18527.35960483551,13361.719716678786,0.40238095238095234
holdout_rmse_v2,transformer_contextual,2025-11-04,50,70,False,6846.478374227628,11175.80059170723,7323.682649823298,0.9348409402191692
holdout_rmse_v2,transformer_contextual,2025-11-05,0,37,False,2007.875165910832,8263.744473457336,5662.824070401962,0.35457134831460657
holdout_rmse_v2,transformer_contextual,2025-11-06,27,39,False,-166.61428214330965,3366.887927055359,922.5949328182957,-0.18059310344827592
holdout_rmse_v2,transformer_contextual,2025-11-07,51,72,False,4142.355807499034,4418.261989951134,6793.7950222018635,0.6097263449900936
holdout_rmse_v2,transformer_contextual,2025-11-08,48,73,False,7172.7556628997345,6838.6737406253815,8037.637510627493,0.8923960123127974
holdout_rmse_v2,transformer_contextual,2025-11-09,47,71,False,12531.327012629246,15698.790073394775,12573.171464875311,0.9966719254276487
holdout_rmse_v2,transformer_contextual,2025-11-10,48,71,False,10524.530328381261,16347.7084338665,11155.171685390125,0.9434664588950422
holdout_rmse_v2,transformer_contextual,2025-11-11,51,68,False,7331.006144772772,6601.258456707001,7485.846206756217,0.9793156234169362
holdout_rmse_v2,transformer_contextual,2025-11-12,48,74,False,9731.957653853597,16019.542425870895,10483.503486127383,0.9283115770154231
holdout_rmse_v2,transformer_contextual,2025-11-13,51,69,False,9330.03394341406,6310.2850914001465,9537.757783219018,0.9782208937859135
holdout_rmse_v2,transformer_contextual,2025-11-14,49,69,False,3738.0619824907076,6478.237167000771,3791.572488594169,0.985886988508216
holdout_rmse_v2,transformer_contextual,2025-11-15,48,87,False,8164.637475172686,8535.070031881332,8345.596517840402,0.9783168234552342
holdout_rmse_v2,transformer_contextual,2025-11-16,48,73,False,8914.175868127131,6537.411153316498,9645.889090707162,0.9241424802110816
holdout_rmse_v2,transformer_contextual,2025-11-17,52,71,False,7088.074173514365,6186.9108229875565,7342.5831204987235,0.9653379549393413
holdout_rmse_v2,transformer_contextual,2025-11-18,44,69,False,9064.488852216095,13314.910903573036,10104.393321423157,0.8970839281362618
holdout_rmse_v2,transformer_contextual,2025-11-19,48,88,False,8716.931434214255,13152.25237607956,10200.934927737997,0.8545227957989914
holdout_rmse_v2,transformer_contextual,2025-11-20,51,69,False,8526.049723975988,7172.623530030251,8685.117815841211,0.9816849816849818
holdout_rmse_v2,transformer_contextual,2025-11-21,51,68,False,6683.354046019838,6246.704310178757,7103.440151188545,0.9408615971659283
holdout_rmse_v2,transformer_contextual,2025-11-22,48,71,False,6264.524578776868,4745.717972517014,6264.524578776868,1.0
holdout_rmse_v2,transformer_contextual,2025-11-23,48,72,False,4067.7051519866845,7095.226660370827,6269.694291762487,0.6487884357186422
holdout_rmse_v2,transformer_contextual,2025-11-24,50,71,False,8438.969487765287,9397.810883820057,10017.17946801529,0.8424496650689742
holdout_rmse_v2,transformer_contextual,2025-11-25,51,71,False,545.2186103154031,5763.412028551102,1565.2300239538,0.3483313008130082
holdout_rmse_v2,transformer_contextual,2025-11-26,48,88,False,4878.472034861892,6420.347563922405,7918.575043866373,0.6160795355018697
holdout_rmse_v2,transformer_contextual,2025-11-27,50,71,False,2603.254308315015,6893.421232700348,3235.7981197025892,0.8045169111335929
holdout_rmse_v2,transformer_contextual,2025-11-28,51,71,False,2509.264154193692,4827.140554785728,6405.093051558167,0.3917607650654292
holdout_rmse_v2,transformer_contextual,2025-11-29,51,70,False,4895.606849717615,5473.4852612018585,5801.283300285127,0.8438834299778122
holdout_rmse_v2,transformer_contextual,2025-11-30,46,88,False,10816.630246835208,15227.272719144821,10816.630246835208,1.0
holdout_rmse_v2,transformer_contextual,2025-12-01,54,73,False,4366.495474384481,4531.338214874268,7602.92350373086,0.5743179544344726
holdout_rmse_v2,transformer_contextual,2025-12-02,52,71,False,6566.330832196431,7368.811652064323,7113.5250682128,0.9230769230769232
holdout_rmse_v2,transformer_contextual,2025-12-03,50,88,False,8323.956894623057,8563.737541437149,9007.2147950591,0.9241432655951711
holdout_rmse_v2,transformer_contextual,2025-12-04,0,65,False,2163.32604936704,9114.501595497131,11898.293271518727,0.1818181818181817
holdout_rmse_v2,transformer_contextual,2025-12-05,50,72,False,3632.4248626830126,5059.829235076904,4598.152699291483,0.7899748225505262
holdout_rmse_v2,transformer_contextual,2025-12-06,48,72,False,36.47113210285835,6849.872291088104,1382.2635419667454,0.02638507852921131
holdout_rmse_v2,transformer_contextual,2025-12-07,47,73,False,10816.630246835208,18035.095185041428,15016.027872077113,0.7203389830508474
holdout_rmse_v2,transformer_contextual,2025-12-08,48,72,False,6320.3383908505375,9965.027511119843,7915.851798133639,0.7984407176926577
holdout_rmse_v2,transformer_contextual,2025-12-09,49,71,False,9957.662550763,11102.026641368866,10593.934918223893,0.9399399399399401
holdout_rmse_v2,transformer_contextual,2025-12-10,50,88,False,4094.027739828541,22329.983115196228,7441.205337455161,0.5501834117144078
holdout_rmse_v2,transformer_contextual,2025-12-11,50,68,False,6984.88670232139,5490.883231163025,25769.030882166222,0.2710574074074073
holdout_rmse_v2,transformer_contextual,2025-12-12,59,68,False,-2340.480183277341,817.6653385162354,9467.73282781811,-0.24720598118279571
holdout_rmse_v2,transformer_contextual,2025-12-13,50,69,False,3713.209183817685,8389.435529708862,4825.562806145682,0.7694872770257307
holdout_rmse_v2,transformer_contextual,2025-12-14,47,69,False,1623.8338903587862,9539.497435092926,3981.935636852956,0.4078001350223107
holdout_rmse_v2,transformer_contextual,2025-12-15,41,73,False,11961.920508264817,22798.94122481346,11961.920508264817,1.0
holdout_rmse_v2,transformer_contextual,2025-12-16,50,69,False,9162.322091436881,15734.673023223877,9575.899130286462,0.956810631229236
holdout_rmse_v2,transformer_contextual,2025-12-17,48,69,False,6873.443597160619,6985.345751047134,7365.352127168311,0.9332131686965506
holdout_rmse_v2,transformer_contextual,2025-12-18,49,69,False,516.1091495040673,4708.7993174791345,4304.280762294158,0.1199060140372869
holdout_rmse_v2,transformer_contextual,2025-12-19,0,73,False,7920.216626574421,12843.23114156723,8844.185907706433,0.8955280575539569
holdout_rmse_v2,transformer_contextual,2025-12-20,50,71,False,9223.693742640322,13254.862070083618,9255.507361013364,0.9965627364192859
holdout_rmse_v2,transformer_contextual,2025-12-21,48,68,False,5987.322977807017,7866.1443293094635,7005.358765744449,0.8546775658492279
holdout_rmse_v2,transformer_contextual,2025-12-22,51,68,False,2380.838939545384,3289.8787558078766,4748.357517077977,0.5014026283788535
holdout_rmse_v2,transformer_contextual,2025-12-23,0,68,False,9658.535004010446,15936.396658420563,10434.86682635867,0.9256021341463415
holdout_rmse_v2,transformer_contextual,2025-12-24,50,88,False,9596.444365031773,17632.02016055584,9825.502417317695,0.976687395457539
holdout_rmse_v2,transformer_contextual,2025-12-25,48,71,False,11001.750510786114,19760.913744568825,11095.330269230428,0.9915658429110642
holdout_rmse_v2,transformer_contextual,2025-12-26,48,72,False,2984.7250435025207,17471.626728773117,7346.620268670262,0.4062718548596981
holdout_rmse_v2,transformer_contextual,2025-12-27,53,68,False,1991.5865933038335,4989.1692996025085,7411.580496026182,0.268712806178338
holdout_rmse_v2,transformer_contextual,2025-12-28,47,73,False,11694.320257319949,18795.297041535378,11889.188213940359,0.98360964995138
holdout_rmse_v2,transformer_contextual,2025-12-29,48,87,False,11056.107259138302,24421.796411275864,12388.222994463616,0.8924691833590139
holdout_rmse_v2,transformer_contextual,2025-12-30,51,71,False,3499.4980210349204,23727.985501289368,31559.10942606037,0.11088709677419355
holdout_rmse_v2,transformer_contextual,2025-12-31,50,70,False,4135.770388495814,16674.918055534363,22576.10161322132,0.18319240670292555
holdout_rmse_v2,xgboost_contextual,2025-11-03,55,86,False,11102.95281219261,16305.904883891344,13361.719716678786,0.830952380952381
holdout_rmse_v2,xgboost_contextual,2025-11-04,49,70,False,6623.783045616314,11255.92577457428,7323.682649823298,0.9044333789881146
holdout_rmse_v2,xgboost_contextual,2025-11-05,50,68,False,2801.3672540094776,3632.922649383545,5662.824070401962,0.49469438202247196
holdout_rmse_v2,xgboost_contextual,2025-11-06,51,69,False,72.9518082912275,4557.8286945819855,922.5949328182957,0.07907241379310209
holdout_rmse_v2,xgboost_contextual,2025-11-07,58,88,False,1997.631180794712,2912.279476411641,6793.7950222018635,0.29403759964298737
holdout_rmse_v2,xgboost_contextual,2025-11-08,55,78,False,7175.723873493941,4863.615809939802,8037.637510627493,0.8927653012475475
holdout_rmse_v2,xgboost_contextual,2025-11-09,54,71,False,12553.211600708064,14091.212134808302,12573.171464875311,0.9984125036214604
holdout_rmse_v2,xgboost_contextual,2025-11-10,50,71,False,10636.110232101038,12538.732738175895,11155.171685390125,0.9534689856930755
holdout_rmse_v2,xgboost_contextual,2025-11-11,50,68,False,7326.494973687474,3456.5920364111666,7485.846206756217,0.9787129966783283
holdout_rmse_v2,xgboost_contextual,2025-11-12,48,71,False,10145.534692703179,13407.782271504402,10483.503486127383,0.9677618466124963
holdout_rmse_v2,xgboost_contextual,2025-11-13,55,69,False,9330.03394341406,4397.5576281081885,9537.757783219018,0.9782208937859135
holdout_rmse_v2,xgboost_contextual,2025-11-14,58,69,False,3707.2727626292744,4918.7095537781715,3791.572488594169,0.9777665530018256
holdout_rmse_v2,xgboost_contextual,2025-11-15,53,77,False,8345.596517840402,8627.98281518917,8345.596517840402,1.0
holdout_rmse_v2,xgboost_contextual,2025-11-16,56,88,False,7319.7663934015745,5232.052869163454,9645.889090707162,0.758848284960422
holdout_rmse_v2,xgboost_contextual,2025-11-17,0,24,False,763.526840953074,3675.5034029483795,7342.5831204987235,0.10398613518197582
holdout_rmse_v2,xgboost_contextual,2025-11-18,50,69,False,9092.720257160334,14135.341759072617,10104.393321423157,0.8998779014156257
holdout_rmse_v2,xgboost_contextual,2025-11-19,54,88,False,8716.931434214255,9896.260038018227,10200.934927737997,0.8545227957989914
holdout_rmse_v2,xgboost_contextual,2025-11-20,54,69,False,8526.049723975988,8499.614188447595,8685.117815841211,0.9816849816849818
holdout_rmse_v2,xgboost_contextual,2025-11-21,53,68,False,6683.354046019838,9731.564328074455,7103.440151188545,0.9408615971659283
holdout_rmse_v2,xgboost_contextual,2025-11-22,54,88,False,2126.702211895992,3194.181558210403,6264.524578776868,0.3394834173212271
holdout_rmse_v2,xgboost_contextual,2025-11-23,56,73,False,5747.464202083447,8514.892665436491,6269.694291762487,0.9167056533577437
holdout_rmse_v2,xgboost_contextual,2025-11-24,53,72,False,7519.555916784296,11818.012142553926,10017.17946801529,0.7506659874462795
holdout_rmse_v2,xgboost_contextual,2025-11-25,56,88,False,1.9151798260572672,3173.963509500027,1565.2300239538,0.001223577235772342
holdout_rmse_v2,xgboost_contextual,2025-11-26,47,79,False,7693.910452277767,3899.0061655640607,7918.575043866373,0.9716281540120494
holdout_rmse_v2,xgboost_contextual,2025-11-27,52,72,False,2444.567979870268,3834.1853935271506,3235.7981197025892,0.7554760493200839
holdout_rmse_v2,xgboost_contextual,2025-11-28,56,70,False,1947.413384192861,2496.6224282397893,6405.093051558167,0.30404138839467976
holdout_rmse_v2,xgboost_contextual,2025-11-29,10,25,False,-210.66341814262836,3121.9336092472076,5801.283300285127,-0.036313244369961126
holdout_rmse_v2,xgboost_contextual,2025-11-30,54,88,False,10816.630246835208,11152.939733117819,10816.630246835208,1.0
holdout_rmse_v2,xgboost_contextual,2025-12-01,51,68,False,76.13635149037279,8105.658769607544,7602.92350373086,0.010014088850560134
holdout_rmse_v2,xgboost_contextual,2025-12-02,54,71,False,6566.330832196431,4088.1929509341717,7113.5250682128,0.9230769230769232
holdout_rmse_v2,xgboost_contextual,2025-12-03,56,73,False,8615.127855420511,6481.300808489323,9007.2147950591,0.9564696802996562
holdout_rmse_v2,xgboost_contextual,2025-12-04,49,69,False,11611.970706161324,5176.583230495453,11898.293271518727,0.9759358288770054
holdout_rmse_v2,xgboost_contextual,2025-12-05,56,88,False,4130.9251744176,2253.5701077431436,4598.152699291483,0.8983879928681192
holdout_rmse_v2,xgboost_contextual,2025-12-06,50,73,False,28.632256535740197,4137.718132464215,1382.2635419667454,0.020714035830678833
holdout_rmse_v2,xgboost_contextual,2025-12-07,48,70,False,10053.103405882133,10563.939624931663,15016.027872077113,0.6694915254237287
holdout_rmse_v2,xgboost_contextual,2025-12-08,50,74,False,5726.702634733197,8263.746287673712,7915.851798133639,0.7234474293825727
holdout_rmse_v2,xgboost_contextual,2025-12-09,50,69,False,10212.171497747358,13068.988129976788,10593.934918223893,0.9639639639639642
holdout_rmse_v2,xgboost_contextual,2025-12-10,49,86,False,3242.2944605743646,16937.945991754532,7441.205337455161,0.43572167592988453
holdout_rmse_v2,xgboost_contextual,2025-12-11,55,64,False,3539.2682253630633,3938.7108087539673,25769.030882166222,0.13734580246913583
holdout_rmse_v2,xgboost_contextual,2025-12-12,54,69,False,-9666.342065959192,5893.538311123848,9467.73282781811,-1.02097748655914
holdout_rmse_v2,xgboost_contextual,2025-12-13,56,69,False,3694.1210127938575,7699.039444327354,4825.562806145682,0.7655316408044972
holdout_rmse_v2,xgboost_contextual,2025-12-14,55,71,False,345.4386310181945,9968.464370816946,3981.935636852956,0.08675143511139348
holdout_rmse_v2,xgboost_contextual,2025-12-15,47,75,False,11961.920508264817,16284.892749041323,11961.920508264817,1.0
holdout_rmse_v2,xgboost_contextual,2025-12-16,53,68,False,9257.762946556015,7604.404032230377,9575.899130286462,0.9667774086378739
holdout_rmse_v2,xgboost_contextual,2025-12-17,48,71,False,6396.239321564947,4731.226794421673,7365.352127168311,0.8684227462759544
holdout_rmse_v2,xgboost_contextual,2025-12-18,56,74,False,-1353.9685097857594,2153.6561232060194,4304.280762294158,-0.3145632417026861
holdout_rmse_v2,xgboost_contextual,2025-12-19,47,68,False,8821.461440102566,8492.535158991814,8844.185907706433,0.9974305755395683
holdout_rmse_v2,xgboost_contextual,2025-12-20,56,73,False,9191.880124267276,8373.609233647585,9255.507361013364,0.9931254728385714
holdout_rmse_v2,xgboost_contextual,2025-12-21,54,70,False,6909.917910625314,5856.309755414259,7005.358765744449,0.986376021798365
holdout_rmse_v2,xgboost_contextual,2025-12-22,49,69,False,2320.847999379335,2306.921527022496,4748.357517077977,0.4887685880922311
holdout_rmse_v2,xgboost_contextual,2025-12-23,52,69,False,10012.331072575238,13004.19795140624,10434.86682635867,0.9595073170731706
holdout_rmse_v2,xgboost_contextual,2025-12-24,55,73,False,8272.323392003605,10807.117097079754,9825.502417317695,0.8419237043210561
holdout_rmse_v2,xgboost_contextual,2025-12-25,54,72,False,10650.152763250899,13084.945993497968,11095.330269230428,0.959877038792248
holdout_rmse_v2,xgboost_contextual,2025-12-26,49,69,False,4445.02102861467,11295.723930001259,7346.620268670262,0.6050429811338567
holdout_rmse_v2,xgboost_contextual,2025-12-27,49,69,False,2349.228928329928,3764.81016818434,7411.580496026182,0.3169673363986937
holdout_rmse_v2,xgboost_contextual,2025-12-28,55,71,False,11889.188213940359,12313.715124037117,11889.188213940359,1.0
holdout_rmse_v2,xgboost_contextual,2025-12-29,52,88,False,11102.952812192609,16753.022991120815,12388.222994463616,0.8962506420133538
holdout_rmse_v2,xgboost_contextual,2025-12-30,52,70,False,3531.311639407965,13866.230636835098,31559.10942606037,0.11189516129032258
holdout_rmse_v2,xgboost_contextual,2025-12-31,52,66,False,2672.343943335754,10301.30386352539,22576.10161322132,0.11837047817727486
holdout_rmse_v2,lstm_contextual,2025-11-03,35,85,False,9665.444921921071,15099.740598350765,13361.719716678786,0.7233683333333332
holdout_rmse_v2,lstm_contextual,2025-11-04,51,68,False,7323.682649823298,7941.5323138237,7323.682649823298,1.0
holdout_rmse_v2,lstm_contextual,2025-11-05,0,61,False,668.0859858339403,7012.858182191849,5662.824070401962,0.11797752808988782
holdout_rmse_v2,lstm_contextual,2025-11-06,52,69,False,72.9518082912275,4567.693114280701,922.5949328182957,0.07907241379310209
holdout_rmse_v2,lstm_contextual,2025-11-07,37,88,False,2672.817966249515,3201.32802426815,6793.7950222018635,0.39342046051063473
holdout_rmse_v2,lstm_contextual,2025-11-08,34,88,False,7722.813124569679,4093.682948499918,8037.637510627493,0.96083122862389
holdout_rmse_v2,lstm_contextual,2025-11-09,35,69,False,12057.402721087836,10564.763627946377,12573.171464875311,0.9589786280073935
holdout_rmse_v2,lstm_contextual,2025-11-10,35,70,False,10210.666713598312,9255.000703036785,11155.171685390125,0.915330306119015
holdout_rmse_v2,lstm_contextual,2025-11-11,59,70,False,6636.63892880086,3223.528280854225,7485.846206756217,0.8865582788504365
holdout_rmse_v2,lstm_contextual,2025-11-12,34,79,False,9401.290085846007,11165.961347520351,10483.503486127383,0.8967698726181139
holdout_rmse_v2,lstm_contextual,2025-11-13,58,70,False,8600.751281277733,3706.9932222366333,9537.757783219018,0.9017581990192832
holdout_rmse_v2,lstm_contextual,2025-11-14,35,71,False,3167.946034436559,3336.3158926367755,3791.572488594169,0.8355230037052945
holdout_rmse_v2,lstm_contextual,2025-11-15,35,73,False,7771.526137022484,6056.1022609472275,8345.596517840402,0.9312127803458116
holdout_rmse_v2,lstm_contextual,2025-11-16,35,88,False,7319.095126053903,4394.3086713552475,9645.889090707162,0.7587786939313983
holdout_rmse_v2,lstm_contextual,2025-11-17,36,71,False,6576.857958516071,2818.855188786983,7342.5831204987235,0.8957144714038127
holdout_rmse_v2,lstm_contextual,2025-11-18,34,68,False,9541.648588746042,8258.960224688053,10104.393321423157,0.9443069252377584
holdout_rmse_v2,lstm_contextual,2025-11-19,35,88,False,8716.931434214255,7983.927208930254,10200.934927737997,0.8545227957989914
holdout_rmse_v2,lstm_contextual,2025-11-20,56,69,False,8526.049723975988,5154.52203899622,8685.117815841211,0.9816849816849818
holdout_rmse_v2,lstm_contextual,2025-11-21,36,68,False,6683.354046019838,5452.89546251297,7103.440151188545,0.9408615971659283
holdout_rmse_v2,lstm_contextual,2025-11-22,35,88,False,2110.047782677703,3081.2577158212657,6264.524578776868,0.3368248868918452
holdout_rmse_v2,lstm_contextual,2025-11-23,36,72,False,4067.7051519866845,4972.732450813055,6269.694291762487,0.6487884357186422
holdout_rmse_v2,lstm_contextual,2025-11-24,36,71,False,8438.969487765287,6035.720702260733,10017.17946801529,0.8424496650689742
holdout_rmse_v2,lstm_contextual,2025-11-25,35,88,False,1.9151798260572672,2819.990403950214,1565.2300239538,0.001223577235772342
holdout_rmse_v2,lstm_contextual,2025-11-26,37,88,False,4878.472034861892,4457.970075309276,7918.575043866373,0.6160795355018697
holdout_rmse_v2,lstm_contextual,2025-11-27,35,71,False,2603.254308315015,3428.7289604544635,3235.7981197025892,0.8045169111335929
holdout_rmse_v2,lstm_contextual,2025-11-28,35,88,False,4122.787250837774,2256.5554268658157,6405.093051558167,0.6436732796309375
holdout_rmse_v2,lstm_contextual,2025-11-29,37,71,False,4827.745220366072,2673.2508130371566,5801.283300285127,0.832185737271061
holdout_rmse_v2,lstm_contextual,2025-11-30,35,83,False,9734.967222151685,9938.53896483779,10816.630246835208,0.8999999999999998
holdout_rmse_v2,lstm_contextual,2025-12-01,55,70,False,2934.8826475974724,5421.605110168457,7602.92350373086,0.38602027840439074
holdout_rmse_v2,lstm_contextual,2025-12-02,57,88,False,6215.23573983151,3552.6915639638905,7113.5250682128,0.8737209302325583
holdout_rmse_v2,lstm_contextual,2025-12-03,36,88,False,8323.956894623057,5843.277424573898,9007.2147950591,0.9241432655951711
holdout_rmse_v2,lstm_contextual,2025-12-04,0,64,False,1857.5717259073822,8932.641625404358,11898.293271518727,0.1561208556149732
holdout_rmse_v2,lstm_contextual,2025-12-05,36,88,False,4130.9251744176,1890.6800709664813,4598.152699291483,0.8983879928681192
holdout_rmse_v2,lstm_contextual,2025-12-06,35,88,False,1382.2635419667454,2936.4877045154567,1382.2635419667454,1.0
holdout_rmse_v2,lstm_contextual,2025-12-07,35,75,False,11031.14629416281,11362.641923129559,15016.027872077113,0.7346247881355932
holdout_rmse_v2,lstm_contextual,2025-12-08,36,73,False,6172.475055376301,6233.308337628841,7915.851798133639,0.7797613210534862
holdout_rmse_v2,lstm_contextual,2025-12-09,38,68,False,9671.339985405597,8171.277664601803,10593.934918223893,0.912912912912913
holdout_rmse_v2,lstm_contextual,2025-12-10,49,87,False,3242.2944605743646,15836.472749710083,7441.205337455161,0.43572167592988453
holdout_rmse_v2,lstm_contextual,2025-12-11,51,64,False,5339.807677613087,5527.969300746918,25769.030882166222,0.20721802469135803
holdout_rmse_v2,lstm_contextual,2025-12-12,56,72,False,-8546.687218214583,4008.057586848736,9467.73282781811,-0.9027174059139788
holdout_rmse_v2,lstm_contextual,2025-12-13,35,69,False,2857.534197247087,5087.883897125721,4825.562806145682,0.5921659943183877
holdout_rmse_v2,lstm_contextual,2025-12-14,35,69,False,1622.3545571044392,5740.611061453819,3981.935636852956,0.4074286239309069
holdout_rmse_v2,lstm_contextual,2025-12-15,35,77,False,9703.153603778639,13965.430848300457,11961.920508264817,0.8111702127659572
holdout_rmse_v2,lstm_contextual,2025-12-16,51,67,False,9416.831038421238,9927.440106868744,9575.899130286462,0.9833887043189369
holdout_rmse_v2,lstm_contextual,2025-12-17,37,70,False,6682.561886922351,4749.938368797302,7365.352127168311,0.9072969997283122
holdout_rmse_v2,lstm_contextual,2025-12-18,35,88,False,40.31739856415961,2864.787675440311,4304.280762294158,0.009366814292725333
holdout_rmse_v2,lstm_contextual,2025-12-19,0,68,False,8079.284718439643,8941.643133759499,8844.185907706433,0.9135136690647482
holdout_rmse_v2,lstm_contextual,2025-12-20,36,70,False,8110.217099583755,6466.893956065178,9255.507361013364,0.8762585110942839
holdout_rmse_v2,lstm_contextual,2025-12-21,35,88,False,3227.879710089538,4026.9392654299736,7005.358765744449,0.46077293369663935
holdout_rmse_v2,lstm_contextual,2025-12-22,37,88,False,-1924.7239115692057,2164.8551598191257,4748.357517077977,-0.4053451966594196
holdout_rmse_v2,lstm_contextual,2025-12-23,0,67,False,9913.043950994803,10002.019621431828,10434.86682635867,0.9499923780487805
holdout_rmse_v2,lstm_contextual,2025-12-24,37,88,False,7889.866434646536,9116.807535290718,9825.502417317695,0.8029987780309786
holdout_rmse_v2,lstm_contextual,2025-12-25,36,69,False,7396.004548470739,12245.951101183891,11095.330269230428,0.6665871469352598
holdout_rmse_v2,lstm_contextual,2025-12-26,48,69,False,4564.21393121112,9474.695593118668,7346.620268670262,0.6212671628987356
holdout_rmse_v2,lstm_contextual,2025-12-27,59,70,False,3109.5744074456966,2657.9839885234837,7411.580496026182,0.4195561809134956
holdout_rmse_v2,lstm_contextual,2025-12-28,35,76,False,8637.947763879498,11662.5916659832,11889.188213940359,0.726538062014301
holdout_rmse_v2,lstm_contextual,2025-12-29,49,84,False,10841.365335120248,13025.569915771484,12388.222994463616,0.8751348228043142
holdout_rmse_v2,lstm_contextual,2025-12-30,52,68,False,7317.132225800284,11800.3471493721,31559.10942606037,0.2318548387096773
holdout_rmse_v2,lstm_contextual,2025-12-31,50,67,False,3499.4980210349167,10704.673886299133,22576.10161322132,0.15500895951785998
holdout_rmse_v2,catboost_contextual,2025-11-03,54,79,False,1081.663024683521,18994.137505686034,13361.719716678786,0.08095238095238096
holdout_rmse_v2,catboost_contextual,2025-11-04,48,70,False,5987.657020799937,9382.697026361204,7323.682649823298,0.8175746147253395
holdout_rmse_v2,catboost_contextual,2025-11-05,0,25,False,5344.687886671515,5922.696712458515,5662.824070401962,0.9438202247191012
holdout_rmse_v2,catboost_contextual,2025-11-06,50,68,False,303.47010566047226,3358.969172088109,922.5949328182957,0.3289310344827576
holdout_rmse_v2,catboost_contextual,2025-11-07,58,74,False,4461.564110168654,1639.7081425079516,6793.7950222018635,0.6567116163482166
holdout_rmse_v2,catboost_contextual,2025-11-08,49,75,False,7200.353976838351,3292.524390279085,8037.637510627493,0.895829647370627
holdout_rmse_v2,catboost_contextual,2025-11-09,48,71,False,12531.327012629246,12383.135839774746,12573.171464875311,0.9966719254276487
holdout_rmse_v2,catboost_contextual,2025-11-10,47,75,False,10473.304040076982,11106.597781441867,11155.171685390125,0.9388743029203054
holdout_rmse_v2,catboost_contextual,2025-11-11,48,69,False,7445.531989553895,2922.2328655237266,7485.846206756217,0.9946146078761361
holdout_rmse_v2,catboost_contextual,2025-11-12,49,74,False,9725.42631800161,12926.745183866844,10483.503486127383,0.9276885662194015
holdout_rmse_v2,catboost_contextual,2025-11-13,47,70,False,9146.45027723057,3451.7008008109115,9537.757783219018,0.9589727989657144
holdout_rmse_v2,catboost_contextual,2025-11-14,48,69,False,3738.0619824907076,3263.7221988563683,3791.572488594169,0.985886988508216
holdout_rmse_v2,catboost_contextual,2025-11-15,47,76,False,8345.596517840402,5501.2795004205445,8345.596517840402,1.0
holdout_rmse_v2,catboost_contextual,2025-11-16,47,75,False,9359.566525349757,3108.0017097301625,9645.889090707162,0.9703166226912927
holdout_rmse_v2,catboost_contextual,2025-11-17,49,70,False,6826.365804692187,2971.6104881089514,7342.5831204987235,0.9296954072790294
holdout_rmse_v2,catboost_contextual,2025-11-18,47,71,False,8497.579716893948,10671.84313820035,10104.393321423157,0.8409787155531178
holdout_rmse_v2,catboost_contextual,2025-11-19,47,81,False,7660.95472500513,9101.445113362031,10200.934927737997,0.751005155828781
holdout_rmse_v2,catboost_contextual,2025-11-20,52,69,False,8526.049723975988,6224.374792526055,8685.117815841211,0.9816849816849818
holdout_rmse_v2,catboost_contextual,2025-11-21,48,68,False,6683.354046019838,6847.47016513091,7103.440151188545,0.9408615971659283
holdout_rmse_v2,catboost_contextual,2025-11-22,49,88,False,2126.702211895992,1542.7265652025806,6264.524578776868,0.3394834173212271
holdout_rmse_v2,catboost_contextual,2025-11-23,49,73,False,5747.464202083447,4342.6198569228,6269.694291762487,0.9167056533577437
holdout_rmse_v2,catboost_contextual,2025-11-24,52,72,False,7519.555916784296,7097.162935461051,10017.17946801529,0.7506659874462795
holdout_rmse_v2,catboost_contextual,2025-11-25,51,88,False,1.9151798260572672,1937.7276329112801,1565.2300239538,0.001223577235772342
holdout_rmse_v2,catboost_contextual,2025-11-26,57,86,False,6342.47748787634,2808.4376378319084,7918.575043866373,0.8009619726707197
holdout_rmse_v2,catboost_contextual,2025-11-27,47,70,False,2443.6040272335654,2510.152749843371,3235.7981197025892,0.755178146731281
holdout_rmse_v2,catboost_contextual,2025-11-28,51,88,False,4122.787250837774,1782.805962478013,6405.093051558167,0.6436732796309375
holdout_rmse_v2,catboost_contextual,2025-11-29,0,25,False,3071.903901930175,2651.307285693698,5801.283300285127,0.5295214425710246
holdout_rmse_v2,catboost_contextual,2025-11-30,49,75,False,8939.626762825566,10754.800556348055,10816.630246835208,0.8264705882352938
holdout_rmse_v2,catboost_contextual,2025-12-01,52,76,False,1463.2101125551192,7370.195968833422,7602.92350373086,0.19245361495970617
holdout_rmse_v2,catboost_contextual,2025-12-02,51,71,False,6566.330832196431,3079.905714491332,7113.5250682128,0.9230769230769232
holdout_rmse_v2,catboost_contextual,2025-12-03,49,88,False,8323.956894623057,5484.670315552915,9007.2147950591,0.9241432655951711
holdout_rmse_v2,catboost_contextual,2025-12-04,50,67,False,11555.727410239617,7565.308266698691,11898.293271518727,0.9712088235294116
holdout_rmse_v2,catboost_contextual,2025-12-05,51,88,False,4130.9251744176,1823.3583968542562,4598.152699291483,0.8983879928681192
holdout_rmse_v2,catboost_contextual,2025-12-06,51,73,False,28.632256535740197,2994.444777422061,1382.2635419667454,0.020714035830678833
holdout_rmse_v2,catboost_contextual,2025-12-07,47,71,False,10275.798734493448,12557.60730458694,15016.027872077113,0.684322033898305
holdout_rmse_v2,catboost_contextual,2025-12-08,51,73,False,6172.475055376301,5539.574336090943,7915.851798133639,0.7797613210534862
holdout_rmse_v2,catboost_contextual,2025-12-09,49,71,False,9957.662550763,11095.10855383032,10593.934918223893,0.9399399399399401
holdout_rmse_v2,catboost_contextual,2025-12-10,49,76,False,3242.2944605743646,16847.14668237575,7441.205337455161,0.43572167592988453
holdout_rmse_v2,catboost_contextual,2025-12-11,49,69,False,6984.88670232139,6949.196645443988,25769.030882166222,0.2710574074074073
holdout_rmse_v2,catboost_contextual,2025-12-12,53,71,False,-12359.014911435324,3539.3652346111608,9467.73282781811,-1.3053827284946238
holdout_rmse_v2,catboost_contextual,2025-12-13,50,69,False,3713.209183817685,5277.67831524967,4825.562806145682,0.7694872770257307
holdout_rmse_v2,catboost_contextual,2025-12-14,50,70,False,596.4162663631441,6786.416420390442,3981.935636852956,0.14978048887663836
holdout_rmse_v2,catboost_contextual,2025-12-15,47,74,False,11961.920508264817,16359.27786305401,11961.920508264817,1.0
holdout_rmse_v2,catboost_contextual,2025-12-16,51,69,False,9162.322091436881,11075.691763941026,9575.899130286462,0.956810631229236
holdout_rmse_v2,catboost_contextual,2025-12-17,49,71,False,6396.239321564947,4935.881769014921,7365.352127168311,0.8684227462759544
holdout_rmse_v2,catboost_contextual,2025-12-18,48,88,False,40.31739856415961,2167.3834906929246,4304.280762294158,0.009366814292725333
holdout_rmse_v2,catboost_contextual,2025-12-19,10,73,False,8685.11781584121,9810.981375229605,8844.185907706433,0.9820143884892086
holdout_rmse_v2,catboost_contextual,2025-12-20,52,72,False,9223.693742640322,8888.63996939914,9255.507361013364,0.9965627364192859
holdout_rmse_v2,catboost_contextual,2025-12-21,50,70,False,6909.917910625314,4410.221592589873,7005.358765744449,0.986376021798365
holdout_rmse_v2,catboost_contextual,2025-12-22,55,88,False,626.2542590352226,1823.8315272547525,4748.357517077977,0.1318886071200056
holdout_rmse_v2,catboost_contextual,2025-12-23,51,70,False,10044.144690948284,11567.291729523784,10434.86682635867,0.9625560975609756
holdout_rmse_v2,catboost_contextual,2025-12-24,52,78,False,8504.2446699431,11687.442865790968,9825.502417317695,0.8655277164202978
holdout_rmse_v2,catboost_contextual,2025-12-25,48,72,False,11001.750510786114,14104.04380828464,11095.330269230428,0.9915658429110642
holdout_rmse_v2,catboost_contextual,2025-12-26,48,75,False,835.6769460613025,10871.16209184013,7346.620268670262,0.11374984897818327
holdout_rmse_v2,catboost_contextual,2025-12-27,54,70,False,3119.862931627539,3481.920852812939,7411.580496026182,0.4209443496296499
holdout_rmse_v2,catboost_contextual,2025-12-28,49,72,False,11761.933740448181,13625.903488000462,11889.188213940359,0.9892966221745091
holdout_rmse_v2,catboost_contextual,2025-12-29,51,81,False,10692.78301187078,16967.097778845015,12388.222994463616,0.8631409861325116
holdout_rmse_v2,catboost_contextual,2025-12-30,52,76,False,9766.78084052473,13962.735337137812,31559.10942606037,0.3094758064516129
holdout_rmse_v2,catboost_contextual,2025-12-31,48,67,False,3499.4980210349167,11057.909991247343,22576.10161322132,0.15500895951785998
holdout_rmse_v2,lgb_baseline,2025-11-03,55,88,False,13361.719716678786,18144.335909711364,13361.719716678786,1.0
holdout_rmse_v2,lgb_baseline,2025-11-04,49,67,False,6878.291992600669,12043.296316214837,7323.682649823298,0.9391848775378907
holdout_rmse_v2,lgb_baseline,2025-11-05,1,31,False,3227.9624254973064,5972.052368244096,5662.824070401962,0.5700269662921345
holdout_rmse_v2,lgb_baseline,2025-11-06,51,83,False,-2285.127668670081,1603.2468264335166,922.5949328182957,-2.4768482758620736
holdout_rmse_v2,lgb_baseline,2025-11-07,58,83,False,4451.612810341565,5159.75062780501,6793.7950222018635,0.655246853311568
holdout_rmse_v2,lgb_baseline,2025-11-08,56,88,False,7835.09929061734,5825.91978068086,8037.637510627493,0.9748012746603273
holdout_rmse_v2,lgb_baseline,2025-11-09,55,67,False,11334.988619158248,12620.98968750588,12573.171464875311,0.9015218356660387
holdout_rmse_v2,lgb_baseline,2025-11-10,52,77,False,10272.995954714781,10855.498659626763,11155.171685390125,0.9209177809579815
holdout_rmse_v2,lgb_baseline,2025-11-11,57,83,False,4973.317975317451,5361.508076228403,7485.846206756217,0.6643628305947391
holdout_rmse_v2,lgb_baseline,2025-11-12,49,71,False,10139.003356851192,11646.784981775898,10483.503486127383,0.9671388358164748
holdout_rmse_v2,lgb_baseline,2025-11-13,56,73,False,9261.017479715578,5062.797625912167,9537.757783219018,0.9709847628978013
holdout_rmse_v2,lgb_baseline,2025-11-14,58,83,False,2313.2509073118513,4812.3719708106955,3791.572488594169,0.6101033052303725
holdout_rmse_v2,lgb_baseline,2025-11-15,54,85,False,7954.3876340689085,6685.58234363722,8345.596517840402,0.9531239159555335
holdout_rmse_v2,lgb_baseline,2025-11-16,59,82,False,9219.58660450836,6331.373168351587,9645.889090707162,0.9558047493403692
holdout_rmse_v2,lgb_baseline,2025-11-17,57,84,False,6960.819700022187,6157.474726197208,7342.5831204987235,0.9480069324090122
holdout_rmse_v2,lgb_baseline,2025-11-18,51,67,False,10104.393321423157,10512.37492981603,10104.393321423157,1.0
holdout_rmse_v2,lgb_baseline,2025-11-19,52,84,False,8282.793253810174,9352.865914514137,10200.934927737997,0.811964130002233
holdout_rmse_v2,lgb_baseline,2025-11-20,55,78,False,6392.437594169369,7084.746943674539,8685.117815841211,0.7360219780219779
holdout_rmse_v2,lgb_baseline,2025-11-21,52,67,False,7103.440151188545,6624.310200745665,7103.440151188545,1.0
holdout_rmse_v2,lgb_baseline,2025-11-22,54,88,False,2126.702211895992,5447.216030368924,6264.524578776868,0.3394834173212271
holdout_rmse_v2,lgb_baseline,2025-11-23,55,85,False,1737.2971602862501,6659.800457351429,6269.694291762487,0.2770943971811861
holdout_rmse_v2,lgb_baseline,2025-11-24,56,81,False,4894.496554436396,7766.054373010171,10017.17946801529,0.4886102490291257
holdout_rmse_v2,lgb_baseline,2025-11-25,52,85,False,29.185813495431255,5851.732127462031,1565.2300239538,0.018646341463414658
holdout_rmse_v2,lgb_baseline,2025-11-26,56,84,False,7142.682249451696,7449.862049195482,7918.575043866373,0.9020161089442887
holdout_rmse_v2,lgb_baseline,2025-11-27,56,83,False,2081.762294582229,5365.84481540928,3235.7981197025892,0.6433535769448958
holdout_rmse_v2,lgb_baseline,2025-11-28,56,88,False,4083.7742106269097,4925.275254701912,6405.093051558167,0.6375823392032455
holdout_rmse_v2,lgb_baseline,2025-11-29,56,88,False,556.617429778465,5738.222452353414,5801.283300285127,0.09594729320512718
holdout_rmse_v2,lgb_baseline,2025-11-30,54,77,False,9035.067617944702,10556.764727464173,10816.630246835208,0.8352941176470587
holdout_rmse_v2,lgb_baseline,2025-12-01,52,88,False,3658.3497802952056,5718.517956215779,7602.92350373086,0.48117671820583263
holdout_rmse_v2,lgb_baseline,2025-12-02,50,88,False,6215.23573983151,7552.195791972682,7113.5250682128,0.8737209302325583
holdout_rmse_v2,lgb_baseline,2025-12-03,50,85,False,7684.503165324859,7856.129936510478,9007.2147950591,0.853149762736888
holdout_rmse_v2,lgb_baseline,2025-12-04,49,63,False,11210.775527582533,8167.617599103791,11898.293271518727,0.9422171122994653
holdout_rmse_v2,lgb_baseline,2025-12-05,56,88,False,4130.9251744176,5193.540102300761,4598.152699291483,0.8983879928681192
holdout_rmse_v2,lgb_baseline,2025-12-06,56,80,False,118.74751193922673,4190.2093289630375,1382.2635419667454,0.0859080112684355
holdout_rmse_v2,lgb_baseline,2025-12-07,54,67,False,10148.544261001269,11515.680021371722,15016.027872077113,0.6758474576271186
holdout_rmse_v2,lgb_baseline,2025-12-08,54,84,False,6967.63735843953,7774.555159996586,7915.851798133639,0.8802132147145965
holdout_rmse_v2,lgb_baseline,2025-12-09,51,68,False,10466.680444731715,14384.686435900801,10593.934918223893,0.9879879879879881
holdout_rmse_v2,lgb_baseline,2025-12-10,50,88,False,4094.027739828541,17902.891289134597,7441.205337455161,0.5501834117144078
holdout_rmse_v2,lgb_baseline,2025-12-11,52,62,False,3660.0486275163266,2923.7854236703242,25769.030882166222,0.14203283950617285
holdout_rmse_v2,lgb_baseline,2025-12-12,54,86,False,-12064.46852572849,5024.475327944443,9467.73282781811,-1.2742721774193548
holdout_rmse_v2,lgb_baseline,2025-12-13,49,86,False,1374.9527724646198,6776.925857494591,4825.562806145682,0.28493106974248145
holdout_rmse_v2,lgb_baseline,2025-12-14,55,68,False,2664.708674926226,7760.395968757894,3981.935636852956,0.6691993336768813
holdout_rmse_v2,lgb_baseline,2025-12-15,49,84,False,11802.852416399592,15494.05733215419,11961.920508264817,0.9867021276595743
holdout_rmse_v2,lgb_baseline,2025-12-16,50,63,False,8557.86334234903,7321.424045469025,9575.899130286462,0.893687707641196
holdout_rmse_v2,lgb_baseline,2025-12-17,54,85,False,2304.059952963879,6529.760149238014,7365.352127168311,0.3128241410841683
holdout_rmse_v2,lgb_baseline,2025-12-18,57,85,False,-2655.053241750007,5038.11019193983,4304.280762294158,-0.6168401617776621
holdout_rmse_v2,lgb_baseline,2025-12-19,49,88,False,5512.845129305916,8750.768241111302,8844.185907706433,0.6233298561151079
holdout_rmse_v2,lgb_baseline,2025-12-20,56,70,False,9223.69374264032,9131.70081942171,9255.507361013364,0.9965627364192857
holdout_rmse_v2,lgb_baseline,2025-12-21,48,72,False,7005.358765744449,8104.686477602794,7005.358765744449,1.0
holdout_rmse_v2,lgb_baseline,2025-12-22,50,88,False,60.71629066495565,5223.263374475601,4748.357517077977,0.01278679847643801
holdout_rmse_v2,lgb_baseline,2025-12-23,50,66,False,10307.61235286649,13140.222117111141,10434.86682635867,0.9878048780487805
holdout_rmse_v2,lgb_baseline,2025-12-24,52,75,False,8058.854012720475,10859.337482885663,9825.502417317695,0.8201976520321792
holdout_rmse_v2,lgb_baseline,2025-12-25,51,72,False,11031.703032484338,13279.476275081042,11095.330269230428,0.9942654039850854
holdout_rmse_v2,lgb_baseline,2025-12-26,50,88,False,2708.3474152485314,11654.87874516981,7346.620268670262,0.36865215789065714
holdout_rmse_v2,lgb_baseline,2025-12-27,50,85,False,4667.888150765198,6134.36199690853,7411.580496026182,0.6298100861574597
holdout_rmse_v2,lgb_baseline,2025-12-28,50,83,False,9232.986500567087,11630.104982379315,11889.188213940359,0.7765867891418515
holdout_rmse_v2,lgb_baseline,2025-12-29,50,87,False,11098.158499903793,13928.660567756848,12388.222994463616,0.8958636363636365
holdout_rmse_v2,lgb_baseline,2025-12-30,50,67,False,9098.694854690792,14374.769736358288,31559.10942606037,0.2883064516129032
holdout_rmse_v2,lgb_baseline,2025-12-31,54,69,False,3563.1252577810064,10811.758656917233,22576.10161322132,0.15782730423636654
holdout_rmse_v2,lgb_full,2025-11-03,39,77,False,0.0,18972.55026788797,13361.719716678786,0.0
holdout_rmse_v2,lgb_full,2025-11-04,51,71,False,6782.851137481537,8480.065535163456,7323.682649823298,0.9261530655817248
holdout_rmse_v2,lgb_full,2025-11-05,0,24,False,5503.7559785367375,5315.373673555744,5662.824070401962,0.9719101123595505
holdout_rmse_v2,lgb_full,2025-11-06,48,67,False,390.0445053390404,4969.232387358649,922.5949328182957,0.4227689655172422
holdout_rmse_v2,lgb_full,2025-11-07,42,87,False,1052.0095509980058,2082.0501360034978,6793.7950222018635,0.15484858574038202
holdout_rmse_v2,lgb_full,2025-11-08,38,88,False,7823.439599483619,2907.9440355031516,8037.637510627493,0.9733506380624085
holdout_rmse_v2,lgb_full,2025-11-09,52,71,False,12540.476609273333,17530.056318599894,12573.171464875311,0.9973996333627267
holdout_rmse_v2,lgb_full,2025-11-10,42,73,False,10809.201766945102,11060.024278996592,11155.171685390125,0.9689856930756038
holdout_rmse_v2,lgb_full,2025-11-11,56,70,False,7403.013088598321,1909.0673981400766,7485.846206756217,0.9889347021204982
holdout_rmse_v2,lgb_full,2025-11-12,28,75,False,8806.792180670756,18348.815031615788,10483.503486127383,0.8400619308539949
holdout_rmse_v2,lgb_full,2025-11-13,49,70,False,9146.45027723057,2404.805955399704,9537.757783219018,0.9589727989657144
holdout_rmse_v2,lgb_full,2025-11-14,48,70,False,3629.0907954775175,2133.4285005921165,3791.572488594169,0.9571466209322307
holdout_rmse_v2,lgb_full,2025-11-15,57,82,False,7805.356738800379,7184.35474963128,8345.596517840402,0.9352664871965531
holdout_rmse_v2,lgb_full,2025-11-16,41,85,False,8319.830668320074,3166.769429862688,9645.889090707162,0.8625260554089709
holdout_rmse_v2,lgb_full,2025-11-17,0,23,False,636.2723674608955,3340.9707866402823,7342.5831204987235,0.08665511265164656
holdout_rmse_v2,lgb_full,2025-11-18,40,70,False,8747.249812523767,13564.430129552491,10104.393321423157,0.865687778995895
holdout_rmse_v2,lgb_full,2025-11-19,40,88,False,8716.931434214255,10629.483385374208,10200.934927737997,0.8545227957989914
holdout_rmse_v2,lgb_full,2025-11-20,55,69,False,8526.049723975988,7953.85332021282,8685.117815841211,0.9816849816849818
holdout_rmse_v2,lgb_full,2025-11-21,52,68,False,6683.354046019838,8161.081565630227,7103.440151188545,0.9408615971659283
holdout_rmse_v2,lgb_full,2025-11-22,38,88,False,2126.702211895992,2160.4375285174247,6264.524578776868,0.3394834173212271
holdout_rmse_v2,lgb_full,2025-11-23,48,73,False,5747.464202083447,4973.504788077651,6269.694291762487,0.9167056533577437
holdout_rmse_v2,lgb_full,2025-11-24,41,72,False,7519.555916784296,4841.550599701307,10017.17946801529,0.7506659874462795
holdout_rmse_v2,lgb_full,2025-11-25,38,88,False,1.9151798260572672,2451.34054843928,1565.2300239538,0.001223577235772342
holdout_rmse_v2,lgb_full,2025-11-26,58,85,False,6757.584761769664,4295.525824155456,7918.575043866373,0.8533839389454296
holdout_rmse_v2,lgb_full,2025-11-27,39,72,False,2444.567979870268,3327.4733790399146,3235.7981197025892,0.7554760493200839
holdout_rmse_v2,lgb_full,2025-11-28,58,88,False,4074.2301251149966,2458.9164409511095,6405.093051558167,0.636092261629807
holdout_rmse_v2,lgb_full,2025-11-29,0,25,False,3071.903901930175,3884.879397959429,5801.283300285127,0.5295214425710246
holdout_rmse_v2,lgb_full,2025-11-30,52,87,False,10625.748536596939,19011.326308387608,10816.630246835208,0.9823529411764705
holdout_rmse_v2,lgb_full,2025-12-01,53,79,False,2438.5902009779697,7583.337725500924,7602.92350373086,0.3207437507139615
holdout_rmse_v2,lgb_full,2025-12-02,47,72,False,6852.653397553833,4047.421818862959,7113.5250682128,0.9633273703041145
holdout_rmse_v2,lgb_full,2025-12-03,50,84,False,7616.180238506908,5835.538639636129,9007.2147950591,0.8455644071777612
holdout_rmse_v2,lgb_full,2025-12-04,50,67,False,11555.727410239617,11742.667528952194,11898.293271518727,0.9712088235294116
holdout_rmse_v2,lgb_full,2025-12-05,39,88,False,4130.9251744176,1910.6687951315516,4598.152699291483,0.8983879928681192
holdout_rmse_v2,lgb_full,2025-12-06,46,88,False,1382.2635419667454,2006.0027251203735,1382.2635419667454,1.0
holdout_rmse_v2,lgb_full,2025-12-07,52,74,False,11039.32557544652,19702.180444445738,15016.027872077113,0.7351694915254237
holdout_rmse_v2,lgb_full,2025-12-08,41,71,False,6468.201726324775,6259.159325554801,7915.851798133639,0.8171201143318293
holdout_rmse_v2,lgb_full,2025-12-09,52,72,False,9925.848932389956,11506.26940035716,10593.934918223893,0.9369369369369371
holdout_rmse_v2,lgb_full,2025-12-10,51,76,False,5212.995413416295,15302.563388446184,7441.205337455161,0.7005579307396324
holdout_rmse_v2,lgb_full,2025-12-11,44,68,False,6825.818610456167,5630.127183179262,25769.030882166222,0.2648845679012345
holdout_rmse_v2,lgb_full,2025-12-12,59,69,False,-3344.9760952352035,2290.35293938861,9467.73282781811,-0.353302755376344
holdout_rmse_v2,lgb_full,2025-12-13,52,69,False,3713.209183817685,6550.719294725244,4825.562806145682,0.7694872770257307
holdout_rmse_v2,lgb_full,2025-12-14,38,70,False,596.4162663631441,7765.188387706034,3981.935636852956,0.14978048887663836
holdout_rmse_v2,lgb_full,2025-12-15,48,69,False,11866.479653145681,14496.067512204907,11961.920508264817,0.9920212765957446
holdout_rmse_v2,lgb_full,2025-12-16,50,68,False,9257.762946556015,12235.64662628344,9575.899130286462,0.9667774086378739
holdout_rmse_v2,lgb_full,2025-12-17,42,71,False,6396.239321564947,2985.1130739834866,7365.352127168311,0.8684227462759544
holdout_rmse_v2,lgb_full,2025-12-18,56,88,False,-1600.3204450192686,1138.2913784710609,4304.280762294158,-0.3717974113208885
holdout_rmse_v2,lgb_full,2025-12-19,13,72,False,8780.558670960343,15172.49131941182,8844.185907706433,0.9928057553956834
holdout_rmse_v2,lgb_full,2025-12-20,51,71,False,9223.693742640322,9556.617599203226,9255.507361013364,0.9965627364192859
holdout_rmse_v2,lgb_full,2025-12-21,54,71,False,6973.545147371404,3701.284316860852,7005.358765744449,0.9954586739327883
holdout_rmse_v2,lgb_full,2025-12-22,0,25,False,2434.6803072799266,2511.295661212899,4748.357517077977,0.512741574012348
holdout_rmse_v2,lgb_full,2025-12-23,53,70,False,10044.144690948284,18176.31854008619,10434.86682635867,0.9625560975609756
holdout_rmse_v2,lgb_full,2025-12-24,44,77,False,8308.358677534752,13561.67547555423,9825.502417317695,0.845591230316229
holdout_rmse_v2,lgb_full,2025-12-25,40,71,False,9859.167588280052,15792.732810281936,11095.330269230428,0.8885871217030373
holdout_rmse_v2,lgb_full,2025-12-26,52,72,False,1580.3828503848817,12996.123223623554,7346.620268670262,0.21511699156746142
holdout_rmse_v2,lgb_full,2025-12-27,57,70,False,3119.862931627539,3260.5573206415074,7411.580496026182,0.4209443496296499
holdout_rmse_v2,lgb_full,2025-12-28,40,73,False,11357.095902565674,19412.065477032498,11889.188213940359,0.9552456987138286
holdout_rmse_v2,lgb_full,2025-12-29,53,88,False,11101.136254583509,20706.71465229667,12388.222994463616,0.8961040061633282
holdout_rmse_v2,lgb_full,2025-12-30,49,73,False,4008.5159150036357,19814.78092693794,31559.10942606037,0.12701612903225806
holdout_rmse_v2,lgb_full,2025-12-31,50,66,False,3244.9890740505616,11421.628992354095,22576.10161322132,0.1437355806438339
holdout_rmse_v2,xgboost_full,2025-11-03,53,88,False,13361.719716678786,21932.363711297512,13361.719716678786,1.0
holdout_rmse_v2,xgboost_full,2025-11-04,53,70,False,6706.164410393313,9261.722654104233,7323.682649823298,0.9156820046749453
holdout_rmse_v2,xgboost_full,2025-11-05,0,25,False,5344.687886671515,8849.90131855011,5662.824070401962,0.9438202247191012
holdout_rmse_v2,xgboost_full,2025-11-06,49,69,False,9.32457154513866,4381.503880023956,922.5949328182957,0.010106896551723341
holdout_rmse_v2,xgboost_full,2025-11-07,58,88,False,1997.631180794712,1003.5916566848755,6793.7950222018635,0.29403759964298737
holdout_rmse_v2,xgboost_full,2025-11-08,50,88,False,7845.321006200599,3143.5462534427643,8037.637510627493,0.9760730060079706
holdout_rmse_v2,xgboost_full,2025-11-09,50,71,False,12543.41936897284,17716.36128425598,12573.171464875311,0.9976336840720269
holdout_rmse_v2,xgboost_full,2025-11-10,45,73,False,10492.28404479834,11849.843740463257,11155.171685390125,0.9405757563140005
holdout_rmse_v2,xgboost_full,2025-11-11,54,70,False,7415.884878592055,2076.7641551792626,7485.846206756217,0.9906541857484302
holdout_rmse_v2,xgboost_full,2025-11-12,29,73,False,9019.233980080438,16829.752571880817,10483.503486127383,0.8603263204915623
holdout_rmse_v2,xgboost_full,2025-11-13,52,69,False,9330.03394341406,2850.405980832875,9537.757783219018,0.9782208937859135
holdout_rmse_v2,xgboost_full,2025-11-14,52,70,False,3629.0907954775175,2693.3229155838494,3791.572488594169,0.9571466209322307
holdout_rmse_v2,xgboost_full,2025-11-15,20,81,False,6237.696154402878,7418.861731886864,8345.596517840402,0.7474236432433008
holdout_rmse_v2,xgboost_full,2025-11-16,52,88,False,7319.7663934015745,2995.658591389656,9645.889090707162,0.758848284960422
holdout_rmse_v2,xgboost_full,2025-11-17,0,22,False,477.2042755956711,4606.398195028305,7342.5831204987235,0.06499133448873486
holdout_rmse_v2,xgboost_full,2025-11-18,51,70,False,8806.397691802931,16320.908507332206,10104.393321423157,0.871541458420048
holdout_rmse_v2,xgboost_full,2025-11-19,51,88,False,8716.931434214255,12420.96222518012,10200.934927737997,0.8545227957989914
holdout_rmse_v2,xgboost_full,2025-11-20,55,69,False,8526.049723975988,7383.06393660605,8685.117815841211,0.9816849816849818
holdout_rmse_v2,xgboost_full,2025-11-21,54,68,False,6683.354046019838,8990.580186247826,7103.440151188545,0.9408615971659283
holdout_rmse_v2,xgboost_full,2025-11-22,47,88,False,2126.702211895992,2437.2505871579046,6264.524578776868,0.3394834173212271
holdout_rmse_v2,xgboost_full,2025-11-23,13,73,False,5745.844888908259,5536.570802330971,6269.694291762487,0.9164473771005879
holdout_rmse_v2,xgboost_full,2025-11-24,0,72,False,7519.555916784296,6234.377086162567,10017.17946801529,0.7506659874462795
holdout_rmse_v2,xgboost_full,2025-11-25,60,88,False,1.9151798260572672,2665.917675942183,1565.2300239538,0.001223577235772342
holdout_rmse_v2,xgboost_full,2025-11-26,44,84,False,7142.682249451696,4751.36835873127,7918.575043866373,0.9020161089442887
holdout_rmse_v2,xgboost_full,2025-11-27,52,73,False,2305.8351528690946,3743.911772966385,3235.7981197025892,0.7126016727771107
holdout_rmse_v2,xgboost_full,2025-11-28,52,88,False,4115.587828999955,2366.501472890377,6405.093051558167,0.6425492644480404
holdout_rmse_v2,xgboost_full,2025-11-29,0,25,False,3071.903901930175,4432.051658630371,5801.283300285127,0.5295214425710246
holdout_rmse_v2,xgboost_full,2025-11-30,52,88,False,10816.630246835208,15443.90743970871,10816.630246835208,1.0
holdout_rmse_v2,xgboost_full,2025-12-01,53,79,False,2438.5902009779697,7512.386739253998,7602.92350373086,0.3207437507139615
holdout_rmse_v2,xgboost_full,2025-12-02,48,74,False,7113.5250682128,3391.9655382633214,7113.5250682128,1.0
holdout_rmse_v2,xgboost_full,2025-12-03,42,73,False,8650.12283563086,5659.190595149994,9007.2147950591,0.9603548968739901
holdout_rmse_v2,xgboost_full,2025-12-04,52,67,False,9615.09668948389,12838.343173265457,11898.293271518727,0.8081072192513368
holdout_rmse_v2,xgboost_full,2025-12-05,47,88,False,4130.9251744176,2574.522864073515,4598.152699291483,0.8983879928681192
holdout_rmse_v2,xgboost_full,2025-12-06,48,73,False,28.632256535740197,2694.6422755718236,1382.2635419667454,0.020714035830678833
holdout_rmse_v2,xgboost_full,2025-12-07,52,74,False,11039.32557544652,20402.942668646574,15016.027872077113,0.7351694915254237
holdout_rmse_v2,xgboost_full,2025-12-08,57,72,False,6320.3383908505375,7019.937168806791,7915.851798133639,0.7984407176926577
holdout_rmse_v2,xgboost_full,2025-12-09,52,69,False,10212.171497747358,10556.4034730196,10593.934918223893,0.9639639639639642
holdout_rmse_v2,xgboost_full,2025-12-10,52,88,False,5562.945215519786,17118.998378515244,7441.205337455161,0.7475865754595981
holdout_rmse_v2,xgboost_full,2025-12-11,46,71,False,5146.059560359408,4252.558588981628,25769.030882166222,0.1996993827160494
holdout_rmse_v2,xgboost_full,2025-12-12,60,68,False,-3139.002004440764,2227.7620434761047,9467.73282781811,-0.3315473790322581
holdout_rmse_v2,xgboost_full,2025-12-13,52,69,False,3713.209183817685,6071.733817458153,4825.562806145682,0.7694872770257307
holdout_rmse_v2,xgboost_full,2025-12-14,54,70,False,596.4162663631441,8077.515427023172,3981.935636852956,0.14978048887663836
holdout_rmse_v2,xgboost_full,2025-12-15,48,66,False,11866.479653145681,14712.545931339264,11961.920508264817,0.9920212765957446
holdout_rmse_v2,xgboost_full,2025-12-16,51,68,False,9257.762946556015,9744.14086341858,9575.899130286462,0.9667774086378739
holdout_rmse_v2,xgboost_full,2025-12-17,52,70,False,6682.561886922351,3421.5722084045415,7365.352127168311,0.9072969997283122
holdout_rmse_v2,xgboost_full,2025-12-18,57,69,False,-2144.581465421643,1246.71720713377,4304.280762294158,-0.49824386090432277
holdout_rmse_v2,xgboost_full,2025-12-19,0,70,False,8079.284718439643,16672.1421033144,8844.185907706433,0.9135136690647482
holdout_rmse_v2,xgboost_full,2025-12-20,51,72,False,9223.693742640322,10280.194133520126,9255.507361013364,0.9965627364192859
holdout_rmse_v2,xgboost_full,2025-12-21,52,70,False,6909.917910625314,3908.3342999219894,7005.358765744449,0.986376021798365
holdout_rmse_v2,xgboost_full,2025-12-22,0,24,False,1764.259201857406,2571.3999569416046,4748.357517077977,0.3715514671151148
holdout_rmse_v2,xgboost_full,2025-12-23,0,70,False,9522.321815584417,18132.16882944107,10434.86682635867,0.912548475609756
holdout_rmse_v2,xgboost_full,2025-12-24,48,73,False,8277.903500666238,13116.469595581293,9825.502417317695,0.8424916252706045
holdout_rmse_v2,xgboost_full,2025-12-25,47,72,False,10632.171706146455,16336.931094527245,11095.330269230428,0.9582564419584333
holdout_rmse_v2,xgboost_full,2025-12-26,53,74,False,-985.1277810923528,11589.714139699936,7346.620268670262,-0.13409265009836435
holdout_rmse_v2,xgboost_full,2025-12-27,59,69,False,2372.05201815075,2733.986884355545,7411.580496026182,0.32004671870224677
holdout_rmse_v2,xgboost_full,2025-12-28,53,73,False,11698.306503702092,19248.096749186516,11889.188213940359,0.9839449332617635
holdout_rmse_v2,xgboost_full,2025-12-29,52,88,False,11102.952812192609,18040.516071021557,12388.222994463616,0.8962506420133538
holdout_rmse_v2,xgboost_full,2025-12-30,47,70,False,2863.2256535740257,18274.626076221466,31559.10942606037,0.0907258064516129
holdout_rmse_v2,xgboost_full,2025-12-31,49,66,False,3244.9890740505616,13527.963995933533,22576.10161322132,0.1437355806438339
holdout_rmse_v2,catboost_full,2025-11-03,51,85,False,9671.339985405597,20913.432765522444,13361.719716678786,0.7238095238095238
holdout_rmse_v2,catboost_full,2025-11-04,53,71,False,6483.469081781999,8357.20869374743,7323.682649823298,0.8852744434438908
holdout_rmse_v2,catboost_full,2025-11-05,0,25,False,5344.687886671515,7069.896315309846,5662.824070401962,0.9438202247191012
holdout_rmse_v2,catboost_full,2025-11-06,50,70,False,-119.74645955614172,2526.872076565172,922.5949328182957,-0.12979310344827755
holdout_rmse_v2,catboost_full,2025-11-07,80,88,False,-2400.3056926278527,730.4903131240957,6793.7950222018635,-0.35330852414353764
holdout_rmse_v2,catboost_full,2025-11-08,48,88,False,7845.8522936274285,4294.365827420821,8037.637510627493,0.9761391059566343
holdout_rmse_v2,catboost_full,2025-11-09,51,70,False,12470.84614274025,13087.974966115022,12573.171464875311,0.9918616140389942
holdout_rmse_v2,catboost_full,2025-11-10,52,74,False,10272.995954714781,9625.598317946824,11155.171685390125,0.9209177809579815
holdout_rmse_v2,catboost_full,2025-11-11,55,69,False,7485.846206756217,2042.7744863532066,7485.846206756217,1.0
holdout_rmse_v2,catboost_full,2025-11-12,13,72,False,9072.607687624895,13457.576246065602,10483.503486127383,0.8654175295148707
holdout_rmse_v2,catboost_full,2025-11-13,51,70,False,9146.45027723057,2678.0886710527943,9537.757783219018,0.9589727989657144
holdout_rmse_v2,catboost_full,2025-11-14,51,69,False,3738.0619824907076,2787.5036534725,3791.572488594169,0.985886988508216
holdout_rmse_v2,catboost_full,2025-11-15,2,88,False,6772.145854899006,7369.911691620456,8345.596517840402,0.8114633675881854
holdout_rmse_v2,catboost_full,2025-11-16,52,88,False,7319.7663934015745,3314.511486114399,9645.889090707162,0.758848284960422
holdout_rmse_v2,catboost_full,2025-11-17,0,23,False,636.2723674608955,3149.894751060816,7342.5831204987235,0.08665511265164656
holdout_rmse_v2,catboost_full,2025-11-18,50,70,False,8806.397691802931,11056.067412671748,10104.393321423157,0.871541458420048
holdout_rmse_v2,catboost_full,2025-11-19,50,88,False,8716.931434214255,9500.046838297481,10200.934927737997,0.8545227957989914
holdout_rmse_v2,catboost_full,2025-11-20,56,69,False,8526.049723975988,4792.717310083907,8685.117815841211,0.9816849816849818
holdout_rmse_v2,catboost_full,2025-11-21,52,68,False,6683.354046019838,5325.391711907726,7103.440151188545,0.9408615971659283
holdout_rmse_v2,catboost_full,2025-11-22,56,88,False,2126.702211895992,1842.2564806100152,6264.524578776868,0.3394834173212271
holdout_rmse_v2,catboost_full,2025-11-23,0,72,False,3931.587404415776,4336.232444336787,6269.694291762487,0.6270780075483646
holdout_rmse_v2,catboost_full,2025-11-24,28,72,False,7519.555916784296,5972.7966816277985,10017.17946801529,0.7506659874462795
holdout_rmse_v2,catboost_full,2025-11-25,50,88,False,1.9151798260572672,2156.4946288681767,1565.2300239538,0.001223577235772342
holdout_rmse_v2,catboost_full,2025-11-26,52,88,False,4878.472034861892,5663.094776409572,7918.575043866373,0.6160795355018697
holdout_rmse_v2,catboost_full,2025-11-27,57,72,False,2444.567979870268,2154.4100677022175,3235.7981197025892,0.7554760493200839
holdout_rmse_v2,catboost_full,2025-11-28,0,22,False,-2146.8784086681767,1874.0078668570163,6405.093051558167,-0.3351830162944948
holdout_rmse_v2,catboost_full,2025-11-29,0,21,False,3262.785612168443,4507.719984460958,5801.283300285127,0.5624248021137118
holdout_rmse_v2,catboost_full,2025-11-30,20,77,False,9035.067617944702,13609.339931489636,10816.630246835208,0.8352941176470587
holdout_rmse_v2,catboost_full,2025-12-01,0,22,False,1529.4397032841243,11601.037311851116,7602.92350373086,0.20116468389213796
holdout_rmse_v2,catboost_full,2025-12-02,60,88,False,5938.457259986021,2623.053954420547,7113.5250682128,0.8348121645796066
holdout_rmse_v2,catboost_full,2025-12-03,52,88,False,8323.956894623057,5639.230453541187,9007.2147950591,0.9241432655951711
holdout_rmse_v2,catboost_full,2025-12-04,50,67,False,11555.727410239617,9785.15473822645,11898.293271518727,0.9712088235294116
holdout_rmse_v2,catboost_full,2025-12-05,55,88,False,4130.9251744176,1205.0260867947993,4598.152699291483,0.8983879928681192
holdout_rmse_v2,catboost_full,2025-12-06,55,72,False,36.47113210285835,2315.8851605186583,1382.2635419667454,0.02638507852921131
holdout_rmse_v2,catboost_full,2025-12-07,0,75,False,7139.653592982583,18388.293342757443,15016.027872077113,0.4754688559322034
holdout_rmse_v2,catboost_full,2025-12-08,55,73,False,6172.475055376301,5505.90196962222,7915.851798133639,0.7797613210534862
holdout_rmse_v2,catboost_full,2025-12-09,50,69,False,10212.171497747358,10277.910101400972,10593.934918223893,0.9639639639639642
holdout_rmse_v2,catboost_full,2025-12-10,52,77,False,5562.945215519786,17524.746318759328,7441.205337455161,0.7475865754595981
holdout_rmse_v2,catboost_full,2025-12-11,50,69,False,6984.88670232139,5740.046749327641,25769.030882166222,0.2710574074074073
holdout_rmse_v2,catboost_full,2025-12-12,57,69,False,-6500.88703784124,2103.86236959413,9467.73282781811,-0.6866360887096773
holdout_rmse_v2,catboost_full,2025-12-13,42,69,False,3645.143947308555,3982.984052448841,4825.562806145682,0.7553821375335157
holdout_rmse_v2,catboost_full,2025-12-14,34,69,False,1463.2864652392159,5922.867789616215,3981.935636852956,0.367481194747712
holdout_rmse_v2,catboost_full,2025-12-15,46,78,False,11961.920508264817,16459.334840161886,11961.920508264817,1.0
holdout_rmse_v2,catboost_full,2025-12-16,53,69,False,9162.322091436881,12746.365095693223,9575.899130286462,0.956810631229236
holdout_rmse_v2,catboost_full,2025-12-17,52,70,False,6682.561886922351,2938.849482775671,7365.352127168311,0.9072969997283122
holdout_rmse_v2,catboost_full,2025-12-18,58,88,False,-2885.96284662524,2151.136199242256,4304.280762294158,-0.6704866633948473
holdout_rmse_v2,catboost_full,2025-12-19,0,74,False,7792.9621530822415,13448.069844312931,8844.185907706433,0.8811395683453237
holdout_rmse_v2,catboost_full,2025-12-20,55,72,False,9223.693742640322,8196.482250018655,9255.507361013364,0.9965627364192859
holdout_rmse_v2,catboost_full,2025-12-21,58,70,False,5497.393254862128,2404.1444887653834,7005.358765744449,0.7847411444141689
holdout_rmse_v2,catboost_full,2025-12-22,47,88,False,-168.35130570647829,2932.921966808324,4748.357517077977,-0.03545463986251767
holdout_rmse_v2,catboost_full,2025-12-23,1,69,False,9443.048641322463,9896.857056743436,10434.86682635867,0.9049515243902437
holdout_rmse_v2,catboost_full,2025-12-24,48,78,False,8504.2446699431,11071.377858029702,9825.502417317695,0.8655277164202978
holdout_rmse_v2,catboost_full,2025-12-25,48,72,False,11001.750510786114,16033.510239627689,11095.330269230428,0.9915658429110642
holdout_rmse_v2,catboost_full,2025-12-26,51,73,False,1762.1817725776464,11852.682420185509,7346.620268670262,0.2398629176592247
holdout_rmse_v2,catboost_full,2025-12-27,0,16,False,-842.1923751041014,2062.6596796862577,7411.580496026182,-0.11363195415008366
holdout_rmse_v2,catboost_full,2025-12-28,31,73,False,11115.85959716655,14828.079829273289,11889.188213940359,0.9349553053700452
holdout_rmse_v2,catboost_full,2025-12-29,52,84,False,10888.210888174557,18885.96302251766,12388.222994463616,0.8789162814586543
holdout_rmse_v2,catboost_full,2025-12-30,52,70,False,3531.311639407965,15442.694671750538,31559.10942606037,0.11189516129032258
holdout_rmse_v2,catboost_full,2025-12-31,48,67,False,3499.4980210349167,15133.23296095183,22576.10161322132,0.15500895951785998
holdout_rmse_v2,catboost_temporal,2025-11-03,51,79,False,1081.663024683521,21015.619423224194,13361.719716678786,0.08095238095238096
holdout_rmse_v2,catboost_temporal,2025-11-04,53,70,False,6706.164410393313,9600.065393246154,7323.682649823298,0.9156820046749453
holdout_rmse_v2,catboost_temporal,2025-11-05,0,26,False,4008.5159150036366,6211.220014214117,5662.824070401962,0.707865168539326
holdout_rmse_v2,catboost_temporal,2025-11-06,49,69,False,9.32457154513866,4139.810477984022,922.5949328182957,0.010106896551723341
holdout_rmse_v2,catboost_temporal,2025-11-07,52,88,False,1441.2650786013942,1402.159851561537,6793.7950222018635,0.2121443278596712
holdout_rmse_v2,catboost_temporal,2025-11-08,53,88,False,7844.87243418154,3786.3313219569277,8037.637510627493,0.9760171970692786
holdout_rmse_v2,catboost_temporal,2025-11-09,52,70,False,12450.886278573003,15638.758234442741,12573.171464875311,0.9902741176604545
holdout_rmse_v2,catboost_temporal,2025-11-10,49,73,False,10588.335721390236,10314.367550830104,11155.171685390125,0.9491862626603702
holdout_rmse_v2,catboost_temporal,2025-11-11,57,69,False,7448.239328477441,1936.0578385860015,7485.846206756217,0.9949762689160199
holdout_rmse_v2,catboost_temporal,2025-11-12,40,73,False,9862.320317860822,15439.066853610959,10483.503486127383,0.9407466054560328
holdout_rmse_v2,catboost_temporal,2025-11-13,54,69,False,9330.03394341406,2892.2410603763556,9537.757783219018,0.9782208937859135
holdout_rmse_v2,catboost_temporal,2025-11-14,49,75,False,3414.495214103981,1511.0135231856755,3791.572488594169,0.9005485782944902
holdout_rmse_v2,catboost_temporal,2025-11-15,50,75,False,8207.18182702296,6189.558546454368,8345.596517840402,0.9834146438158671
holdout_rmse_v2,catboost_temporal,2025-11-16,60,88,False,7287.95277502853,2026.6407811136994,9645.889090707162,0.7555501319261212
holdout_rmse_v2,catboost_temporal,2025-11-17,0,23,False,636.2723674608955,2791.2057575226336,7342.5831204987235,0.08665511265164656
holdout_rmse_v2,catboost_temporal,2025-11-18,21,69,False,8003.336067297674,11518.88451788608,10104.393321423157,0.792064977352885
holdout_rmse_v2,catboost_temporal,2025-11-19,55,88,False,8716.931434214255,8565.53765028306,10200.934927737997,0.8545227957989914
holdout_rmse_v2,catboost_temporal,2025-11-20,57,69,False,8526.049723975988,5509.414578880666,8685.117815841211,0.9816849816849818
holdout_rmse_v2,catboost_temporal,2025-11-21,50,68,False,6683.354046019838,5891.824213140681,7103.440151188545,0.9408615971659283
holdout_rmse_v2,catboost_temporal,2025-11-22,54,88,False,2126.702211895992,1506.3712629660909,6264.524578776868,0.3394834173212271
holdout_rmse_v2,catboost_temporal,2025-11-23,48,71,False,3907.717646550481,3980.013898822217,6269.694291762487,0.6232708429954363
holdout_rmse_v2,catboost_temporal,2025-11-24,47,72,False,7519.555916784296,7242.75101197647,10017.17946801529,0.7506659874462795
holdout_rmse_v2,catboost_temporal,2025-11-25,58,88,False,1.9151798260572672,1187.7140995783361,1565.2300239538,0.001223577235772342
holdout_rmse_v2,catboost_temporal,2025-11-26,49,77,False,7396.666271732898,2841.130731419518,7918.575043866373,0.934090569421611
holdout_rmse_v2,catboost_temporal,2025-11-27,52,71,False,2603.254308315015,2116.791576092863,3235.7981197025892,0.8045169111335929
holdout_rmse_v2,catboost_temporal,2025-11-28,55,88,False,4083.7742106269097,1640.8080680822106,6405.093051558167,0.6375823392032455
holdout_rmse_v2,catboost_temporal,2025-11-29,0,23,False,3421.8537040336664,3006.0652152044913,5801.283300285127,0.5898442683992844
holdout_rmse_v2,catboost_temporal,2025-11-30,49,76,False,8939.626762825566,14145.375651528033,10816.630246835208,0.8264705882352938
holdout_rmse_v2,catboost_temporal,2025-12-01,0,25,False,-93.05483374115653,8808.690021208145,7602.92350373086,-0.01223934894195545
holdout_rmse_v2,catboost_temporal,2025-12-02,47,71,False,6566.330832196431,2265.7897484171135,7113.5250682128,0.9230769230769232
holdout_rmse_v2,catboost_temporal,2025-12-03,51,73,False,8650.12283563086,5328.757951691578,9007.2147950591,0.9603548968739901
holdout_rmse_v2,catboost_temporal,2025-12-04,51,68,False,10537.691622302187,10590.123908678255,11898.293271518727,0.8856473262032085
holdout_rmse_v2,catboost_temporal,2025-12-05,54,88,False,4130.9251744176,1352.3919936434509,4598.152699291483,0.8983879928681192
holdout_rmse_v2,catboost_temporal,2025-12-06,51,73,False,28.632256535740197,2229.580099601231,1382.2635419667454,0.020714035830678833
holdout_rmse_v2,catboost_temporal,2025-12-07,48,74,False,11039.32557544652,20009.491067606017,15016.027872077113,0.7351694915254237
holdout_rmse_v2,catboost_temporal,2025-12-08,57,73,False,6172.475055376301,5530.671417668919,7915.851798133639,0.7797613210534862
holdout_rmse_v2,catboost_temporal,2025-12-09,51,71,False,9957.662550763,10886.178763236667,10593.934918223893,0.9399399399399401
holdout_rmse_v2,catboost_temporal,2025-12-10,50,76,False,4094.027739828541,18856.73320008361,7441.205337455161,0.5501834117144078
holdout_rmse_v2,catboost_temporal,2025-12-11,49,69,False,6984.88670232139,7998.282219522021,25769.030882166222,0.2710574074074073
holdout_rmse_v2,catboost_temporal,2025-12-12,50,69,False,-9666.342065959192,4179.403868847942,9467.73282781811,-1.02097748655914
holdout_rmse_v2,catboost_temporal,2025-12-13,42,70,False,3425.0700608511806,4109.922278084941,4825.562806145682,0.709776288993508
holdout_rmse_v2,catboost_temporal,2025-12-14,48,69,False,1623.8338903587862,5671.70785690421,3981.935636852956,0.4078001350223107
holdout_rmse_v2,catboost_temporal,2025-12-15,46,70,False,11866.479653145681,16777.503707708758,11961.920508264817,0.9920212765957446
holdout_rmse_v2,catboost_temporal,2025-12-16,51,69,False,9162.322091436881,13399.65973783055,9575.899130286462,0.956810631229236
holdout_rmse_v2,catboost_temporal,2025-12-17,54,72,False,5823.594190850143,3597.92420754555,7365.352127168311,0.7906742393712392
holdout_rmse_v2,catboost_temporal,2025-12-18,55,70,False,-1180.3711384095666,993.5392834485151,4304.280762294158,-0.2742319108803756
holdout_rmse_v2,catboost_temporal,2025-12-19,0,73,False,7920.216626574421,13126.899002492015,8844.185907706433,0.8955280575539569
holdout_rmse_v2,catboost_temporal,2025-12-20,57,73,False,9191.880124267276,7536.714212647722,9255.507361013364,0.9931254728385714
holdout_rmse_v2,catboost_temporal,2025-12-21,57,69,False,5446.491465465257,1975.9420921946291,7005.358765744449,0.7774750227066303
holdout_rmse_v2,catboost_temporal,2025-12-22,0,24,False,1764.259201857406,2107.112781124815,4748.357517077977,0.3715514671151148
holdout_rmse_v2,catboost_temporal,2025-12-23,1,69,False,9443.048641322463,12708.88221232913,10434.86682635867,0.9049515243902437
holdout_rmse_v2,catboost_temporal,2025-12-24,53,75,False,8058.854012720475,9835.946444759387,9825.502417317695,0.8201976520321792
holdout_rmse_v2,catboost_temporal,2025-12-25,48,71,False,11001.750510786114,15184.787923434562,11095.330269230428,0.9915658429110642
holdout_rmse_v2,catboost_temporal,2025-12-26,47,73,False,3000.733656267837,12215.416557013252,7346.620268670262,0.4084508993971686
holdout_rmse_v2,catboost_temporal,2025-12-27,0,15,False,-879.1884319101157,1738.2499120006632,7411.580496026182,-0.11862360968507382
holdout_rmse_v2,catboost_temporal,2025-12-28,48,74,False,11531.453619420985,16369.385078691437,11889.188213940359,0.9699109318414254
holdout_rmse_v2,catboost_temporal,2025-12-29,55,86,False,10401.236650376524,16416.459313883242,12388.222994463616,0.8396068310220852
holdout_rmse_v2,catboost_temporal,2025-12-30,51,69,False,7317.132225800287,18345.425073381648,31559.10942606037,0.2318548387096774
holdout_rmse_v2,catboost_temporal,2025-12-31,48,67,False,3499.4980210349167,14289.897303461963,22576.10161322132,0.15500895951785998
holdout_rmse_v2,dlinear_contextual,2025-11-03,40,83,False,6808.114331831572,21002.43603438139,13361.719716678786,0.5095238095238095
holdout_rmse_v2,dlinear_contextual,2025-11-04,53,71,False,6483.469081781999,7137.550473213196,7323.682649823298,0.8852744434438908
holdout_rmse_v2,dlinear_contextual,2025-11-05,51,69,False,2864.9944907555673,5693.617939949036,5662.824070401962,0.5059303370786518
holdout_rmse_v2,dlinear_contextual,2025-11-06,51,63,False,858.9676960722059,1274.977296590805,922.5949328182957,0.9310344827586202
holdout_rmse_v2,dlinear_contextual,2025-11-07,60,77,False,4053.478101850259,2812.1218085289,6793.7950222018635,0.5966441567052946
holdout_rmse_v2,dlinear_contextual,2025-11-08,40,83,False,7462.914950632927,10583.81450176239,8037.637510627493,0.9284960836769935
holdout_rmse_v2,dlinear_contextual,2025-11-09,43,74,False,12003.539083820435,14557.682603597641,12573.171464875311,0.9546946144299221
holdout_rmse_v2,dlinear_contextual,2025-11-10,50,75,False,10572.482995354949,13991.659328341484,11155.171685390125,0.9477651526602391
holdout_rmse_v2,dlinear_contextual,2025-11-11,52,66,False,6961.067846245496,2499.0412369370456,7485.846206756217,0.9298972559659199
holdout_rmse_v2,dlinear_contextual,2025-11-12,40,83,False,9667.061053734422,18341.151267290115,10483.503486127383,0.9221212227884177
holdout_rmse_v2,dlinear_contextual,2025-11-13,52,68,False,9537.757783219018,4226.210922002792,9537.757783219018,1.0
holdout_rmse_v2,dlinear_contextual,2025-11-14,43,75,False,3414.495214103981,6841.624420136213,3791.572488594169,0.9005485782944902
holdout_rmse_v2,dlinear_contextual,2025-11-15,42,83,False,7979.599926629546,11141.300082206726,8345.596517840402,0.9561449453698768
holdout_rmse_v2,dlinear_contextual,2025-11-16,53,74,False,9105.0575783654,6654.619544744492,9645.889090707162,0.9439313984168864
holdout_rmse_v2,dlinear_contextual,2025-11-17,56,72,False,7278.955883752634,4421.484544873238,7342.5831204987235,0.9913344887348353
holdout_rmse_v2,dlinear_contextual,2025-11-18,42,74,False,7605.478137286215,13615.806192159653,10104.393321423157,0.7526902304130635
holdout_rmse_v2,dlinear_contextual,2025-11-19,43,84,False,8282.793253810174,12992.536783218384,10200.934927737997,0.811964130002233
holdout_rmse_v2,dlinear_contextual,2025-11-20,53,69,False,8526.049723975988,5257.12575763464,8685.117815841211,0.9816849816849818
holdout_rmse_v2,dlinear_contextual,2025-11-21,46,69,False,6371.688752266469,5892.463453114033,7103.440151188545,0.8969863357264101
holdout_rmse_v2,dlinear_contextual,2025-11-22,43,76,False,5913.388128708061,4031.6301584243774,6264.524578776868,0.9439484280645339
holdout_rmse_v2,dlinear_contextual,2025-11-23,42,74,False,6129.714370921091,8067.492842674255,6269.694291762487,0.9776735651967416
holdout_rmse_v2,dlinear_contextual,2025-11-24,43,75,False,7005.237873994631,10196.939051151276,10017.17946801529,0.6993223887384921
holdout_rmse_v2,dlinear_contextual,2025-11-25,43,76,False,1565.2300239538,4538.536220788956,1565.2300239538,1.0
holdout_rmse_v2,dlinear_contextual,2025-11-26,57,76,False,7024.446936768276,5812.949478626251,7918.575043866373,0.8870847214120074
holdout_rmse_v2,dlinear_contextual,2025-11-27,43,75,False,2121.456146226277,6984.290987253189,3235.7981197025892,0.6556206746362983
holdout_rmse_v2,dlinear_contextual,2025-11-28,58,72,False,3008.270302460411,1574.3435323238373,6405.093051558167,0.46966847760761093
holdout_rmse_v2,dlinear_contextual,2025-11-29,57,69,False,5194.03449686596,3008.273743093014,5801.283300285127,0.8953250906761749
holdout_rmse_v2,dlinear_contextual,2025-11-30,40,84,False,10021.28978750909,16849.92402791977,10816.630246835208,0.926470588235294
holdout_rmse_v2,dlinear_contextual,2025-12-01,53,71,False,3043.0489500658205,6404.870927333832,7602.92350373086,0.4002472139266631
holdout_rmse_v2,dlinear_contextual,2025-12-02,56,72,False,6852.653397553833,4428.2692559063435,7113.5250682128,0.9633273703041145
holdout_rmse_v2,dlinear_contextual,2025-12-03,53,74,False,9007.2147950591,8388.297468423843,9007.2147950591,1.0
holdout_rmse_v2,dlinear_contextual,2025-12-04,51,69,False,10314.996293690874,8632.122725248337,11898.293271518727,0.8669307486631016
holdout_rmse_v2,dlinear_contextual,2025-12-05,43,76,False,2760.7062683668887,1856.3857674598694,4598.152699291483,0.600394647353116
holdout_rmse_v2,dlinear_contextual,2025-12-06,43,76,False,0.0,8101.790681481361,1382.2635419667454,0.0
holdout_rmse_v2,dlinear_contextual,2025-12-07,46,74,False,11039.32557544652,15835.180267691612,15016.027872077113,0.7351694915254237
holdout_rmse_v2,dlinear_contextual,2025-12-08,50,74,False,5726.702634733197,9718.719214200974,7915.851798133639,0.7234474293825727
holdout_rmse_v2,dlinear_contextual,2025-12-09,51,73,False,9862.221695643866,13430.111527442932,10593.934918223893,0.930930930930931
holdout_rmse_v2,dlinear_contextual,2025-12-10,51,74,False,5149.368176670206,18825.891971588135,7441.205337455161,0.692007268063275
holdout_rmse_v2,dlinear_contextual,2025-12-11,51,68,False,6984.88670232139,7640.945613384247,25769.030882166222,0.2710574074074073
holdout_rmse_v2,dlinear_contextual,2025-12-12,58,69,False,-4922.931566538221,1110.1667284965515,9467.73282781811,-0.5199694220430106
holdout_rmse_v2,dlinear_contextual,2025-12-13,52,74,False,3015.931021764639,8688.286781311035,4825.562806145682,0.6249905229548864
holdout_rmse_v2,dlinear_contextual,2025-12-14,42,74,False,129.78683751467358,9905.61431646347,3981.935636852956,0.032593906419152475
holdout_rmse_v2,dlinear_contextual,2025-12-15,50,73,False,11643.78432453437,19429.01250720024,11961.920508264817,0.973404255319149
holdout_rmse_v2,dlinear_contextual,2025-12-16,51,72,False,8907.813144452522,12780.022948980331,9575.899130286462,0.9302325581395349
holdout_rmse_v2,dlinear_contextual,2025-12-17,52,72,False,5823.594190850143,8639.460235834122,7365.352127168311,0.7906742393712392
holdout_rmse_v2,dlinear_contextual,2025-12-18,46,69,False,516.1091495040673,3174.526453018188,4304.280762294158,0.1199060140372869
holdout_rmse_v2,dlinear_contextual,2025-12-19,51,74,False,8557.86334234903,12539.959594607353,8844.185907706433,0.9676258992805755
holdout_rmse_v2,dlinear_contextual,2025-12-20,52,74,False,9096.439269148143,13903.690457344055,9255.507361013364,0.9828136820964285
holdout_rmse_v2,dlinear_contextual,2025-12-21,52,72,False,7005.358765744449,6734.961003065109,7005.358765744449,1.0
holdout_rmse_v2,dlinear_contextual,2025-12-22,0,8,False,-558.5485164137089,949.6406614780426,4748.357517077977,-0.11762983608644237
holdout_rmse_v2,dlinear_contextual,2025-12-23,51,73,False,9094.711789670488,12374.564476311207,10434.86682635867,0.8715695121951221
holdout_rmse_v2,dlinear_contextual,2025-12-24,51,74,False,8154.29486783961,16250.333979725838,9825.502417317695,0.8299112372582047
holdout_rmse_v2,dlinear_contextual,2025-12-25,51,74,False,11031.703032484338,18481.650039553642,11095.330269230428,0.9942654039850854
holdout_rmse_v2,dlinear_contextual,2025-12-26,51,73,False,1762.1817725776464,15466.00978821516,7346.620268670262,0.2398629176592247
holdout_rmse_v2,dlinear_contextual,2025-12-27,56,68,False,1991.5865933038335,3801.729537546634,7411.580496026182,0.268712806178338
holdout_rmse_v2,dlinear_contextual,2025-12-28,51,84,False,9373.058680901766,20134.955316781998,11889.188213940359,0.7883682646988152
holdout_rmse_v2,dlinear_contextual,2025-12-29,51,74,False,11448.356448230594,21437.83739209175,12388.222994463616,0.9241322547508989
holdout_rmse_v2,dlinear_contextual,2025-12-30,51,73,False,4040.3295333766805,16533.454418182373,31559.10942606037,0.1280241935483871
holdout_rmse_v2,dlinear_contextual,2025-12-31,51,71,False,4326.65209873408,13820.056140422821,22576.10161322132,0.19164744085844512
holdout_rmse_v2,hgb_full,2025-11-03,40,79,False,1081.663024683521,23274.43186839874,13361.719716678786,0.08095238095238096
holdout_rmse_v2,hgb_full,2025-11-04,50,72,False,6401.087717005002,10233.478240384133,7323.682649823298,0.8740258177570602
holdout_rmse_v2,hgb_full,2025-11-05,0,24,False,5503.7559785367375,9874.36627436687,5662.824070401962,0.9719101123595505
holdout_rmse_v2,hgb_full,2025-11-06,48,65,False,731.7132225800283,3645.952754833184,922.5949328182957,0.7931034482758628
holdout_rmse_v2,hgb_full,2025-11-07,55,88,False,1860.1836239758095,2564.5578904171016,6793.7950222018635,0.273806262611221
holdout_rmse_v2,hgb_full,2025-11-08,52,88,False,7844.821532392142,4079.321465830466,8037.637510627493,0.9760108641400653
holdout_rmse_v2,hgb_full,2025-11-09,53,71,False,12547.033396020017,18352.578506469505,12573.171464875311,0.9979211236458267
holdout_rmse_v2,hgb_full,2025-11-10,51,74,False,10495.048648234959,15417.681806555122,11155.171685390125,0.9408235878592773
holdout_rmse_v2,hgb_full,2025-11-11,57,70,False,7384.612091731352,1854.5093889896132,7485.846206756217,0.9864765970033558
holdout_rmse_v2,hgb_full,2025-11-12,0,83,False,8886.76207317508,16821.452082549225,10483.503486127383,0.8476900956760075
holdout_rmse_v2,hgb_full,2025-11-13,51,69,False,9330.03394341406,2594.8721564193847,9537.757783219018,0.9782208937859135
holdout_rmse_v2,hgb_full,2025-11-14,55,69,False,3738.0619824907076,2523.3535136577307,3791.572488594169,0.985886988508216
holdout_rmse_v2,hgb_full,2025-11-15,60,84,False,7478.866298885171,6825.383248711555,8345.596517840402,0.8961452045875427
holdout_rmse_v2,hgb_full,2025-11-16,52,88,False,7319.7663934015745,3557.9894141718046,9645.889090707162,0.758848284960422
holdout_rmse_v2,hgb_full,2025-11-17,0,23,False,636.2723674608955,3785.32874565869,7342.5831204987235,0.08665511265164656
holdout_rmse_v2,hgb_full,2025-11-18,9,69,False,7997.644610970738,12236.050056133856,10104.393321423157,0.7915017118360063
holdout_rmse_v2,hgb_full,2025-11-19,44,88,False,8716.931434214255,10627.172785574503,10200.934927737997,0.8545227957989914
holdout_rmse_v2,hgb_full,2025-11-20,55,69,False,8526.049723975988,7462.689510546319,8685.117815841211,0.9816849816849818
holdout_rmse_v2,hgb_full,2025-11-21,54,69,False,6371.688752266469,8326.18201063835,7103.440151188545,0.8969863357264101
holdout_rmse_v2,hgb_full,2025-11-22,44,88,False,2126.702211895992,2950.1621351303356,6264.524578776868,0.3394834173212271
holdout_rmse_v2,hgb_full,2025-11-23,45,71,False,3907.717646550481,4896.441718755996,6269.694291762487,0.6232708429954363
holdout_rmse_v2,hgb_full,2025-11-24,42,72,False,7519.555916784296,5147.61145811846,10017.17946801529,0.7506659874462795
holdout_rmse_v2,hgb_full,2025-11-25,46,88,False,1.9151798260572672,3002.8554702385986,1565.2300239538,0.001223577235772342
holdout_rmse_v2,hgb_full,2025-11-26,58,84,False,7142.682249451696,5488.084085918298,7918.575043866373,0.9020161089442887
holdout_rmse_v2,hgb_full,2025-11-27,56,71,False,2603.254308315015,3386.6604261237826,3235.7981197025892,0.8045169111335929
holdout_rmse_v2,hgb_full,2025-11-28,57,88,False,4083.7742106269097,2129.1837988472494,6405.093051558167,0.6375823392032455
holdout_rmse_v2,hgb_full,2025-11-29,58,71,False,4827.745220366072,4252.842734151306,5801.283300285127,0.832185737271061
holdout_rmse_v2,hgb_full,2025-11-30,46,87,False,10625.748536596939,15295.731353542677,10816.630246835208,0.9823529411764705
holdout_rmse_v2,hgb_full,2025-12-01,53,82,False,1706.8769783979417,8708.953228356695,7602.92350373086,0.22450271629858612
holdout_rmse_v2,hgb_full,2025-12-02,48,85,False,6602.111608780595,4357.17463774624,7113.5250682128,0.9281068872987479
holdout_rmse_v2,hgb_full,2025-12-03,46,88,False,8323.956894623057,6583.417961558654,9007.2147950591,0.9241432655951711
holdout_rmse_v2,hgb_full,2025-12-04,50,67,False,11555.727410239617,13735.714676010202,11898.293271518727,0.9712088235294116
holdout_rmse_v2,hgb_full,2025-12-05,24,88,False,2964.7683606971095,1899.309181171367,4598.152699291483,0.6447737938659459
holdout_rmse_v2,hgb_full,2025-12-06,32,72,False,-18.51870725494953,2575.769465772441,1382.2635419667454,-0.013397378063375888
holdout_rmse_v2,hgb_full,2025-12-07,52,73,False,10816.630246835208,20742.56539883445,15016.027872077113,0.7203389830508474
holdout_rmse_v2,hgb_full,2025-12-08,55,72,False,6320.3383908505375,7206.074092911225,7915.851798133639,0.7984407176926577
holdout_rmse_v2,hgb_full,2025-12-09,52,69,False,10212.171497747358,12844.193013221493,10593.934918223893,0.9639639639639642
holdout_rmse_v2,hgb_full,2025-12-10,54,75,False,6744.48709508548,16936.98130525622,7441.205337455161,0.9063702436938862
holdout_rmse_v2,hgb_full,2025-12-11,50,71,False,5305.127652224631,5528.615334965142,25769.030882166222,0.20587222222222218
holdout_rmse_v2,hgb_full,2025-12-12,59,71,False,-4459.693469408318,3227.168062378375,9467.73282781811,-0.4710413306451613
holdout_rmse_v2,hgb_full,2025-12-13,42,69,False,3645.143947308555,6421.1723927979865,4825.562806145682,0.7553821375335157
holdout_rmse_v2,hgb_full,2025-12-14,38,70,False,596.4162663631441,7417.819990191342,3981.935636852956,0.14978048887663836
holdout_rmse_v2,hgb_full,2025-12-15,49,82,False,11802.852416399592,14346.346283015384,11961.920508264817,0.9867021276595743
holdout_rmse_v2,hgb_full,2025-12-16,53,67,False,9416.831038421238,10971.686504751402,9575.899130286462,0.9833887043189369
holdout_rmse_v2,hgb_full,2025-12-17,48,71,False,6396.239321564947,4445.687911896021,7365.352127168311,0.8684227462759544
holdout_rmse_v2,hgb_full,2025-12-18,0,16,False,1476.9917720343235,864.7946260135742,4304.280762294158,0.3431448489542989
holdout_rmse_v2,hgb_full,2025-12-19,48,70,False,8821.461440102566,17257.094467851304,8844.185907706433,0.9974305755395683
holdout_rmse_v2,hgb_full,2025-12-20,50,73,False,9191.880124267276,10453.255895436378,9255.507361013364,0.9931254728385714
holdout_rmse_v2,hgb_full,2025-12-21,44,70,False,6909.917910625314,4173.2811185303635,7005.358765744449,0.986376021798365
holdout_rmse_v2,hgb_full,2025-12-22,0,25,False,2434.6803072799266,3055.9982140358757,4748.357517077977,0.512741574012348
holdout_rmse_v2,hgb_full,2025-12-23,52,69,False,10012.331072575238,16730.174918790217,10434.86682635867,0.9595073170731706
holdout_rmse_v2,hgb_full,2025-12-24,48,73,False,8277.903500666238,14093.783769860143,9825.502417317695,0.8424916252706045
holdout_rmse_v2,hgb_full,2025-12-25,47,73,False,10632.171706146455,17391.306306925053,11095.330269230428,0.9582564419584333
holdout_rmse_v2,hgb_full,2025-12-26,52,75,False,-568.6652470563365,14073.867215964881,7346.620268670262,-0.0774050143140534
holdout_rmse_v2,hgb_full,2025-12-27,59,69,False,2372.05201815075,2469.1208136492246,7411.580496026182,0.32004671870224677
holdout_rmse_v2,hgb_full,2025-12-28,40,73,False,11357.095902565674,19646.34112726848,11889.188213940359,0.9552456987138286
holdout_rmse_v2,hgb_full,2025-12-29,52,88,False,11102.952812192609,18830.73579757058,12388.222994463616,0.8962506420133538
holdout_rmse_v2,hgb_full,2025-12-30,49,71,False,3467.6844026618755,20400.408467262154,31559.10942606037,0.10987903225806452
holdout_rmse_v2,hgb_full,2025-12-31,48,66,False,3244.9890740505616,12333.562673829014,22576.10161322132,0.1437355806438339
holdout_rmse_v2,lgb_temporal,2025-11-03,55,80,False,2513.2758514705333,23104.053935441378,13361.719716678786,0.18809523809523807
holdout_rmse_v2,lgb_temporal,2025-11-04,49,70,False,6623.783045616314,10538.951449451106,7323.682649823298,0.9044333789881146
holdout_rmse_v2,lgb_temporal,2025-11-05,0,24,False,5503.7559785367375,8824.129728780077,5662.824070401962,0.9719101123595505
holdout_rmse_v2,lgb_temporal,2025-11-06,52,68,False,335.28372403351716,4685.195123962911,922.5949328182957,0.3634137931034475
holdout_rmse_v2,lgb_temporal,2025-11-07,61,88,False,1569.1812753557324,2434.3578156265194,6793.7950222018635,0.23097271410569611
holdout_rmse_v2,lgb_temporal,2025-11-08,59,83,False,7613.282017873123,4790.969907418582,8037.637510627493,0.9472039523811219
holdout_rmse_v2,lgb_temporal,2025-11-09,47,71,False,12531.327012629246,20089.70004388768,12573.171464875311,0.9966719254276487
holdout_rmse_v2,lgb_temporal,2025-11-10,50,73,False,10572.482995354949,12958.941110266944,11155.171685390125,0.9477651526602391
holdout_rmse_v2,lgb_temporal,2025-11-11,53,69,False,7466.490801338056,2963.0589492495446,7485.846206756217,0.9974143998041676
holdout_rmse_v2,lgb_temporal,2025-11-12,52,78,False,9586.041311823788,23278.70338578556,10483.503486127383,0.9143929149743509
holdout_rmse_v2,lgb_temporal,2025-11-13,57,69,False,9170.965851548835,3914.5041127128284,9537.757783219018,0.9615431697882362
holdout_rmse_v2,lgb_temporal,2025-11-14,48,69,False,3738.0619824907076,3590.890853074397,3791.572488594169,0.985886988508216
holdout_rmse_v2,lgb_temporal,2025-11-15,53,81,False,7722.65723783965,9839.140869421171,8345.596517840402,0.9253571295150571
holdout_rmse_v2,lgb_temporal,2025-11-16,59,84,False,8669.261908444085,3657.394034896015,9645.889090707162,0.8987519788918205
holdout_rmse_v2,lgb_temporal,2025-11-17,0,17,False,-31.81361837304486,5303.083085707044,7342.5831204987235,-0.0043327556325823404
holdout_rmse_v2,lgb_temporal,2025-11-18,39,70,False,8747.249812523767,17621.23969998578,10104.393321423157,0.865687778995895
holdout_rmse_v2,lgb_temporal,2025-11-19,48,88,False,8716.931434214255,12050.085736174811,10200.934927737997,0.8545227957989914
holdout_rmse_v2,lgb_temporal,2025-11-20,55,69,False,8526.049723975988,8537.379309662489,8685.117815841211,0.9816849816849818
holdout_rmse_v2,lgb_temporal,2025-11-21,54,69,False,6371.688752266469,10649.76244635831,7103.440151188545,0.8969863357264101
holdout_rmse_v2,lgb_temporal,2025-11-22,37,88,False,2110.047782677703,3525.8643704247156,6264.524578776868,0.3368248868918452
holdout_rmse_v2,lgb_temporal,2025-11-23,57,71,False,3907.717646550481,7889.742192639894,6269.694291762487,0.6232708429954363
holdout_rmse_v2,lgb_temporal,2025-11-24,40,72,False,7519.555916784296,14483.158249625852,10017.17946801529,0.7506659874462795
holdout_rmse_v2,lgb_temporal,2025-11-25,56,88,False,1.9151798260572672,3324.1367906777778,1565.2300239538,0.001223577235772342
holdout_rmse_v2,lgb_temporal,2025-11-26,42,84,False,7142.682249451696,5918.023795042838,7918.575043866373,0.9020161089442887
holdout_rmse_v2,lgb_temporal,2025-11-27,55,88,False,1185.0318335012175,3298.9027927360285,3235.7981197025892,0.36622551520925445
holdout_rmse_v2,lgb_temporal,2025-11-28,60,88,False,3508.7844162380115,3072.9188440302623,6405.093051558167,0.5478116224063958
holdout_rmse_v2,lgb_temporal,2025-11-29,0,25,False,3071.903901930175,4115.874066999434,5801.283300285127,0.5295214425710246
holdout_rmse_v2,lgb_temporal,2025-11-30,55,85,False,10243.9851161204,19210.939290187187,10816.630246835208,0.9470588235294116
holdout_rmse_v2,lgb_temporal,2025-12-01,54,72,False,3571.1550150583626,9064.410264964748,7602.92350373086,0.4697081344177601
holdout_rmse_v2,lgb_temporal,2025-12-02,58,84,False,6725.036248812202,3059.3809239278544,7113.5250682128,0.945387298747764
holdout_rmse_v2,lgb_temporal,2025-12-03,53,73,False,8650.12283563086,7445.848220244642,9007.2147950591,0.9603548968739901
holdout_rmse_v2,lgb_temporal,2025-12-04,51,67,False,10601.318859048277,13147.512050188305,11898.293271518727,0.8909949197860962
holdout_rmse_v2,lgb_temporal,2025-12-05,38,88,False,4130.9251744176,3264.9009435681505,4598.152699291483,0.8983879928681192
holdout_rmse_v2,lgb_temporal,2025-12-06,58,88,False,1108.6664239585607,4092.183492137421,1382.2635419667454,0.8020658798401796
holdout_rmse_v2,lgb_temporal,2025-12-07,48,77,False,11452.902614296101,20089.86502503665,15016.027872077113,0.7627118644067795
holdout_rmse_v2,lgb_temporal,2025-12-08,57,79,False,4895.73092282927,7337.95972208859,7915.851798133639,0.6184717763391631
holdout_rmse_v2,lgb_temporal,2025-12-09,53,74,False,9830.40807727082,13533.037409117735,10593.934918223893,0.927927927927928
holdout_rmse_v2,lgb_temporal,2025-12-10,50,76,False,4094.027739828541,21466.309296829317,7441.205337455161,0.5501834117144078
holdout_rmse_v2,lgb_temporal,2025-12-11,49,70,False,6116.374920737272,7072.814721794122,25769.030882166222,0.2373537037037037
holdout_rmse_v2,lgb_temporal,2025-12-12,51,69,False,-11244.29753726221,3577.7060146275862,9467.73282781811,-1.1876441532258064
holdout_rmse_v2,lgb_temporal,2025-12-13,53,70,False,3493.1352973603102,8102.182460771734,4825.562806145682,0.723881428485723
holdout_rmse_v2,lgb_temporal,2025-12-14,53,70,False,596.4162663631441,9166.236246551998,3981.935636852956,0.14978048887663836
holdout_rmse_v2,lgb_temporal,2025-12-15,47,88,False,11834.666034772637,17022.579222599805,11961.920508264817,0.9893617021276595
holdout_rmse_v2,lgb_temporal,2025-12-16,53,69,False,9162.322091436881,11410.547632062578,9575.899130286462,0.956810631229236
holdout_rmse_v2,lgb_temporal,2025-12-17,57,70,False,6682.561886922351,4058.6226056139258,7365.352127168311,0.9072969997283122
holdout_rmse_v2,lgb_temporal,2025-12-18,58,88,False,-2885.96284662524,2737.7989664802326,4304.280762294158,-0.6704866633948473
holdout_rmse_v2,lgb_temporal,2025-12-19,14,70,False,8844.185907706433,17440.0888878093,8844.185907706433,1.0
holdout_rmse_v2,lgb_temporal,2025-12-20,55,73,False,9191.880124267276,10075.965816996275,9255.507361013364,0.9931254728385714
holdout_rmse_v2,lgb_temporal,2025-12-21,52,70,False,6909.917910625314,4088.556901871806,7005.358765744449,0.986376021798365
holdout_rmse_v2,lgb_temporal,2025-12-22,0,20,False,-197.19671348531742,2384.257107502061,4748.357517077977,-0.0415294578759241
holdout_rmse_v2,lgb_temporal,2025-12-23,51,69,False,10012.331072575238,17791.493335710315,10434.86682635867,0.9595073170731706
holdout_rmse_v2,lgb_temporal,2025-12-24,54,73,False,8277.00317526628,15102.74239263298,9825.502417317695,0.8423999937833055
holdout_rmse_v2,lgb_temporal,2025-12-25,44,71,False,10570.31012522007,15682.582801334383,11095.330269230428,0.9526809809829326
holdout_rmse_v2,lgb_temporal,2025-12-26,51,72,False,2426.443761483145,14356.268265263892,7346.620268670262,0.33028027484022
holdout_rmse_v2,lgb_temporal,2025-12-27,58,69,False,2381.5961036626636,4062.53854714715,7411.580496026182,0.32133444478402257
holdout_rmse_v2,lgb_temporal,2025-12-28,40,72,False,11420.723139311765,19638.53584916046,11889.188213940359,0.9605973876265743
holdout_rmse_v2,lgb_temporal,2025-12-29,46,88,False,10540.837989159281,22945.591957568235,12388.222994463616,0.8508757062146892
holdout_rmse_v2,lgb_temporal,2025-12-30,47,68,False,6649.046239966346,19110.238153808255,31559.10942606037,0.21068548387096767
holdout_rmse_v2,lgb_temporal,2025-12-31,50,66,False,3244.9890740505616,13085.06769369675,22576.10161322132,0.1437355806438339
holdout_rmse_v2,dlinear_prevday,2025-11-03,50,68,False,3690.828303292249,6028.694599866867,13361.719716678786,0.2762240476190477
holdout_rmse_v2,dlinear_prevday,2025-11-04,44,73,False,3334.0672054950887,10369.054481387138,7323.682649823298,0.45524463100207263
holdout_rmse_v2,dlinear_prevday,2025-11-05,50,72,False,275.3659551897272,7913.603901863098,5662.824070401962,0.048626966292135046
holdout_rmse_v2,dlinear_prevday,2025-11-06,38,72,False,-1883.1880514213574,8636.177778244019,922.5949328182957,-2.0411862068965534
holdout_rmse_v2,dlinear_prevday,2025-11-07,0,72,False,4781.214622133658,6084.2689871788025,6793.7950222018635,0.7037619778796432
holdout_rmse_v2,dlinear_prevday,2025-11-08,61,75,False,5904.569393695053,6503.679618239403,8037.637510627493,0.7346150390444875
holdout_rmse_v2,dlinear_prevday,2025-11-09,54,75,False,11672.68699682628,7518.971920013428,12573.171464875311,0.9283804829541501
holdout_rmse_v2,dlinear_prevday,2025-11-10,53,83,False,9803.14698768696,8521.797925233841,11155.171685390125,0.8787983963103045
holdout_rmse_v2,dlinear_prevday,2025-11-11,54,68,False,7350.822847657341,7662.828773260117,7485.846206756217,0.9819628462341354
holdout_rmse_v2,dlinear_prevday,2025-11-12,53,73,False,9840.165314025833,8180.364429950714,10483.503486127383,0.9386332848600788
holdout_rmse_v2,dlinear_prevday,2025-11-13,54,82,False,4836.563955379081,8476.256340742111,9537.757783219018,0.5070965383382516
holdout_rmse_v2,dlinear_prevday,2025-11-14,47,70,False,3629.0907954775175,10088.002368807793,3791.572488594169,0.9571466209322307
holdout_rmse_v2,dlinear_prevday,2025-11-15,55,83,False,7980.8311136605835,6446.477383375168,8345.596517840402,0.9562924707179339
holdout_rmse_v2,dlinear_prevday,2025-11-16,54,73,False,8914.175868127131,7588.77894282341,9645.889090707162,0.9241424802110816
holdout_rmse_v2,dlinear_prevday,2025-11-17,54,73,False,7310.769502125679,8562.032103538513,7342.5831204987235,0.9956672443674177
holdout_rmse_v2,dlinear_prevday,2025-11-18,41,73,False,8082.011145534214,10482.495874166489,10104.393321423157,0.7998512021893365
holdout_rmse_v2,dlinear_prevday,2025-11-19,54,84,False,8282.793253810174,7986.367791891098,10200.934927737997,0.811964130002233
holdout_rmse_v2,dlinear_prevday,2025-11-20,54,84,False,2861.9308393062424,8426.245912909508,8685.117815841211,0.3295212454212454
holdout_rmse_v2,dlinear_prevday,2025-11-21,0,73,False,4402.998420105715,7966.949433088303,7103.440151188545,0.6198402923643985
holdout_rmse_v2,dlinear_prevday,2025-11-22,54,73,False,5774.731654390983,8844.39143538475,6264.524578776868,0.9218148291659323
holdout_rmse_v2,dlinear_prevday,2025-11-23,54,74,False,6129.714370921091,6830.07025718689,6269.694291762487,0.9776735651967416
holdout_rmse_v2,dlinear_prevday,2025-11-24,59,75,False,5987.202086057199,4884.315729141235,10017.17946801529,0.5976934031355082
holdout_rmse_v2,dlinear_prevday,2025-11-25,55,82,False,426.1306926595848,6537.761270999908,1565.2300239538,0.27224796747967484
holdout_rmse_v2,dlinear_prevday,2025-11-26,54,75,False,7543.008916248905,6661.089569330215,7918.575043866373,0.9525715011176946
holdout_rmse_v2,dlinear_prevday,2025-11-27,59,75,False,2121.456146226277,8432.13675916195,3235.7981197025892,0.6556206746362983
holdout_rmse_v2,dlinear_prevday,2025-11-28,49,75,False,4731.696725136013,7867.687851190567,6405.093051558167,0.7387397321237875
holdout_rmse_v2,dlinear_prevday,2025-11-29,54,75,False,4428.557481106619,7266.911342740059,5801.283300285127,0.763375489848765
holdout_rmse_v2,dlinear_prevday,2025-11-30,55,73,False,8844.185907706433,7279.918402433395,10816.630246835208,0.8176470588235293
holdout_rmse_v2,dlinear_prevday,2025-12-01,54,82,False,2171.3558066443943,8629.38867509365,7602.92350373086,0.28559485118834615
holdout_rmse_v2,dlinear_prevday,2025-12-02,54,75,False,7113.5250682128,8627.74407863617,7113.5250682128,1.0
holdout_rmse_v2,dlinear_prevday,2025-12-03,50,73,False,8650.12283563086,10422.94991016388,9007.2147950591,0.9603548968739901
holdout_rmse_v2,dlinear_prevday,2025-12-04,49,71,False,11134.766430565653,10265.849947929382,11898.293271518727,0.9358288770053474
holdout_rmse_v2,dlinear_prevday,2025-12-05,48,88,False,4130.9251744176,5317.763864994049,4598.152699291483,0.8983879928681192
holdout_rmse_v2,dlinear_prevday,2025-12-06,53,82,False,504.00724907496095,5782.825589179993,1382.2635419667454,0.36462456960836664
holdout_rmse_v2,dlinear_prevday,2025-12-07,59,81,False,12248.24307362222,6193.669557571411,15016.027872077113,0.8156779661016947
holdout_rmse_v2,dlinear_prevday,2025-12-08,53,68,False,7292.101270864375,9394.59602534771,7915.851798133639,0.9212023490110908
holdout_rmse_v2,dlinear_prevday,2025-12-09,46,82,False,8685.11781584121,10439.317733049393,10593.934918223893,0.8198198198198198
holdout_rmse_v2,dlinear_prevday,2025-12-10,47,88,False,2224.2586726369336,12624.672830104828,7441.205337455161,0.2989110731081659
holdout_rmse_v2,dlinear_prevday,2025-12-11,53,73,False,2790.165678980328,8368.83956193924,25769.030882166222,0.10827592592592594
holdout_rmse_v2,dlinear_prevday,2025-12-12,54,87,False,-12128.095762474579,12085.617661476135,9467.73282781811,-1.2809926075268818
holdout_rmse_v2,dlinear_prevday,2025-12-13,0,17,False,-921.9236654706258,14431.209117174149,4825.562806145682,-0.19104997748583719
holdout_rmse_v2,dlinear_prevday,2025-12-14,56,83,False,386.3986646734896,6814.522475004196,3981.935636852956,0.09703789812606617
holdout_rmse_v2,dlinear_prevday,2025-12-15,50,82,False,11643.78432453437,7369.47226524353,11961.920508264817,0.973404255319149
holdout_rmse_v2,dlinear_prevday,2025-12-16,43,68,False,4903.8433955143955,9818.121463060379,9575.899130286462,0.512102657807309
holdout_rmse_v2,dlinear_prevday,2025-12-17,52,85,False,2304.059952963879,11191.725939512253,7365.352127168311,0.3128241410841683
holdout_rmse_v2,dlinear_prevday,2025-12-18,49,83,False,5.637373175703564,9617.39493906498,4304.280762294158,0.0013097131639477149
holdout_rmse_v2,dlinear_prevday,2025-12-19,20,75,False,8430.60886885685,7281.077116727829,8844.185907706433,0.9532374100719424
holdout_rmse_v2,dlinear_prevday,2025-12-20,48,86,False,8048.845448380316,7752.2696405649185,9255.507361013364,0.869627685920728
holdout_rmse_v2,dlinear_prevday,2025-12-21,41,71,False,6973.545147371404,7668.82136464119,7005.358765744449,0.9954586739327883
holdout_rmse_v2,dlinear_prevday,2025-12-22,49,81,False,1226.0045926038613,8707.566648721695,4748.357517077977,0.2581955103832018
holdout_rmse_v2,dlinear_prevday,2025-12-23,0,73,False,8572.88891430662,12120.169773697853,10434.86682635867,0.8215618902439025
holdout_rmse_v2,dlinear_prevday,2025-12-24,54,69,False,8117.935083401057,9543.307468295097,9825.502417317695,0.8262106850732632
holdout_rmse_v2,dlinear_prevday,2025-12-25,55,73,False,10280.57395861124,13515.445575118065,11095.330269230428,0.926567637839617
holdout_rmse_v2,dlinear_prevday,2025-12-26,54,68,False,2756.5927675112557,8661.095902323723,7346.620268670262,0.3752191710883403
holdout_rmse_v2,dlinear_prevday,2025-12-27,44,75,False,3912.12065133331,8213.67435157299,7411.580496026182,0.5278389209198828
holdout_rmse_v2,dlinear_prevday,2025-12-28,47,75,False,11453.481622150492,7989.628046751022,11889.188213940359,0.9633527046633015
holdout_rmse_v2,dlinear_prevday,2025-12-29,49,74,False,11406.057061241792,11983.91343653202,12388.222994463616,0.9207177709296352
holdout_rmse_v2,dlinear_prevday,2025-12-30,52,70,False,3531.311639407965,10963.145300745964,31559.10942606037,0.11189516129032258
holdout_rmse_v2,dlinear_prevday,2025-12-31,34,66,False,1972.4443391287743,15478.553056716919,22576.10161322132,0.08736868627370303
holdout_rmse_v2,xgboost_temporal,2025-11-03,52,78,False,0.0,23116.519022732973,13361.719716678786,0.0
holdout_rmse_v2,xgboost_temporal,2025-11-04,50,69,False,7037.360084465895,12125.37370249629,7323.682649823298,0.9609045641315014
holdout_rmse_v2,xgboost_temporal,2025-11-05,0,22,False,5662.824070401962,7699.283003807068,5662.824070401962,1.0
holdout_rmse_v2,xgboost_temporal,2025-11-06,49,71,False,-1169.5958658666168,5550.658732652664,922.5949328182957,-1.2677241379310369
holdout_rmse_v2,xgboost_temporal,2025-11-07,59,88,False,1405.89787905608,3052.926689386368,6793.7950222018635,0.20693851881925482
holdout_rmse_v2,xgboost_temporal,2025-11-08,54,88,False,7845.92228358785,5962.002485990524,8037.637510627493,0.9761478137343027
holdout_rmse_v2,xgboost_temporal,2025-11-09,53,71,False,12547.033396020017,21761.629316955805,12573.171464875311,0.9979211236458267
holdout_rmse_v2,xgboost_temporal,2025-11-10,50,71,False,10636.110232101038,13601.418055593967,11155.171685390125,0.9534689856930755
holdout_rmse_v2,xgboost_temporal,2025-11-11,57,68,False,7319.550060796639,2380.410522222519,7485.846206756217,0.9777852574890611
holdout_rmse_v2,xgboost_temporal,2025-11-12,52,71,False,10126.872824165548,21322.243344038725,10483.503486127383,0.9659817290628312
holdout_rmse_v2,xgboost_temporal,2025-11-13,57,70,False,8987.382185365344,4139.107784256339,9537.757783219018,0.9422950749680371
holdout_rmse_v2,xgboost_temporal,2025-11-14,1,69,False,2323.7494013749565,3821.7808902263646,3791.572488594169,0.6128722076039093
holdout_rmse_v2,xgboost_temporal,2025-11-15,48,81,False,7722.65723783965,9179.131805896759,8345.596517840402,0.9253571295150571
holdout_rmse_v2,xgboost_temporal,2025-11-16,59,88,False,7319.7663934015745,3905.2078574895863,9645.889090707162,0.758848284960422
holdout_rmse_v2,xgboost_temporal,2025-11-17,0,21,False,349.9498021034926,5091.3461446762085,7342.5831204987235,0.04766031195840562
holdout_rmse_v2,xgboost_temporal,2025-11-18,51,69,False,9092.720257160334,19278.170697391033,10104.393321423157,0.8998779014156257
holdout_rmse_v2,xgboost_temporal,2025-11-19,55,88,False,8716.931434214255,13252.018850296736,10200.934927737997,0.8545227957989914
holdout_rmse_v2,xgboost_temporal,2025-11-20,53,69,False,8526.049723975988,8643.503777682781,8685.117815841211,0.9816849816849818
holdout_rmse_v2,xgboost_temporal,2025-11-21,54,68,False,6683.354046019838,9127.319276332855,7103.440151188545,0.9408615971659283
holdout_rmse_v2,xgboost_temporal,2025-11-22,49,88,False,2126.702211895992,3307.772859930992,6264.524578776868,0.3394834173212271
holdout_rmse_v2,xgboost_temporal,2025-11-23,44,73,False,5747.464202083447,9110.245078802109,6269.694291762487,0.9167056533577437
holdout_rmse_v2,xgboost_temporal,2025-11-24,52,72,False,7519.555916784296,14738.06468397379,10017.17946801529,0.7506659874462795
holdout_rmse_v2,xgboost_temporal,2025-11-25,60,88,False,1.9151798260572672,3245.1514503918593,1565.2300239538,0.001223577235772342
holdout_rmse_v2,xgboost_temporal,2025-11-26,43,84,False,7142.682249451696,6182.642938219942,7918.575043866373,0.9020161089442887
holdout_rmse_v2,xgboost_temporal,2025-11-27,53,71,False,2603.254308315015,3884.707868099213,3235.7981197025892,0.8045169111335929
holdout_rmse_v2,xgboost_temporal,2025-11-28,55,88,False,4083.7742106269097,4341.475881170481,6405.093051558167,0.6375823392032455
holdout_rmse_v2,xgboost_temporal,2025-11-29,53,71,False,4827.745220366072,4066.8204873800278,5801.283300285127,0.832185737271061
holdout_rmse_v2,xgboost_temporal,2025-11-30,53,87,False,10625.748536596939,19825.389578938484,10816.630246835208,0.9823529411764705
holdout_rmse_v2,xgboost_temporal,2025-12-01,53,75,False,3170.303423558,9912.948906421661,7602.92350373086,0.4169847851293372
holdout_rmse_v2,xgboost_temporal,2025-12-02,51,70,False,6280.00826683903,3099.553555250168,7113.5250682128,0.8828264758497318
holdout_rmse_v2,xgboost_temporal,2025-12-03,55,70,False,8258.81532964241,7098.930090665817,9007.2147950591,0.9169111115428018
holdout_rmse_v2,xgboost_temporal,2025-12-04,53,67,False,8784.761249947422,14798.533320426941,11898.293271518727,0.7383211229946522
holdout_rmse_v2,xgboost_temporal,2025-12-05,40,88,False,4130.9251744176,3461.3718353211884,4598.152699291483,0.8983879928681192
holdout_rmse_v2,xgboost_temporal,2025-12-06,49,73,False,28.632256535740197,5023.663304746152,1382.2635419667454,0.020714035830678833
holdout_rmse_v2,xgboost_temporal,2025-12-07,49,74,False,11039.32557544652,21398.21783453226,15016.027872077113,0.7351694915254237
holdout_rmse_v2,xgboost_temporal,2025-12-08,57,79,False,4895.73092282927,7094.91921053268,7915.851798133639,0.6184717763391631
holdout_rmse_v2,xgboost_temporal,2025-12-09,52,69,False,10212.171497747358,14069.71687078476,10593.934918223893,0.9639639639639642
holdout_rmse_v2,xgboost_temporal,2025-12-10,50,75,False,4030.4005030824515,21055.668398737907,7441.205337455161,0.5416327490380503
holdout_rmse_v2,xgboost_temporal,2025-12-11,50,67,False,6984.88670232139,6173.8035678863525,25769.030882166222,0.2710574074074073
holdout_rmse_v2,xgboost_temporal,2025-12-12,47,68,False,-5505.935211395292,4077.3065090179443,9467.73282781811,-0.5815473790322582
holdout_rmse_v2,xgboost_temporal,2025-12-13,56,70,False,3474.047126336483,6345.141351222992,4825.562806145682,0.7199257922644895
holdout_rmse_v2,xgboost_temporal,2025-12-14,50,70,False,596.4162663631441,8720.698431134224,3981.935636852956,0.14978048887663836
holdout_rmse_v2,xgboost_temporal,2025-12-15,47,67,False,11866.479653145681,18047.953593544662,11961.920508264817,0.9920212765957446
holdout_rmse_v2,xgboost_temporal,2025-12-16,53,69,False,9162.322091436881,12426.138997077942,9575.899130286462,0.956810631229236
holdout_rmse_v2,xgboost_temporal,2025-12-17,50,68,False,6971.299105914267,3456.8196423351765,7365.352127168311,0.9464990927181179
holdout_rmse_v2,xgboost_temporal,2025-12-18,57,88,False,-2620.373216361551,2067.851223051548,4304.280762294158,-0.6087830606488844
holdout_rmse_v2,xgboost_temporal,2025-12-19,8,69,False,8844.185907706433,19049.950882792473,8844.185907706433,1.0
holdout_rmse_v2,xgboost_temporal,2025-12-20,56,70,False,9223.69374264032,10446.039594709873,9255.507361013364,0.9965627364192857
holdout_rmse_v2,xgboost_temporal,2025-12-21,48,70,False,6909.917910625314,4656.852882355452,7005.358765744449,0.986376021798365
holdout_rmse_v2,xgboost_temporal,2025-12-22,0,23,False,1125.3749363280842,3239.9699091911316,4748.357517077977,0.2370029915145506
holdout_rmse_v2,xgboost_temporal,2025-12-23,53,69,False,10012.331072575238,20341.414883732796,10434.86682635867,0.9595073170731706
holdout_rmse_v2,xgboost_temporal,2025-12-24,55,77,False,8339.596469415244,15064.607795327902,9825.502417317695,0.8487704867607071
holdout_rmse_v2,xgboost_temporal,2025-12-25,50,70,False,11091.693972650388,19639.69425437972,11095.330269230428,0.9996722678377475
holdout_rmse_v2,xgboost_temporal,2025-12-26,53,75,False,-1197.4359633048666,17755.217626690865,7346.620268670262,-0.16299140550537838
holdout_rmse_v2,xgboost_temporal,2025-12-27,57,69,False,2382.340542332592,4500.866392394528,7411.580496026182,0.3214348874184009
holdout_rmse_v2,xgboost_temporal,2025-12-28,53,73,False,11698.306503702092,21926.947005093098,11889.188213940359,0.9839449332617635
holdout_rmse_v2,xgboost_temporal,2025-12-29,53,88,False,11101.136254583509,23305.508829653263,12388.222994463616,0.8961040061633282
holdout_rmse_v2,xgboost_temporal,2025-12-30,45,70,False,1972.4443391287734,18502.783119678497,31559.10942606037,0.06250000000000001
holdout_rmse_v2,xgboost_temporal,2025-12-31,50,67,False,3499.4980210349167,12364.380478858948,22576.10161322132,0.15500895951785998
holdout_rmse_v2,ridge_contextual_a1,2025-11-03,51,82,False,5376.501505044559,18774.41018819809,13361.719716678786,0.40238095238095234
holdout_rmse_v2,ridge_contextual_a1,2025-11-04,52,68,False,7291.869031450253,8713.046133518219,7323.682649823298,0.9956560626812779
holdout_rmse_v2,ridge_contextual_a1,2025-11-05,0,24,False,5503.7559785367375,7167.7006483078,5662.824070401962,0.9719101123595505
holdout_rmse_v2,ridge_contextual_a1,2025-11-06,25,40,False,-135.6373619334761,3431.1667680740356,922.5949328182957,-0.14701724137931046
holdout_rmse_v2,ridge_contextual_a1,2025-11-07,56,70,False,3767.6518289394767,3780.413746833801,6793.7950222018635,0.5545724910196633
holdout_rmse_v2,ridge_contextual_a1,2025-11-08,53,75,False,7195.909614351636,10249.277174472809,8037.637510627493,0.8952767034886917
holdout_rmse_v2,ridge_contextual_a1,2025-11-09,49,70,False,12447.91488661696,17532.835006713867,12573.171464875311,0.9900377897010098
holdout_rmse_v2,ridge_contextual_a1,2025-11-10,50,71,False,10636.110232101038,14391.86954498291,11155.171685390125,0.9534689856930755
holdout_rmse_v2,ridge_contextual_a1,2025-11-11,53,65,False,6184.742386620946,4116.419017314911,7485.846206756217,0.8261914840087172
holdout_rmse_v2,ridge_contextual_a1,2025-11-12,32,73,False,9493.066012128567,16633.479595184326,10483.503486127383,0.9055241909053169
holdout_rmse_v2,ridge_contextual_a1,2025-11-13,52,67,False,9442.316928099885,6883.414626121521,9537.757783219018,0.9899933656013937
holdout_rmse_v2,ridge_contextual_a1,2025-11-14,50,67,False,3456.015167442642,9458.743810653687,3791.572488594169,0.9114991676511651
holdout_rmse_v2,ridge_contextual_a1,2025-11-15,52,75,False,8207.18182702296,10939.41879272461,8345.596517840402,0.9834146438158671
holdout_rmse_v2,ridge_contextual_a1,2025-11-16,53,73,False,8914.175868127131,7969.665884971619,9645.889090707162,0.9241424802110816
holdout_rmse_v2,ridge_contextual_a1,2025-11-17,54,67,False,4819.763183516276,6710.76112985611,7342.5831204987235,0.6564124783362217
holdout_rmse_v2,ridge_contextual_a1,2025-11-18,33,69,False,8858.123453915665,13769.54174041748,10104.393321423157,0.8766605942718825
holdout_rmse_v2,ridge_contextual_a1,2025-11-19,51,88,False,8716.931434214255,15011.501908302307,10200.934927737997,0.8545227957989914
holdout_rmse_v2,ridge_contextual_a1,2025-11-20,53,67,False,8271.540776991627,6575.272262096405,8685.117815841211,0.9523809523809521
holdout_rmse_v2,ridge_contextual_a1,2025-11-21,50,67,False,7103.440151188545,9472.493767738342,7103.440151188545,1.0
holdout_rmse_v2,ridge_contextual_a1,2025-11-22,53,69,False,5803.643870768406,6641.7577266693115,6264.524578776868,0.9264300583048477
holdout_rmse_v2,ridge_contextual_a1,2025-11-23,47,68,False,4642.275006613059,8450.287580490112,6269.694291762487,0.7404308393014262
holdout_rmse_v2,ridge_contextual_a1,2025-11-24,52,70,False,9056.153684202356,12005.984902381897,10017.17946801529,0.9040622375907833
holdout_rmse_v2,ridge_contextual_a1,2025-11-25,52,69,False,93.46522941816815,7363.033354282379,1565.2300239538,0.059713414634146394
holdout_rmse_v2,ridge_contextual_a1,2025-11-26,59,86,False,6342.47748787634,5713.481962680817,7918.575043866373,0.8009619726707197
holdout_rmse_v2,ridge_contextual_a1,2025-11-27,51,69,False,2810.892251350366,9334.165453910828,3235.7981197025892,0.868685915303246
holdout_rmse_v2,ridge_contextual_a1,2025-11-28,54,67,False,1423.2108501746914,4171.941339969635,6405.093051558167,0.2221998710586206
holdout_rmse_v2,ridge_contextual_a1,2025-11-29,0,24,False,3167.3447570493086,6889.10973072052,5801.283300285127,0.5459731223423682
holdout_rmse_v2,ridge_contextual_a1,2025-11-30,17,88,False,10816.630246835208,16235.60082912445,10816.630246835208,1.0
holdout_rmse_v2,ridge_contextual_a1,2025-12-01,0,23,False,734.0992439580064,5656.433582305908,7602.92350373086,0.09655486387542551
holdout_rmse_v2,ridge_contextual_a1,2025-12-02,54,73,False,7049.89783146671,6006.097793579102,7113.5250682128,0.9910554561717352
holdout_rmse_v2,ridge_contextual_a1,2025-12-03,52,88,False,8323.956894623057,8568.035423755646,9007.2147950591,0.9241432655951711
holdout_rmse_v2,ridge_contextual_a1,2025-12-04,0,66,False,2163.32604936704,9164.557337760925,11898.293271518727,0.1818181818181817
holdout_rmse_v2,ridge_contextual_a1,2025-12-05,54,69,False,4102.203839750415,5220.301866531372,4598.152699291483,0.8921417160379455
holdout_rmse_v2,ridge_contextual_a1,2025-12-06,53,70,False,472.4481396489006,7557.5485825538635,1382.2635419667454,0.34179309900388505
holdout_rmse_v2,ridge_contextual_a1,2025-12-07,0,72,False,6662.449317386912,18115.640699863434,15016.027872077113,0.4436891949152542
holdout_rmse_v2,ridge_contextual_a1,2025-12-08,52,70,False,6304.841977341028,11011.670708656311,7915.851798133639,0.7964830744844861
holdout_rmse_v2,ridge_contextual_a1,2025-12-09,52,70,False,10021.28978750909,11604.961633682251,10593.934918223893,0.945945945945946
holdout_rmse_v2,ridge_contextual_a1,2025-12-10,53,88,False,6262.844819726771,17252.19202041626,7441.205337455161,0.8416438648995297
holdout_rmse_v2,ridge_contextual_a1,2025-12-11,52,67,False,5238.319053641236,4686.423659324646,25769.030882166222,0.20327962962962956
holdout_rmse_v2,ridge_contextual_a1,2025-12-12,15,23,False,7159.70889800495,356.75978660583496,9467.73282781811,0.7562221102150538
holdout_rmse_v2,ridge_contextual_a1,2025-12-13,53,68,False,3713.209183817685,9192.210972309113,4825.562806145682,0.7694872770257307
holdout_rmse_v2,ridge_contextual_a1,2025-12-14,38,68,False,2664.708674926226,12500.362277030945,3981.935636852956,0.6691993336768813
holdout_rmse_v2,ridge_contextual_a1,2025-12-15,36,73,False,10689.375773343027,16979.83020544052,11961.920508264817,0.8936170212765956
holdout_rmse_v2,ridge_contextual_a1,2025-12-16,52,69,False,9162.322091436881,12568.54522228241,9575.899130286462,0.956810631229236
holdout_rmse_v2,ridge_contextual_a1,2025-12-17,53,68,False,6971.299105914267,7302.245855331421,7365.352127168311,0.9464990927181179
holdout_rmse_v2,ridge_contextual_a1,2025-12-18,37,67,False,705.9028339939775,4803.896188735962,4304.280762294158,0.16400018330071367
holdout_rmse_v2,ridge_contextual_a1,2025-12-19,11,73,False,8685.11781584121,17212.403118610382,8844.185907706433,0.9820143884892086
holdout_rmse_v2,ridge_contextual_a1,2025-12-20,53,70,False,9223.69374264032,16073.468744754791,9255.507361013364,0.9965627364192857
holdout_rmse_v2,ridge_contextual_a1,2025-12-21,49,67,False,5923.6957410609275,8037.952244281769,7005.358765744449,0.8455949137148047
holdout_rmse_v2,ridge_contextual_a1,2025-12-22,0,23,False,1125.3749363280842,2688.9184713363647,4748.357517077977,0.2370029915145506
holdout_rmse_v2,ridge_contextual_a1,2025-12-23,0,68,False,9658.535004010446,18647.28742837906,10434.86682635867,0.9256021341463415
holdout_rmse_v2,ridge_contextual_a1,2025-12-24,53,87,False,9672.797049127083,15410.806000232697,9825.502417317695,0.9844582636383595
holdout_rmse_v2,ridge_contextual_a1,2025-12-25,51,71,False,11031.703032484338,19888.643503189087,11095.330269230428,0.9942654039850854
holdout_rmse_v2,ridge_contextual_a1,2025-12-26,52,71,False,1960.498325429696,14632.9665184021,7346.620268670262,0.2668571742832907
holdout_rmse_v2,ridge_contextual_a1,2025-12-27,54,66,False,1412.5787389144195,6001.336693763733,7411.580496026182,0.1905907572172754
holdout_rmse_v2,ridge_contextual_a1,2025-12-28,49,73,False,11698.306503702092,18281.301617622375,11889.188213940359,0.9839449332617635
holdout_rmse_v2,ridge_contextual_a1,2025-12-29,52,88,False,11102.952812192609,19982.733130455017,12388.222994463616,0.8962506420133538
holdout_rmse_v2,ridge_contextual_a1,2025-12-30,52,71,False,3435.870784288831,14683.536052703857,31559.10942606037,0.1088709677419355
holdout_rmse_v2,ridge_contextual_a1,2025-12-31,52,67,False,2926.8528903201095,12110.27479171753,22576.10161322132,0.12964385705130096
holdout_rmse_v2,ridge_temporal_a1,2025-11-03,7,84,False,1877.0034840096396,22201.884329319,13361.719716678786,0.1404761904761905
holdout_rmse_v2,ridge_temporal_a1,2025-11-04,37,68,False,3467.6844026618764,10418.098628520966,7323.682649823298,0.4734891677407053
holdout_rmse_v2,ridge_temporal_a1,2025-11-05,0,26,False,4008.5159150036366,9266.456484794617,5662.824070401962,0.707865168539326
holdout_rmse_v2,ridge_temporal_a1,2025-11-06,18,41,False,-4.463450657738122,6425.667643547058,922.5949328182957,-0.004837931034482708
holdout_rmse_v2,ridge_temporal_a1,2025-11-07,58,69,False,3124.8163120082227,5496.423959732056,6793.7950222018635,0.4599515148450081
holdout_rmse_v2,ridge_temporal_a1,2025-11-08,52,71,False,7020.724743418629,12265.468299388885,8037.637510627493,0.8734811359850099
holdout_rmse_v2,ridge_temporal_a1,2025-11-09,47,68,False,11721.84539993631,23248.754858970642,12573.171464875311,0.9322902684245352
holdout_rmse_v2,ridge_temporal_a1,2025-11-10,49,69,False,10683.77657650937,14519.323348999023,11155.171685390125,0.9577420122096247
holdout_rmse_v2,ridge_temporal_a1,2025-11-11,55,67,False,7348.602257094903,5940.983474254608,7485.846206756217,0.9816662076843835
holdout_rmse_v2,ridge_temporal_a1,2025-11-12,47,70,False,10374.70091129157,19708.658933639526,10483.503486127383,0.9896215444598468
holdout_rmse_v2,ridge_temporal_a1,2025-11-13,51,67,False,9442.316928099885,6717.674255371094,9537.757783219018,0.9899933656013937
holdout_rmse_v2,ridge_temporal_a1,2025-11-14,49,67,False,3456.015167442642,11506.38234615326,3791.572488594169,0.9114991676511651
holdout_rmse_v2,ridge_temporal_a1,2025-11-15,0,76,False,7156.67387881216,12766.236007213593,8345.596517840402,0.8575389264881571
holdout_rmse_v2,ridge_temporal_a1,2025-11-16,55,68,False,7469.837593990902,6717.189729213715,9645.889090707162,0.7744063324538258
holdout_rmse_v2,ridge_temporal_a1,2025-11-17,42,67,False,4805.440692524731,7928.797006607056,7342.5831204987235,0.6544618717504332
holdout_rmse_v2,ridge_temporal_a1,2025-11-18,46,67,False,10087.06444349536,17100.71349143982,10104.393321423157,0.9982850155000343
holdout_rmse_v2,ridge_temporal_a1,2025-11-19,53,88,False,8716.931434214255,17461.642682552338,10200.934927737997,0.8545227957989914
holdout_rmse_v2,ridge_temporal_a1,2025-11-20,42,66,False,7921.590974888137,8494.785070419312,8685.117815841211,0.912087912087912
holdout_rmse_v2,ridge_temporal_a1,2025-11-21,48,66,False,6731.981161703038,9349.478900432587,7103.440151188545,0.9477071698248412
holdout_rmse_v2,ridge_temporal_a1,2025-11-22,53,67,False,4593.619258673325,8914.696455001831,6264.524578776868,0.7332749997079934
holdout_rmse_v2,ridge_temporal_a1,2025-11-23,46,67,False,5167.549659570401,10908.469319343567,6269.694291762487,0.8242107859006534
holdout_rmse_v2,ridge_temporal_a1,2025-11-24,18,68,False,9805.183059262832,14147.508025169373,10017.17946801529,0.9788367165199185
holdout_rmse_v2,ridge_temporal_a1,2025-11-25,54,68,False,67.96979565401018,8352.045893669128,1565.2300239538,0.04342479674796758
holdout_rmse_v2,ridge_temporal_a1,2025-11-26,48,87,False,5458.144793875304,7353.3477783203125,7918.575043866373,0.6892837112282105
holdout_rmse_v2,ridge_temporal_a1,2025-11-27,49,67,False,3006.740067416667,9737.242758274078,3235.7981197025892,0.9292112660270118
holdout_rmse_v2,ridge_temporal_a1,2025-11-28,54,67,False,1423.2108501746914,5271.350145339966,6405.093051558167,0.2221998710586206
holdout_rmse_v2,ridge_temporal_a1,2025-11-29,0,24,False,3167.3447570493086,8241.344690322876,5801.283300285127,0.5459731223423682
holdout_rmse_v2,ridge_temporal_a1,2025-11-30,36,76,False,8939.626762825566,19405.845999717712,10816.630246835208,0.8264705882352938
holdout_rmse_v2,ridge_temporal_a1,2025-12-01,55,88,False,6052.617248155855,7739.866733551025,7602.92350373086,0.7960907728699035
holdout_rmse_v2,ridge_temporal_a1,2025-12-02,55,74,False,7113.5250682128,7505.200564861298,7113.5250682128,1.0
holdout_rmse_v2,ridge_temporal_a1,2025-12-03,52,67,False,7845.23829079283,11756.188750267029,9007.2147950591,0.8709949156643104
holdout_rmse_v2,ridge_temporal_a1,2025-12-04,48,65,False,11834.666034772637,11960.736989974976,11898.293271518727,0.9946524064171123
holdout_rmse_v2,ridge_temporal_a1,2025-12-05,49,68,False,4317.861995977611,8049.158930778503,4598.152699291483,0.9390427587676543
holdout_rmse_v2,ridge_temporal_a1,2025-12-06,49,67,False,637.8789551887331,11997.900485992432,1382.2635419667454,0.46147419491447406
holdout_rmse_v2,ridge_temporal_a1,2025-12-07,0,71,False,6376.12675202951,21664.932250976562,15016.027872077113,0.4246213983050847
holdout_rmse_v2,ridge_temporal_a1,2025-12-08,53,74,False,5726.702634733197,11095.928251743317,7915.851798133639,0.7234474293825727
holdout_rmse_v2,ridge_temporal_a1,2025-12-09,48,68,False,10466.680444731715,15653.464078903198,10593.934918223893,0.9879879879879881
holdout_rmse_v2,ridge_temporal_a1,2025-12-10,53,88,False,6262.844819726771,19975.08728504181,7441.205337455161,0.8416438648995297
holdout_rmse_v2,ridge_temporal_a1,2025-12-11,48,66,False,6116.374920737272,7799.980044364929,25769.030882166222,0.2373537037037037
holdout_rmse_v2,ridge_temporal_a1,2025-12-12,0,8,False,-1604.7679888678203,3475.6266474723816,9467.73282781811,-0.16949865591397847
holdout_rmse_v2,ridge_temporal_a1,2025-12-13,54,67,False,4233.829504407049,10931.44142627716,4825.562806145682,0.8773752771417626
holdout_rmse_v2,ridge_temporal_a1,2025-12-14,48,67,False,3106.9179703115483,15071.789860725403,3981.935636852956,0.7802531868061633
holdout_rmse_v2,ridge_temporal_a1,2025-12-15,37,70,False,11071.139193819563,22067.607581615448,11961.920508264817,0.9255319148936169
holdout_rmse_v2,ridge_temporal_a1,2025-12-16,52,68,False,9257.762946556015,14820.070028305054,9575.899130286462,0.9667774086378739
holdout_rmse_v2,ridge_temporal_a1,2025-12-17,53,88,False,2334.2733463327595,7949.1612911224365,7365.352127168311,0.316926238695691
holdout_rmse_v2,ridge_temporal_a1,2025-12-18,49,63,False,1764.1128592128896,6280.851423740387,4304.280762294158,0.4098507873061299
holdout_rmse_v2,ridge_temporal_a1,2025-12-19,0,73,False,7920.216626574421,16792.15145111084,8844.185907706433,0.8955280575539569
holdout_rmse_v2,ridge_temporal_a1,2025-12-20,54,69,False,9255.507361013364,18038.659811019897,9255.507361013364,1.0
holdout_rmse_v2,ridge_temporal_a1,2025-12-21,40,66,False,5891.882122687883,11383.424580097198,7005.358765744449,0.841053587647593
holdout_rmse_v2,ridge_temporal_a1,2025-12-22,0,21,False,441.9038846489407,3199.2874145507812,4748.357517077977,0.09306457718476041
holdout_rmse_v2,ridge_temporal_a1,2025-12-23,0,67,False,9913.043950994803,15241.651952266693,10434.86682635867,0.9499923780487805
holdout_rmse_v2,ridge_temporal_a1,2025-12-24,53,87,False,9672.797049127083,18217.62466430664,9825.502417317695,0.9844582636383595
holdout_rmse_v2,ridge_temporal_a1,2025-12-25,52,69,False,11004.569197373969,21372.20388650894,11095.330269230428,0.9918198855145252
holdout_rmse_v2,ridge_temporal_a1,2025-12-26,53,69,False,2531.1010218449514,14936.840832233429,7346.620268670262,0.344525908415174
holdout_rmse_v2,ridge_temporal_a1,2025-12-27,55,66,False,1412.5787389144195,4381.419956684113,7411.580496026182,0.1905907572172754
holdout_rmse_v2,ridge_temporal_a1,2025-12-28,0,71,False,10203.066440168988,23945.005416870117,11889.188213940359,0.8581802438122434
holdout_rmse_v2,ridge_temporal_a1,2025-12-29,49,88,False,11056.1072591383,20527.924358844757,12388.222994463616,0.8924691833590138
holdout_rmse_v2,ridge_temporal_a1,2025-12-30,50,69,False,7603.454791157691,17465.62087535858,31559.10942606037,0.24092741935483875
holdout_rmse_v2,ridge_temporal_a1,2025-12-31,50,67,False,3499.4980210349167,13164.062857627869,22576.10161322132,0.15500895951785998
holdout_rmse_v2,climatology_weekday_slot,2025-11-03,50,82,False,5376.501505044559,6498.845130205154,13361.719716678786,0.40238095238095234
holdout_rmse_v2,climatology_weekday_slot,2025-11-04,49,73,False,6082.951533274553,8888.139843940735,7323.682649823298,0.8305864445698394
holdout_rmse_v2,climatology_weekday_slot,2025-11-05,54,73,False,466.24766542799455,9193.339735269547,5662.824070401962,0.08233483146067419
holdout_rmse_v2,climatology_weekday_slot,2025-11-06,54,72,False,-1468.6438785732373,8215.742111206055,922.5949328182957,-1.5918620689655203
holdout_rmse_v2,climatology_weekday_slot,2025-11-07,53,74,False,3897.9985861375153,8053.20405960083,6793.7950222018635,0.5737586390815449
holdout_rmse_v2,climatology_weekday_slot,2025-11-08,50,83,False,7646.285465573319,7846.079885959625,8037.637510627493,0.9513100653597875
holdout_rmse_v2,climatology_weekday_slot,2025-11-09,51,73,False,12222.279979667977,9316.362470388412,12573.171464875311,0.9720920464508424
holdout_rmse_v2,climatology_weekday_slot,2025-11-10,50,82,False,10275.827366749982,6498.845130205154,11155.171685390125,0.9211716015279428
holdout_rmse_v2,climatology_weekday_slot,2025-11-11,49,73,False,7045.679345670445,8888.139843940735,7485.846206756217,0.9412001196753806
holdout_rmse_v2,climatology_weekday_slot,2025-11-12,54,73,False,9833.000887168224,9193.339735269547,10483.503486127383,0.9379498848052126
holdout_rmse_v2,climatology_weekday_slot,2025-11-13,54,72,False,9292.831098088622,8215.742111206055,9537.757783219018,0.9743203076973367
holdout_rmse_v2,climatology_weekday_slot,2025-11-14,53,74,False,3365.2604583098578,8053.20405960083,3791.572488594169,0.8875632652239287
holdout_rmse_v2,climatology_weekday_slot,2025-11-15,50,83,False,7983.118512821605,7846.079885959625,8345.596517840402,0.9565665552793108
holdout_rmse_v2,climatology_weekday_slot,2025-11-16,51,73,False,8914.175868127131,9316.362470388412,9645.889090707162,0.9241424802110816
holdout_rmse_v2,climatology_weekday_slot,2025-11-17,50,82,False,7080.874751676544,6498.845130205154,7342.5831204987235,0.9643574523396878
holdout_rmse_v2,climatology_weekday_slot,2025-11-18,49,73,False,8133.9596029755585,8888.139843940735,10104.393321423157,0.804992377496834
holdout_rmse_v2,climatology_weekday_slot,2025-11-19,54,73,False,8301.136986164072,9193.339735269547,10200.934927737997,0.813762370309013
holdout_rmse_v2,climatology_weekday_slot,2025-11-20,54,72,False,8462.422487229898,8215.742111206055,8685.117815841211,0.9743589743589743
holdout_rmse_v2,climatology_weekday_slot,2025-11-21,53,74,False,4895.54004111903,8053.20405960083,7103.440151188545,0.6891787552119955
holdout_rmse_v2,climatology_weekday_slot,2025-11-22,50,83,False,3492.9126020316994,7846.079885959625,6264.524578776868,0.557570260617236
holdout_rmse_v2,climatology_weekday_slot,2025-11-23,51,73,False,5747.464202083447,9316.362470388412,6269.694291762487,0.9167056533577437
holdout_rmse_v2,climatology_weekday_slot,2025-11-24,50,82,False,4031.0558636209375,6498.845130205154,10017.17946801529,0.4024142600711149
holdout_rmse_v2,climatology_weekday_slot,2025-11-25,49,73,False,956.4223532343553,8888.139843940735,1565.2300239538,0.6110426829268294
holdout_rmse_v2,climatology_weekday_slot,2025-11-26,54,73,False,6852.653397553833,9193.339735269547,7918.575043866373,0.8653897146383441
holdout_rmse_v2,climatology_weekday_slot,2025-11-27,54,72,False,2444.567979870268,8215.742111206055,3235.7981197025892,0.7554760493200839
holdout_rmse_v2,climatology_weekday_slot,2025-11-28,53,74,False,4192.630868613957,8053.20405960083,6405.093051558167,0.6545776673133603
holdout_rmse_v2,climatology_weekday_slot,2025-11-29,50,83,False,2499.312854366604,7846.079885959625,5801.283300285127,0.4308206865615002
holdout_rmse_v2,climatology_weekday_slot,2025-11-30,51,73,False,8844.185907706433,9316.362470388412,10816.630246835208,0.8176470588235293
holdout_rmse_v2,climatology_weekday_slot,2025-12-01,50,82,False,-954.408551191344,6498.845130205154,7602.92350373086,-0.12553178402005524
holdout_rmse_v2,climatology_weekday_slot,2025-12-02,49,73,False,7049.89783146671,8888.139843940735,7113.5250682128,0.9910554561717352
holdout_rmse_v2,climatology_weekday_slot,2025-12-03,54,73,False,8650.12283563086,9193.339735269547,9007.2147950591,0.9603548968739901
holdout_rmse_v2,climatology_weekday_slot,2025-12-04,54,72,False,6589.621582207336,8215.742111206055,11898.293271518727,0.5538291443850266
holdout_rmse_v2,climatology_weekday_slot,2025-12-05,53,74,False,3714.045881980896,8053.20405960083,4598.152699291483,0.8077256509017595
holdout_rmse_v2,climatology_weekday_slot,2025-12-06,50,83,False,563.4891713470428,7846.079885959625,1382.2635419667454,0.4076568282668337
holdout_rmse_v2,climatology_weekday_slot,2025-12-07,51,73,False,10816.630246835208,9316.362470388412,15016.027872077113,0.7203389830508474
holdout_rmse_v2,climatology_weekday_slot,2025-12-08,50,82,False,5962.390645088062,6498.845130205154,7915.851798133639,0.7532216111592496
holdout_rmse_v2,climatology_weekday_slot,2025-12-09,49,73,False,9862.221695643866,8888.139843940735,10593.934918223893,0.930930930930931
holdout_rmse_v2,climatology_weekday_slot,2025-12-10,54,73,False,6744.48709508548,9193.339735269547,7441.205337455161,0.9063702436938862
holdout_rmse_v2,climatology_weekday_slot,2025-12-11,54,72,False,2763.3308918826638,8215.742111206055,25769.030882166222,0.10723456790123455
holdout_rmse_v2,climatology_weekday_slot,2025-12-12,53,74,False,-12767.638569904222,8053.20405960083,9467.73282781811,-1.3485423387096773
holdout_rmse_v2,climatology_weekday_slot,2025-12-13,50,83,False,2370.1145687918315,7846.079885959625,4825.562806145682,0.49115816413648783
holdout_rmse_v2,climatology_weekday_slot,2025-12-14,51,73,False,203.59125077829998,9316.362470388412,3981.935636852956,0.051128714611571244
holdout_rmse_v2,climatology_weekday_slot,2025-12-15,50,82,False,11643.78432453437,6498.845130205154,11961.920508264817,0.973404255319149
holdout_rmse_v2,climatology_weekday_slot,2025-12-16,49,73,False,8844.185907706433,8888.139843940735,9575.899130286462,0.9235880398671096
holdout_rmse_v2,climatology_weekday_slot,2025-12-17,54,73,False,5569.085243865785,9193.339735269547,7365.352127168311,0.7561193474135879
holdout_rmse_v2,climatology_weekday_slot,2025-12-18,54,72,False,-181.40125196310086,8215.742111206055,4304.280762294158,-0.042144381833125355
holdout_rmse_v2,climatology_weekday_slot,2025-12-19,53,74,False,8557.86334234903,8053.20405960083,8844.185907706433,0.9676258992805755
holdout_rmse_v2,climatology_weekday_slot,2025-12-20,50,83,False,8526.049723975988,7846.079885959625,9255.507361013364,0.9211866396314432
holdout_rmse_v2,climatology_weekday_slot,2025-12-21,51,73,False,7005.358765744449,9316.362470388412,7005.358765744449,1.0
holdout_rmse_v2,climatology_weekday_slot,2025-12-22,50,82,False,1630.037545941529,6498.845130205154,4748.357517077977,0.3432845020786502
holdout_rmse_v2,climatology_weekday_slot,2025-12-23,49,73,False,9094.711789670488,8888.139843940735,10434.86682635867,0.8715695121951221
holdout_rmse_v2,climatology_weekday_slot,2025-12-24,54,73,False,8277.00317526628,9193.339735269547,9825.502417317695,0.8423999937833055
holdout_rmse_v2,climatology_weekday_slot,2025-12-25,54,72,False,10650.152763250899,8215.742111206055,11095.330269230428,0.959877038792248
holdout_rmse_v2,climatology_weekday_slot,2025-12-26,53,74,False,-985.1277810923528,8053.20405960083,7346.620268670262,-0.13409265009836435
holdout_rmse_v2,climatology_weekday_slot,2025-12-27,50,83,False,5250.077366991915,7846.079885959625,7411.580496026182,0.7083613771457807
holdout_rmse_v2,climatology_weekday_slot,2025-12-28,51,73,False,11698.306503702092,9316.362470388412,11889.188213940359,0.9839449332617635
holdout_rmse_v2,climatology_weekday_slot,2025-12-29,50,82,False,10787.975720766606,6498.845130205154,12388.222994463616,0.8708251155624037
holdout_rmse_v2,climatology_weekday_slot,2025-12-30,49,73,False,4008.5159150036357,8888.139843940735,31559.10942606037,0.12701612903225806
holdout_rmse_v2,climatology_weekday_slot,2025-12-31,54,73,False,4199.397625241901,9193.339735269547,22576.10161322132,0.186010751421432
holdout_rmse_v2,blend_lgb_transformer,2025-11-03,46,82,False,5376.501505044559,18471.143098103308,13361.719716678786,0.40238095238095234
holdout_rmse_v2,blend_lgb_transformer,2025-11-04,49,70,False,6623.783045616314,10761.987006096713,7323.682649823298,0.9044333789881146
holdout_rmse_v2,blend_lgb_transformer,2025-11-05,0,36,False,3009.841895208039,6968.784082891258,5662.824070401962,0.5315089887640448
holdout_rmse_v2,blend_lgb_transformer,2025-11-06,27,38,False,-126.28733949363813,2105.1450646009985,922.5949328182957,-0.13688275862068963
holdout_rmse_v2,blend_lgb_transformer,2025-11-07,51,71,False,3887.846860514677,3803.5280508458745,6793.7950222018635,0.572264374743327
holdout_rmse_v2,blend_lgb_transformer,2025-11-08,48,73,False,7172.7556628997345,6121.355260154328,8037.637510627493,0.8923960123127974
holdout_rmse_v2,blend_lgb_transformer,2025-11-09,47,71,False,12531.327012629246,15283.866550276407,12573.171464875311,0.9966719254276487
holdout_rmse_v2,blend_lgb_transformer,2025-11-10,48,71,False,10524.530328381261,15170.950499954213,11155.171685390125,0.9434664588950422
holdout_rmse_v2,blend_lgb_transformer,2025-11-11,52,69,False,7461.979630252758,5683.792607958029,7485.846206756217,0.9968117730655597
holdout_rmse_v2,blend_lgb_transformer,2025-11-12,48,74,False,9731.957653853597,15511.92111372527,10483.503486127383,0.9283115770154231
holdout_rmse_v2,blend_lgb_transformer,2025-11-13,51,69,False,9330.03394341406,5856.6307250699265,9537.757783219018,0.9782208937859135
holdout_rmse_v2,blend_lgb_transformer,2025-11-14,49,69,False,3738.0619824907076,5925.582873127165,3791.572488594169,0.985886988508216
holdout_rmse_v2,blend_lgb_transformer,2025-11-15,48,73,False,8175.368208649914,8200.057397996996,8345.596517840402,0.9796026193182727
holdout_rmse_v2,blend_lgb_transformer,2025-11-16,48,88,False,7319.7663934015745,5857.298536784501,9645.889090707162,0.758848284960422
holdout_rmse_v2,blend_lgb_transformer,2025-11-17,52,71,False,7088.074173514365,5337.686906108773,7342.5831204987235,0.9653379549393413
holdout_rmse_v2,blend_lgb_transformer,2025-11-18,42,69,False,9041.44306706666,13348.337201637383,10104.393321423157,0.8948031593244844
holdout_rmse_v2,blend_lgb_transformer,2025-11-19,48,88,False,8716.931434214255,12888.539898882978,10200.934927737997,0.8545227957989914
holdout_rmse_v2,blend_lgb_transformer,2025-11-20,53,69,False,8526.049723975988,7167.249966886063,8685.117815841211,0.9816849816849818
holdout_rmse_v2,blend_lgb_transformer,2025-11-21,51,68,False,6683.354046019838,6743.341567306081,7103.440151188545,0.9408615971659283
holdout_rmse_v2,blend_lgb_transformer,2025-11-22,48,88,False,2126.702211895992,4056.7807476152398,6264.524578776868,0.3394834173212271
holdout_rmse_v2,blend_lgb_transformer,2025-11-23,48,73,False,5747.464202083447,6897.686470380216,6269.694291762487,0.9167056533577437
holdout_rmse_v2,blend_lgb_transformer,2025-11-24,50,72,False,7519.555916784296,9446.664656337527,10017.17946801529,0.7506659874462795
holdout_rmse_v2,blend_lgb_transformer,2025-11-25,51,72,False,755.1884915774982,4667.728166365426,1565.2300239538,0.4824776422764228
holdout_rmse_v2,blend_lgb_transformer,2025-11-26,48,87,False,5458.144793875304,5657.9472560056565,7918.575043866373,0.6892837112282105
holdout_rmse_v2,blend_lgb_transformer,2025-11-27,51,71,False,2603.254308315015,5931.345758710753,3235.7981197025892,0.8045169111335929
holdout_rmse_v2,blend_lgb_transformer,2025-11-28,52,70,False,1979.2270025659059,3897.131865248074,6405.093051558167,0.3090083136394747
holdout_rmse_v2,blend_lgb_transformer,2025-11-29,52,71,False,4827.745220366072,4729.045231157972,5801.283300285127,0.832185737271061
holdout_rmse_v2,blend_lgb_transformer,2025-11-30,47,88,False,10816.630246835208,14598.801126884977,10816.630246835208,1.0
holdout_rmse_v2,blend_lgb_transformer,2025-12-01,53,71,False,3043.0489500658205,5393.4515679547485,7602.92350373086,0.4002472139266631
holdout_rmse_v2,blend_lgb_transformer,2025-12-02,52,71,False,6566.330832196431,6490.847729740521,7113.5250682128,0.9230769230769232
holdout_rmse_v2,blend_lgb_transformer,2025-12-03,50,88,False,8323.956894623057,7837.5190760865935,9007.2147950591,0.9241432655951711
holdout_rmse_v2,blend_lgb_transformer,2025-12-04,0,66,False,2163.32604936704,7909.176892835573,11898.293271518727,0.1818181818181817
holdout_rmse_v2,blend_lgb_transformer,2025-12-05,50,72,False,3632.4248626830126,4150.098507581777,4598.152699291483,0.7899748225505262
holdout_rmse_v2,blend_lgb_transformer,2025-12-06,49,72,False,36.47113210285835,6015.31343950862,1382.2635419667454,0.02638507852921131
holdout_rmse_v2,blend_lgb_transformer,2025-12-07,47,73,False,10816.630246835208,16966.549511519308,15016.027872077113,0.7203389830508474
holdout_rmse_v2,blend_lgb_transformer,2025-12-08,48,72,False,6320.3383908505375,8900.421008364183,7915.851798133639,0.7984407176926577
holdout_rmse_v2,blend_lgb_transformer,2025-12-09,49,71,False,9957.662550763,11355.430216592871,10593.934918223893,0.9399399399399401
holdout_rmse_v2,blend_lgb_transformer,2025-12-10,50,88,False,4094.027739828541,21057.193840855558,7441.205337455161,0.5501834117144078
holdout_rmse_v2,blend_lgb_transformer,2025-12-11,50,68,False,6984.88670232139,5629.568419706887,25769.030882166222,0.2710574074074073
holdout_rmse_v2,blend_lgb_transformer,2025-12-12,57,69,False,-6500.88703784124,1580.2279466105124,9467.73282781811,-0.6866360887096773
holdout_rmse_v2,blend_lgb_transformer,2025-12-13,50,69,False,3713.209183817685,7726.424139166992,4825.562806145682,0.7694872770257307
holdout_rmse_v2,blend_lgb_transformer,2025-12-14,49,69,False,1623.8338903587862,8609.65388703039,3981.935636852956,0.4078001350223107
holdout_rmse_v2,blend_lgb_transformer,2025-12-15,42,73,False,11961.920508264817,21230.0681320536,11961.920508264817,1.0
holdout_rmse_v2,blend_lgb_transformer,2025-12-16,50,69,False,9162.322091436881,14702.675265262564,9575.899130286462,0.956810631229236
holdout_rmse_v2,blend_lgb_transformer,2025-12-17,48,70,False,6682.561886922351,6316.164352925872,7365.352127168311,0.9072969997283122
holdout_rmse_v2,blend_lgb_transformer,2025-12-18,51,70,False,460.266705173862,3694.632153883529,4304.280762294158,0.10693231473323836
holdout_rmse_v2,blend_lgb_transformer,2025-12-19,2,73,False,7933.9569283497385,11672.08407883415,8844.185907706433,0.897081654676259
holdout_rmse_v2,blend_lgb_transformer,2025-12-20,50,71,False,9223.693742640322,12011.941960778173,9255.507361013364,0.9965627364192859
holdout_rmse_v2,blend_lgb_transformer,2025-12-21,48,68,False,5987.322977807017,7019.788313489981,7005.358765744449,0.8546775658492279
holdout_rmse_v2,blend_lgb_transformer,2025-12-22,51,68,False,2380.838939545384,2941.941229026885,4748.357517077977,0.5014026283788535
holdout_rmse_v2,blend_lgb_transformer,2025-12-23,0,68,False,9658.535004010446,14479.131765714641,10434.86682635867,0.9256021341463415
holdout_rmse_v2,blend_lgb_transformer,2025-12-24,50,88,False,9596.444365031773,15579.770303974406,9825.502417317695,0.976687395457539
holdout_rmse_v2,blend_lgb_transformer,2025-12-25,48,71,False,11001.750510786114,18608.222312507496,11095.330269230428,0.9915658429110642
holdout_rmse_v2,blend_lgb_transformer,2025-12-26,49,72,False,2865.5321409060707,16142.210669508635,7346.620268670262,0.39004767309481914
holdout_rmse_v2,blend_lgb_transformer,2025-12-27,53,69,False,2382.340542332592,4585.242256511513,7411.580496026182,0.3214348874184009
holdout_rmse_v2,blend_lgb_transformer,2025-12-28,47,73,False,11694.320257319949,17313.1327415067,11889.188213940359,0.98360964995138
holdout_rmse_v2,blend_lgb_transformer,2025-12-29,48,87,False,11056.107259138302,22703.468774653204,12388.222994463616,0.8924691833590139
holdout_rmse_v2,blend_lgb_transformer,2025-12-30,51,71,False,3499.4980210349204,22055.525867996017,31559.10942606037,0.11088709677419355
holdout_rmse_v2,blend_lgb_transformer,2025-12-31,50,68,False,3499.4980210349204,14679.122255153618,22576.10161322132,0.15500895951786015
holdout_seed_bag_v1,listwise_transformer_seed42,2025-11-03,53,88,False,13361.719716678786,9369.407057762146,13361.719716678786,1.0
holdout_seed_bag_v1,listwise_transformer_seed42,2025-11-04,50,68,False,7164.614557958074,4630.202621221542,7323.682649823298,0.9782803134063898
holdout_seed_bag_v1,listwise_transformer_seed42,2025-11-05,0,19,False,4263.024861987994,988.9392033219337,5662.824070401962,0.752808988764045
holdout_seed_bag_v1,listwise_transformer_seed42,2025-11-06,0,43,False,-401.55467246640785,575.7053196430206,922.5949328182957,-0.4352448275862076
holdout_seed_bag_v1,listwise_transformer_seed42,2025-11-07,0,8,False,-157.83372347234948,309.19408798217773,6793.7950222018635,-0.023232040848532354
holdout_seed_bag_v1,listwise_transformer_seed42,2025-11-08,54,88,False,7845.92228358785,3349.1229563951492,8037.637510627493,0.9761478137343027
holdout_seed_bag_v1,listwise_transformer_seed42,2025-11-09,49,69,False,12211.380634013372,6796.639174222946,12573.171464875311,0.9712251732291534
holdout_seed_bag_v1,listwise_transformer_seed42,2025-11-10,49,73,False,10588.335721390236,5816.473424434662,11155.171685390125,0.9491862626603702
holdout_seed_bag_v1,listwise_transformer_seed42,2025-11-11,54,69,False,7479.512115338144,893.4536278247833,7485.846206756217,0.9991538576610943
holdout_seed_bag_v1,listwise_transformer_seed42,2025-11-12,54,77,False,9578.491940183865,9331.635355949402,10483.503486127383,0.9136727958223982
holdout_seed_bag_v1,listwise_transformer_seed42,2025-11-13,54,69,False,9330.03394341406,866.9919967651367,9537.757783219018,0.9782208937859135
holdout_seed_bag_v1,listwise_transformer_seed42,2025-11-14,55,68,False,3738.0619824907076,1027.4431109428406,3791.572488594169,0.985886988508216
holdout_seed_bag_v1,listwise_transformer_seed42,2025-11-15,54,79,False,7473.903374418976,3294.811114668846,8345.596517840402,0.8955505287659179
holdout_seed_bag_v1,listwise_transformer_seed42,2025-11-16,0,12,False,-1495.2400635331023,781.1950147151947,9645.889090707162,-0.15501319261213722
holdout_seed_bag_v1,listwise_transformer_seed42,2025-11-17,0,12,False,540.8315123417608,821.9476789236069,7342.5831204987235,0.07365684575389954
holdout_seed_bag_v1,listwise_transformer_seed42,2025-11-18,49,68,False,9614.463598478269,6087.095856666565,10104.393321423157,0.9515131975409006
holdout_seed_bag_v1,listwise_transformer_seed42,2025-11-19,54,88,False,8716.931434214255,6539.649099111557,10200.934927737997,0.8545227957989914
holdout_seed_bag_v1,listwise_transformer_seed42,2025-11-20,54,68,False,8462.422487229898,2291.4865538477898,8685.117815841211,0.9743589743589743
holdout_seed_bag_v1,listwise_transformer_seed42,2025-11-21,50,66,False,6731.981161703038,852.1071374416351,7103.440151188545,0.9477071698248412
holdout_seed_bag_v1,listwise_transformer_seed42,2025-11-22,58,75,False,5960.007805071921,560.6371462345123,6264.524578776868,0.9513902819159498
holdout_seed_bag_v1,listwise_transformer_seed42,2025-11-23,54,68,False,4642.275006613059,2325.18906891346,6269.694291762487,0.7404308393014262
holdout_seed_bag_v1,listwise_transformer_seed42,2025-11-24,49,69,False,9558.070778550207,4451.121918857098,10017.17946801529,0.9541678682176943
holdout_seed_bag_v1,listwise_transformer_seed42,2025-11-25,54,69,False,93.46522941816815,477.49215364456177,1565.2300239538,0.059713414634146394
holdout_seed_bag_v1,listwise_transformer_seed42,2025-11-26,54,73,False,6852.653397553833,559.8916709423065,7918.575043866373,0.8653897146383441
holdout_seed_bag_v1,listwise_transformer_seed42,2025-11-27,54,69,False,2810.892251350366,857.8240871429443,3235.7981197025892,0.868685915303246
holdout_seed_bag_v1,listwise_transformer_seed42,2025-11-28,54,74,False,4192.630868613957,474.3901789188385,6405.093051558167,0.6545776673133603
holdout_seed_bag_v1,listwise_transformer_seed42,2025-11-29,0,22,False,3549.108177525846,1249.5468109846115,5801.283300285127,0.6117798414277426
holdout_seed_bag_v1,listwise_transformer_seed42,2025-11-30,39,81,False,9353.203801675148,6644.069820642471,10816.630246835208,0.864705882352941
holdout_seed_bag_v1,listwise_transformer_seed42,2025-12-01,0,19,False,1529.4397032841243,1503.943383693695,7602.92350373086,0.20116468389213796
holdout_seed_bag_v1,listwise_transformer_seed42,2025-12-02,54,69,False,6089.1265566007605,2212.3099118471146,7113.5250682128,0.8559928443649375
holdout_seed_bag_v1,listwise_transformer_seed42,2025-12-03,51,69,False,8099.747237777187,2375.665783882141,9007.2147950591,0.8992510362049205
holdout_seed_bag_v1,listwise_transformer_seed42,2025-12-04,49,63,False,11210.775527582533,1651.400625705719,11898.293271518727,0.9422171122994653
holdout_seed_bag_v1,listwise_transformer_seed42,2025-12-05,49,68,False,4317.861995977611,500.99503993988037,4598.152699291483,0.9390427587676543
holdout_seed_bag_v1,listwise_transformer_seed42,2025-12-06,55,73,False,28.632256535740197,1599.7081696987152,1382.2635419667454,0.020714035830678833
holdout_seed_bag_v1,listwise_transformer_seed42,2025-12-07,49,73,False,10816.630246835208,6522.21953868866,15016.027872077113,0.7203389830508474
holdout_seed_bag_v1,listwise_transformer_seed42,2025-12-08,54,69,False,6954.259731913664,2581.1512768268585,7915.851798133639,0.8785232353078295
holdout_seed_bag_v1,listwise_transformer_seed42,2025-12-09,51,66,False,10530.307681477803,5507.238507270813,10593.934918223893,0.993993993993994
holdout_seed_bag_v1,listwise_transformer_seed42,2025-12-10,51,74,False,5149.368176670206,8368.292957544327,7441.205337455161,0.692007268063275
holdout_seed_bag_v1,listwise_transformer_seed42,2025-12-11,49,66,False,6116.374920737272,862.9006817936897,25769.030882166222,0.2373537037037037
holdout_seed_bag_v1,listwise_transformer_seed42,2025-12-12,0,8,False,-1604.7679888678203,341.03454649448395,9467.73282781811,-0.16949865591397847
holdout_seed_bag_v1,listwise_transformer_seed42,2025-12-13,55,68,False,3713.209183817685,1563.1683468818665,4825.562806145682,0.7694872770257307
holdout_seed_bag_v1,listwise_transformer_seed42,2025-12-14,38,68,False,2664.708674926226,4519.421815872192,3981.935636852956,0.6691993336768813
holdout_seed_bag_v1,listwise_transformer_seed42,2025-12-15,39,88,False,11675.597942907412,10679.7995865345,11961.920508264817,0.9760638297872338
holdout_seed_bag_v1,listwise_transformer_seed42,2025-12-16,50,66,False,9480.458275167328,5976.302161812782,9575.899130286462,0.9900332225913622
holdout_seed_bag_v1,listwise_transformer_seed42,2025-12-17,49,69,False,6873.443597160619,2233.3344742655754,7365.352127168311,0.9332131686965506
holdout_seed_bag_v1,listwise_transformer_seed42,2025-12-18,49,68,False,615.304011591221,528.9611518383026,4304.280762294158,0.14295164408914332
holdout_seed_bag_v1,listwise_transformer_seed42,2025-12-19,0,67,False,8047.471100066598,4189.696207642555,8844.185907706433,0.9099165467625898
holdout_seed_bag_v1,listwise_transformer_seed42,2025-12-20,54,70,False,9223.69374264032,4890.415325760841,9255.507361013364,0.9965627364192857
holdout_seed_bag_v1,listwise_transformer_seed42,2025-12-21,54,68,False,5987.322977807017,1424.65640604496,7005.358765744449,0.8546775658492279
holdout_seed_bag_v1,listwise_transformer_seed42,2025-12-22,0,22,False,1249.4480479829585,857.9041659832001,4748.357517077977,0.26313268187771977
holdout_seed_bag_v1,listwise_transformer_seed42,2025-12-23,0,66,False,9785.789477502623,6122.424602508545,10434.86682635867,0.9377972560975608
holdout_seed_bag_v1,listwise_transformer_seed42,2025-12-24,54,81,False,8789.666909900545,8347.094357013702,9825.502417317695,0.8945768406110751
holdout_seed_bag_v1,listwise_transformer_seed42,2025-12-25,50,69,False,11028.066735904298,10715.174973011017,11095.330269230428,0.993937671822833
holdout_seed_bag_v1,listwise_transformer_seed42,2025-12-26,49,68,False,4797.767247773153,5865.930557250977,7346.620268670262,0.6530577425150557
holdout_seed_bag_v1,listwise_transformer_seed42,2025-12-27,55,69,False,2382.340542332592,1538.7473702430725,7411.580496026182,0.3214348874184009
holdout_seed_bag_v1,listwise_transformer_seed42,2025-12-28,38,75,False,10853.009119444785,9137.118339538574,11889.188213940359,0.9128469433026025
holdout_seed_bag_v1,listwise_transformer_seed42,2025-12-29,53,81,False,10695.51262032719,13168.164312839508,12388.222994463616,0.8633613251155625
holdout_seed_bag_v1,listwise_transformer_seed42,2025-12-30,50,67,False,9098.694854690792,7926.258400082588,31559.10942606037,0.2883064516129032
holdout_seed_bag_v1,listwise_transformer_seed42,2025-12-31,49,66,False,3244.9890740505616,1911.947786808014,22576.10161322132,0.1437355806438339
holdout_seed_bag_v1,listwise_transformer_seed43,2025-11-03,49,88,False,13361.719716678786,10520.592093467712,13361.719716678786,1.0
holdout_seed_bag_v1,listwise_transformer_seed43,2025-11-04,49,68,False,6941.91922934676,7760.471433401108,7323.682649823298,0.9478727521753352
holdout_seed_bag_v1,listwise_transformer_seed43,2025-11-05,0,23,False,5567.383215282827,1654.5372009277344,5662.824070401962,0.9831460674157303
holdout_seed_bag_v1,listwise_transformer_seed43,2025-11-06,49,68,False,271.6564872874283,769.6381211280823,922.5949328182957,0.2944482758620688
holdout_seed_bag_v1,listwise_transformer_seed43,2025-11-07,54,71,False,4139.597566786092,1239.2092794179916,6793.7950222018635,0.6093203508875444
holdout_seed_bag_v1,listwise_transformer_seed43,2025-11-08,49,88,False,7849.316796668253,3274.663731455803,8037.637510627493,0.9765701409512137
holdout_seed_bag_v1,listwise_transformer_seed43,2025-11-09,49,71,False,12537.50521731729,8331.086248159409,12573.171464875311,0.9971633054032819
holdout_seed_bag_v1,listwise_transformer_seed43,2025-11-10,49,88,False,9510.429885036572,8258.58487188816,11155.171685390125,0.8525579124427405
holdout_seed_bag_v1,listwise_transformer_seed43,2025-11-11,49,68,False,7321.35389295839,2139.409616589546,7485.846206756217,0.9780262231877851
holdout_seed_bag_v1,listwise_transformer_seed43,2025-11-12,49,88,False,9584.994643779317,8997.678935527802,10483.503486127383,0.9142930754459093
holdout_seed_bag_v1,listwise_transformer_seed43,2025-11-13,49,68,False,9537.757783219018,2485.616460442543,9537.757783219018,1.0
holdout_seed_bag_v1,listwise_transformer_seed43,2025-11-14,49,68,False,3738.0619824907076,1887.12577521801,3791.572488594169,0.985886988508216
holdout_seed_bag_v1,listwise_transformer_seed43,2025-11-15,49,88,False,8046.599406923178,5024.860203266144,8345.596517840402,0.9641730689618103
holdout_seed_bag_v1,listwise_transformer_seed43,2025-11-16,49,88,False,7319.7663934015745,2353.9099246263504,9645.889090707162,0.758848284960422
holdout_seed_bag_v1,listwise_transformer_seed43,2025-11-17,50,69,False,6571.856857707829,1868.955746293068,7342.5831204987235,0.8950333622183707
holdout_seed_bag_v1,listwise_transformer_seed43,2025-11-18,48,69,False,9092.720257160334,6964.088648557663,10104.393321423157,0.8998779014156257
holdout_seed_bag_v1,listwise_transformer_seed43,2025-11-19,49,88,False,8716.931434214255,6629.806071519852,10200.934927737997,0.8545227957989914
holdout_seed_bag_v1,listwise_transformer_seed43,2025-11-20,49,68,False,8462.422487229898,3445.2916234731674,8685.117815841211,0.9743589743589743
holdout_seed_bag_v1,listwise_transformer_seed43,2025-11-21,49,68,False,6683.354046019838,2165.1753783226013,7103.440151188545,0.9408615971659283
holdout_seed_bag_v1,listwise_transformer_seed43,2025-11-22,49,72,False,6122.938070207633,1472.0094203948975,6264.524578776868,0.9773986825674041
holdout_seed_bag_v1,listwise_transformer_seed43,2025-11-23,49,69,False,4276.81288419087,2976.981610059738,6269.694291762487,0.6821405773819007
holdout_seed_bag_v1,listwise_transformer_seed43,2025-11-24,49,72,False,7519.555916784296,5148.981094360352,10017.17946801529,0.7506659874462795
holdout_seed_bag_v1,listwise_transformer_seed43,2025-11-25,49,72,False,755.1884915774982,1221.6336280107498,1565.2300239538,0.4824776422764228
holdout_seed_bag_v1,listwise_transformer_seed43,2025-11-26,50,88,False,4878.472034861892,1959.9916189908981,7918.575043866373,0.6160795355018697
holdout_seed_bag_v1,listwise_transformer_seed43,2025-11-27,49,69,False,2810.892251350366,1932.7369779348373,3235.7981197025892,0.868685915303246
holdout_seed_bag_v1,listwise_transformer_seed43,2025-11-28,49,69,False,1910.2264456766088,978.5875082015991,6405.093051558167,0.2982355494760389
holdout_seed_bag_v1,listwise_transformer_seed43,2025-11-29,51,68,False,5675.024593048023,1369.219496846199,5801.283300285127,0.9782360728304894
holdout_seed_bag_v1,listwise_transformer_seed43,2025-11-30,48,88,False,10816.630246835208,8411.769807338715,10816.630246835208,1.0
holdout_seed_bag_v1,listwise_transformer_seed43,2025-12-01,54,88,False,5829.9219195445385,2739.9713695049286,7602.92350373086,0.7668000232652236
holdout_seed_bag_v1,listwise_transformer_seed43,2025-12-02,50,69,False,6089.1265566007605,2992.8466975688934,7113.5250682128,0.8559928443649375
holdout_seed_bag_v1,listwise_transformer_seed43,2025-12-03,49,88,False,8323.956894623057,3071.0707902908325,9007.2147950591,0.9241432655951711
holdout_seed_bag_v1,listwise_transformer_seed43,2025-12-04,0,25,False,477.2042755956711,2401.9525051116943,11898.293271518727,0.040106951871657776
holdout_seed_bag_v1,listwise_transformer_seed43,2025-12-05,49,69,False,4102.203839750415,1137.5965029001236,4598.152699291483,0.8921417160379455
holdout_seed_bag_v1,listwise_transformer_seed43,2025-12-06,49,70,False,472.4481396489006,2002.3159831762314,1382.2635419667454,0.34179309900388505
holdout_seed_bag_v1,listwise_transformer_seed43,2025-12-07,48,88,False,11930.106889891771,8657.690241932869,15016.027872077113,0.7944915254237286
holdout_seed_bag_v1,listwise_transformer_seed43,2025-12-08,49,88,False,7876.806944304402,4888.866096735001,7915.851798133639,0.9950675107587988
holdout_seed_bag_v1,listwise_transformer_seed43,2025-12-09,49,88,False,8335.168013737719,5964.199975132942,10593.934918223893,0.7867867867867869
holdout_seed_bag_v1,listwise_transformer_seed43,2025-12-10,49,88,False,3242.2944605743646,9654.996261000633,7441.205337455161,0.43572167592988453
holdout_seed_bag_v1,listwise_transformer_seed43,2025-12-11,48,66,False,6116.374920737272,2135.9393298625946,25769.030882166222,0.2373537037037037
holdout_seed_bag_v1,listwise_transformer_seed43,2025-12-12,54,69,False,-9666.342065959192,951.1429965496063,9467.73282781811,-1.02097748655914
holdout_seed_bag_v1,listwise_transformer_seed43,2025-12-13,49,68,False,3713.209183817685,2854.0576696395874,4825.562806145682,0.7694872770257307
holdout_seed_bag_v1,listwise_transformer_seed43,2025-12-14,48,68,False,2664.708674926226,3907.9350978136063,3981.935636852956,0.6691993336768813
holdout_seed_bag_v1,listwise_transformer_seed43,2025-12-15,46,88,False,11834.666034772637,9355.728134512901,11961.920508264817,0.9893617021276595
holdout_seed_bag_v1,listwise_transformer_seed43,2025-12-16,49,88,False,9575.899130286462,6189.648136496544,9575.899130286462,1.0
holdout_seed_bag_v1,listwise_transformer_seed43,2025-12-17,49,69,False,6873.443597160619,3089.310124516487,7365.352127168311,0.9332131686965506
holdout_seed_bag_v1,listwise_transformer_seed43,2025-12-18,48,68,False,615.304011591221,896.7915177345276,4304.280762294158,0.14295164408914332
holdout_seed_bag_v1,listwise_transformer_seed43,2025-12-19,5,88,False,5411.849616418847,6712.606310844421,8844.185907706433,0.6119104316546762
holdout_seed_bag_v1,listwise_transformer_seed43,2025-12-20,51,70,False,9223.69374264032,5352.981358766556,9255.507361013364,0.9965627364192857
holdout_seed_bag_v1,listwise_transformer_seed43,2025-12-21,49,68,False,5987.322977807017,2036.5814417600632,7005.358765744449,0.8546775658492279
holdout_seed_bag_v1,listwise_transformer_seed43,2025-12-22,49,68,False,1620.9483951723505,997.3411709070206,4748.357517077977,0.341370334761533
holdout_seed_bag_v1,listwise_transformer_seed43,2025-12-23,0,68,False,9658.535004010446,7665.735051035881,10434.86682635867,0.9256021341463415
holdout_seed_bag_v1,listwise_transformer_seed43,2025-12-24,49,88,False,9596.444365031773,7243.564590811729,9825.502417317695,0.976687395457539
holdout_seed_bag_v1,listwise_transformer_seed43,2025-12-25,49,75,False,11024.39226298221,8490.25945365429,11095.330269230428,0.9936064989029716
holdout_seed_bag_v1,listwise_transformer_seed43,2025-12-26,49,88,False,3082.6091845127035,7230.456039309502,7346.620268670262,0.41959555166591667
holdout_seed_bag_v1,listwise_transformer_seed43,2025-12-27,51,68,False,1999.8326831861268,3153.0873477458954,7411.580496026182,0.2698254015129922
holdout_seed_bag_v1,listwise_transformer_seed43,2025-12-28,48,88,False,9542.195782982059,9369.101956486702,11889.188213940359,0.802594391751121
holdout_seed_bag_v1,listwise_transformer_seed43,2025-12-29,49,88,False,11056.1072591383,10653.86489033699,12388.222994463616,0.8924691833590138
holdout_seed_bag_v1,listwise_transformer_seed43,2025-12-30,50,88,False,13616.228663663143,9547.360941767693,31559.10942606037,0.4314516129032258
holdout_seed_bag_v1,listwise_transformer_seed43,2025-12-31,48,68,False,3499.4980210349204,1313.0791187286377,22576.10161322132,0.15500895951786015
holdout_seed_bag_v1,listwise_transformer_seed44,2025-11-03,53,88,False,13361.719716678786,11322.7419257164,13361.719716678786,1.0
holdout_seed_bag_v1,listwise_transformer_seed44,2025-11-04,50,68,False,7164.614557958074,5811.333507299423,7323.682649823298,0.9782803134063898
holdout_seed_bag_v1,listwise_transformer_seed44,2025-11-05,0,24,False,5503.7559785367375,945.516899228096,5662.824070401962,0.9719101123595505
holdout_seed_bag_v1,listwise_transformer_seed44,2025-11-06,0,8,False,175.96748594498558,329.7569677233696,922.5949328182957,0.19073103448275955
holdout_seed_bag_v1,listwise_transformer_seed44,2025-11-07,55,73,False,4451.37102684193,995.075061917305,6793.7950222018635,0.6552112644398336
holdout_seed_bag_v1,listwise_transformer_seed44,2025-11-08,54,88,False,7845.92228358785,3372.487425804138,8037.637510627493,0.9761478137343027
holdout_seed_bag_v1,listwise_transformer_seed44,2025-11-09,54,69,False,12227.087017404145,9490.458220243454,12573.171464875311,0.9724743714473316
holdout_seed_bag_v1,listwise_transformer_seed44,2025-11-10,51,69,False,10590.489503354092,8177.853733301163,11155.171685390125,0.9493793374085319
holdout_seed_bag_v1,listwise_transformer_seed44,2025-11-11,50,68,False,7326.494973687474,2666.51251912117,7485.846206756217,0.9787129966783283
holdout_seed_bag_v1,listwise_transformer_seed44,2025-11-12,54,74,False,9705.746413676045,10823.549270629883,10483.503486127383,0.9258113403138054
holdout_seed_bag_v1,listwise_transformer_seed44,2025-11-13,51,68,False,9537.757783219018,2815.1232600212097,9537.757783219018,1.0
holdout_seed_bag_v1,listwise_transformer_seed44,2025-11-14,50,68,False,3738.0619824907076,2168.9101979136467,3791.572488594169,0.985886988508216
holdout_seed_bag_v1,listwise_transformer_seed44,2025-11-15,50,88,False,8046.599406923178,5465.407684445381,8345.596517840402,0.9641730689618103
holdout_seed_bag_v1,listwise_transformer_seed44,2025-11-16,54,88,False,7319.7663934015745,1859.854832291603,9645.889090707162,0.758848284960422
holdout_seed_bag_v1,listwise_transformer_seed44,2025-11-17,53,68,False,5678.730879588484,1948.8959461450577,7342.5831204987235,0.7733968804159445
holdout_seed_bag_v1,listwise_transformer_seed44,2025-11-18,52,69,False,9092.720257160334,7931.7010045051575,10104.393321423157,0.8998779014156257
holdout_seed_bag_v1,listwise_transformer_seed44,2025-11-19,51,88,False,8716.931434214255,7316.635608673096,10200.934927737997,0.8545227957989914
holdout_seed_bag_v1,listwise_transformer_seed44,2025-11-20,53,68,False,8462.422487229898,3306.375503540039,8685.117815841211,0.9743589743589743
holdout_seed_bag_v1,listwise_transformer_seed44,2025-11-21,51,66,False,6731.981161703038,2182.2242438793182,7103.440151188545,0.9477071698248412
holdout_seed_bag_v1,listwise_transformer_seed44,2025-11-22,50,69,False,5803.643870768406,1332.6702862977982,6264.524578776868,0.9264300583048477
holdout_seed_bag_v1,listwise_transformer_seed44,2025-11-23,50,68,False,4642.275006613059,3860.7074692845345,6269.694291762487,0.7404308393014262
holdout_seed_bag_v1,listwise_transformer_seed44,2025-11-24,54,69,False,9558.070778550207,6205.576002597809,10017.17946801529,0.9541678682176943
holdout_seed_bag_v1,listwise_transformer_seed44,2025-11-25,54,69,False,93.46522941816815,1122.8111535310745,1565.2300239538,0.059713414634146394
holdout_seed_bag_v1,listwise_transformer_seed44,2025-11-26,49,84,False,7142.682249451696,1854.4804602861404,7918.575043866373,0.9020161089442887
holdout_seed_bag_v1,listwise_transformer_seed44,2025-11-27,51,69,False,2810.892251350366,1950.0532671809196,3235.7981197025892,0.868685915303246
holdout_seed_bag_v1,listwise_transformer_seed44,2025-11-28,53,68,False,1582.2789420399151,1053.3321350812912,6405.093051558167,0.24703449728259516
holdout_seed_bag_v1,listwise_transformer_seed44,2025-11-29,53,68,False,5675.024593048023,1836.2587615847588,5801.283300285127,0.9782360728304894
holdout_seed_bag_v1,listwise_transformer_seed44,2025-11-30,53,88,False,10816.630246835208,10378.516376018524,10816.630246835208,1.0
holdout_seed_bag_v1,listwise_transformer_seed44,2025-12-01,55,88,False,6052.617248155855,2014.9864181876183,7602.92350373086,0.7960907728699035
holdout_seed_bag_v1,listwise_transformer_seed44,2025-12-02,54,72,False,6852.653397553833,3004.664868116379,7113.5250682128,0.9633273703041145
holdout_seed_bag_v1,listwise_transformer_seed44,2025-12-03,50,88,False,8323.956894623057,3404.300771653652,9007.2147950591,0.9241432655951711
holdout_seed_bag_v1,listwise_transformer_seed44,2025-12-04,0,30,False,222.69532861131225,1381.661206483841,11898.293271518727,0.01871657754010688
holdout_seed_bag_v1,listwise_transformer_seed44,2025-12-05,53,69,False,4102.203839750415,1046.8596071004868,4598.152699291483,0.8921417160379455
holdout_seed_bag_v1,listwise_transformer_seed44,2025-12-06,51,70,False,472.4481396489006,2019.4491893053055,1382.2635419667454,0.34179309900388505
holdout_seed_bag_v1,listwise_transformer_seed44,2025-12-07,52,72,False,10562.121299850849,9703.198075294495,15016.027872077113,0.7033898305084745
holdout_seed_bag_v1,listwise_transformer_seed44,2025-12-08,53,69,False,6954.259731913664,3884.1272555291653,7915.851798133639,0.8785232353078295
holdout_seed_bag_v1,listwise_transformer_seed44,2025-12-09,50,68,False,10466.680444731715,6060.732826590538,10593.934918223893,0.9879879879879881
holdout_seed_bag_v1,listwise_transformer_seed44,2025-12-10,51,88,False,5212.995413416295,7088.2129073143005,7441.205337455161,0.7005579307396324
holdout_seed_bag_v1,listwise_transformer_seed44,2025-12-11,49,66,False,6116.374920737272,873.3605444431305,25769.030882166222,0.2373537037037037
holdout_seed_bag_v1,listwise_transformer_seed44,2025-12-12,55,66,False,-5577.153177485188,708.9236378669739,9467.73282781811,-0.5890695564516129
holdout_seed_bag_v1,listwise_transformer_seed44,2025-12-13,50,68,False,3713.209183817685,3602.8745993971825,4825.562806145682,0.7694872770257307
holdout_seed_bag_v1,listwise_transformer_seed44,2025-12-14,51,68,False,2664.708674926226,4989.2915189266205,3981.935636852956,0.6691993336768813
holdout_seed_bag_v1,listwise_transformer_seed44,2025-12-15,48,88,False,11834.666034772637,11195.64175605774,11961.920508264817,0.9893617021276595
holdout_seed_bag_v1,listwise_transformer_seed44,2025-12-16,50,88,False,9575.899130286462,4996.200084686279,9575.899130286462,1.0
holdout_seed_bag_v1,listwise_transformer_seed44,2025-12-17,50,69,False,6873.443597160619,3046.0424721240997,7365.352127168311,0.9332131686965506
holdout_seed_bag_v1,listwise_transformer_seed44,2025-12-18,49,68,False,615.304011591221,942.0007616281509,4304.280762294158,0.14295164408914332
holdout_seed_bag_v1,listwise_transformer_seed44,2025-12-19,49,68,False,8821.461440102566,5440.207898616791,8844.185907706433,0.9974305755395683
holdout_seed_bag_v1,listwise_transformer_seed44,2025-12-20,54,69,False,9255.507361013364,6448.9457458257675,9255.507361013364,1.0
holdout_seed_bag_v1,listwise_transformer_seed44,2025-12-21,53,68,False,5987.322977807017,2529.767706990242,7005.358765744449,0.8546775658492279
holdout_seed_bag_v1,listwise_transformer_seed44,2025-12-22,49,67,False,698.3534623540535,1196.4165717363358,4748.357517077977,0.1470726371892492
holdout_seed_bag_v1,listwise_transformer_seed44,2025-12-23,51,67,False,10434.86682635867,7756.353139877319,10434.86682635867,1.0
holdout_seed_bag_v1,listwise_transformer_seed44,2025-12-24,53,88,False,9596.444365031773,9174.231141805649,9825.502417317695,0.976687395457539
holdout_seed_bag_v1,listwise_transformer_seed44,2025-12-25,52,69,False,11004.569197373969,9918.457567691803,11095.330269230428,0.9918198855145252
holdout_seed_bag_v1,listwise_transformer_seed44,2025-12-26,50,88,False,2708.3474152485314,6968.58674287796,7346.620268670262,0.36865215789065714
holdout_seed_bag_v1,listwise_transformer_seed44,2025-12-27,50,68,False,1990.2885976742132,3357.930287718773,7411.580496026182,0.2685376754312165
holdout_seed_bag_v1,listwise_transformer_seed44,2025-12-28,54,88,False,9542.195782982059,10437.346279621124,11889.188213940359,0.802594391751121
holdout_seed_bag_v1,listwise_transformer_seed44,2025-12-29,50,88,False,11098.15849990379,12600.44127702713,12388.222994463616,0.8958636363636362
holdout_seed_bag_v1,listwise_transformer_seed44,2025-12-30,51,88,False,13329.90609830574,7167.270839214325,31559.10942606037,0.4223790322580645
holdout_seed_bag_v1,listwise_transformer_seed44,2025-12-31,49,66,False,3244.9890740505616,1078.2777592539787,22576.10161322132,0.1437355806438339
holdout_seed_bag_v1,listwise_transformer_seed45,2025-11-03,55,88,False,13361.719716678786,15368.828892707825,13361.719716678786,1.0
holdout_seed_bag_v1,listwise_transformer_seed45,2025-11-04,54,69,False,6260.773753170687,5274.2233872413635,7323.682649823298,0.8548668822128365
holdout_seed_bag_v1,listwise_transformer_seed45,2025-11-05,0,24,False,5503.7559785367375,1540.268212556839,5662.824070401962,0.9719101123595505
holdout_seed_bag_v1,listwise_transformer_seed45,2025-11-06,0,8,False,175.96748594498558,655.2838087081909,922.5949328182957,0.19073103448275955
holdout_seed_bag_v1,listwise_transformer_seed45,2025-11-07,57,73,False,4579.299949043617,1650.8632898330688,6793.7950222018635,0.6740415237843708
holdout_seed_bag_v1,listwise_transformer_seed45,2025-11-08,54,88,False,7845.92228358785,4782.584652304649,8037.637510627493,0.9761478137343027
holdout_seed_bag_v1,listwise_transformer_seed45,2025-11-09,54,69,False,12227.087017404145,12454.161614179611,12573.171464875311,0.9724743714473316
holdout_seed_bag_v1,listwise_transformer_seed45,2025-11-10,54,72,False,9819.985935891811,10899.634778499603,11155.171685390125,0.8803079157224446
holdout_seed_bag_v1,listwise_transformer_seed45,2025-11-11,54,68,False,7350.822847657341,1708.926647901535,7485.846206756217,0.9819628462341354
holdout_seed_bag_v1,listwise_transformer_seed45,2025-11-12,55,88,False,9408.836276124093,14982.998996973038,10483.503486127383,0.8974896883064544
holdout_seed_bag_v1,listwise_transformer_seed45,2025-11-13,54,68,False,9537.757783219018,2439.8119747638702,9537.757783219018,1.0
holdout_seed_bag_v1,listwise_transformer_seed45,2025-11-14,51,68,False,3738.0619824907076,3865.074574947357,3791.572488594169,0.985886988508216
holdout_seed_bag_v1,listwise_transformer_seed45,2025-11-15,55,86,False,8010.19826478074,8510.360077023506,8345.596517840402,0.959811350531663
holdout_seed_bag_v1,listwise_transformer_seed45,2025-11-16,55,88,False,7319.7663934015745,2766.956567764282,9645.889090707162,0.758848284960422
holdout_seed_bag_v1,listwise_transformer_seed45,2025-11-17,54,69,False,6579.056279545648,1962.5935554504395,7342.5831204987235,0.896013864818024
holdout_seed_bag_v1,listwise_transformer_seed45,2025-11-18,49,69,False,9092.720257160334,11768.262192606926,10104.393321423157,0.8998779014156257
holdout_seed_bag_v1,listwise_transformer_seed45,2025-11-19,55,88,False,8716.931434214255,9954.66085523367,10200.934927737997,0.8545227957989914
holdout_seed_bag_v1,listwise_transformer_seed45,2025-11-20,54,68,False,8462.422487229898,3127.1337270736694,8685.117815841211,0.9743589743589743
holdout_seed_bag_v1,listwise_transformer_seed45,2025-11-21,50,67,False,7103.440151188545,4150.060921907425,7103.440151188545,1.0
holdout_seed_bag_v1,listwise_transformer_seed45,2025-11-22,54,71,False,6264.524578776868,2111.763298511505,6264.524578776868,1.0
holdout_seed_bag_v1,listwise_transformer_seed45,2025-11-23,49,73,False,5747.464202083447,5414.074152708054,6269.694291762487,0.9167056533577437
holdout_seed_bag_v1,listwise_transformer_seed45,2025-11-24,54,70,False,9056.153684202356,8531.237475574017,10017.17946801529,0.9040622375907833
holdout_seed_bag_v1,listwise_transformer_seed45,2025-11-25,55,73,False,956.4223532343553,1647.5300788879395,1565.2300239538,0.6110426829268294
holdout_seed_bag_v1,listwise_transformer_seed45,2025-11-26,55,88,False,4878.472034861892,3249.728411436081,7918.575043866373,0.6160795355018697
holdout_seed_bag_v1,listwise_transformer_seed45,2025-11-27,54,72,False,2444.567979870268,3079.986482858658,3235.7981197025892,0.7554760493200839
holdout_seed_bag_v1,listwise_transformer_seed45,2025-11-28,54,69,False,1903.0270238387889,1562.4477863311768,6405.093051558167,0.29711153429314185
holdout_seed_bag_v1,listwise_transformer_seed45,2025-11-29,0,25,False,3071.903901930175,2661.6671085357666,5801.283300285127,0.5295214425710246
holdout_seed_bag_v1,listwise_transformer_seed45,2025-11-30,54,88,False,10816.630246835208,13914.245277643204,10816.630246835208,1.0
holdout_seed_bag_v1,listwise_transformer_seed45,2025-12-01,0,25,False,-93.05483374115653,2651.370644569397,7602.92350373086,-0.01223934894195545
holdout_seed_bag_v1,listwise_transformer_seed45,2025-12-02,55,73,False,7049.89783146671,2635.254845023155,7113.5250682128,0.9910554561717352
holdout_seed_bag_v1,listwise_transformer_seed45,2025-12-03,54,88,False,8323.956894623057,5583.96802842617,9007.2147950591,0.9241432655951711
holdout_seed_bag_v1,listwise_transformer_seed45,2025-12-04,0,67,False,2226.9532861131297,3451.8094658851624,11898.293271518727,0.18716577540106943
holdout_seed_bag_v1,listwise_transformer_seed45,2025-12-05,54,72,False,3632.4248626830126,1679.6481609344482,4598.152699291483,0.7899748225505262
holdout_seed_bag_v1,listwise_transformer_seed45,2025-12-06,54,71,False,437.4531594385513,3190.8465921878815,1382.2635419667454,0.3164759440997219
holdout_seed_bag_v1,listwise_transformer_seed45,2025-12-07,54,69,False,10021.28978750909,13816.036701202393,15016.027872077113,0.6673728813559321
holdout_seed_bag_v1,listwise_transformer_seed45,2025-12-08,54,73,False,6172.475055376301,5036.178261041641,7915.851798133639,0.7797613210534862
holdout_seed_bag_v1,listwise_transformer_seed45,2025-12-09,51,69,False,10212.171497747358,7900.08008480072,10593.934918223893,0.9639639639639642
holdout_seed_bag_v1,listwise_transformer_seed45,2025-12-10,53,88,False,6262.844819726771,10425.784558057785,7441.205337455161,0.8416438648995297
holdout_seed_bag_v1,listwise_transformer_seed45,2025-12-11,49,67,False,6984.88670232139,1848.4331667423248,25769.030882166222,0.2710574074074073
holdout_seed_bag_v1,listwise_transformer_seed45,2025-12-12,55,68,False,-7083.890682698308,1163.5351777076721,9467.73282781811,-0.7482140456989246
holdout_seed_bag_v1,listwise_transformer_seed45,2025-12-13,50,68,False,3713.209183817685,4982.639759778976,4825.562806145682,0.7694872770257307
holdout_seed_bag_v1,listwise_transformer_seed45,2025-12-14,49,68,False,2664.708674926226,7367.912486195564,3981.935636852956,0.6691993336768813
holdout_seed_bag_v1,listwise_transformer_seed45,2025-12-15,50,88,False,11516.529851042189,13676.300406455994,11961.920508264817,0.9627659574468084
holdout_seed_bag_v1,listwise_transformer_seed45,2025-12-16,53,68,False,9257.762946556015,5065.916262567043,9575.899130286462,0.9667774086378739
holdout_seed_bag_v1,listwise_transformer_seed45,2025-12-17,49,69,False,6873.443597160619,3028.0327051877975,7365.352127168311,0.9332131686965506
holdout_seed_bag_v1,listwise_transformer_seed45,2025-12-18,49,67,False,705.9028339939775,1317.1370029449463,4304.280762294158,0.16400018330071367
holdout_seed_bag_v1,listwise_transformer_seed45,2025-12-19,49,69,False,8821.461440102566,10833.43893289566,8844.185907706433,0.9974305755395683
holdout_seed_bag_v1,listwise_transformer_seed45,2025-12-20,54,70,False,9223.69374264032,7892.108425498009,9255.507361013364,0.9965627364192857
holdout_seed_bag_v1,listwise_transformer_seed45,2025-12-21,49,68,False,5987.322977807017,2895.9057927131653,7005.358765744449,0.8546775658492279
holdout_seed_bag_v1,listwise_transformer_seed45,2025-12-22,49,68,False,1620.9483951723505,1263.0612254142761,4748.357517077977,0.341370334761533
holdout_seed_bag_v1,listwise_transformer_seed45,2025-12-23,51,68,False,10180.357879374313,11475.836679339409,10434.86682635867,0.9756097560975611
holdout_seed_bag_v1,listwise_transformer_seed45,2025-12-24,54,88,False,9595.544039631817,12312.026381492615,9825.502417317695,0.9765957639702403
holdout_seed_bag_v1,listwise_transformer_seed45,2025-12-25,54,69,False,10650.152763250899,12402.097821235657,11095.330269230428,0.959877038792248
holdout_seed_bag_v1,listwise_transformer_seed45,2025-12-26,54,88,False,1041.434704250806,9981.273844838142,7346.620268670262,0.14175698023920127
holdout_seed_bag_v1,listwise_transformer_seed45,2025-12-27,54,68,False,1991.5865933038335,2853.8350388407707,7411.580496026182,0.268712806178338
holdout_seed_bag_v1,listwise_transformer_seed45,2025-12-28,55,88,False,9542.195782982059,14908.42154622078,11889.188213940359,0.802594391751121
holdout_seed_bag_v1,listwise_transformer_seed45,2025-12-29,54,88,False,10942.068162718284,13770.508900284767,12388.222994463616,0.8832637390857729
holdout_seed_bag_v1,listwise_transformer_seed45,2025-12-30,53,68,False,6998.996042069837,6667.641699314117,31559.10942606037,0.22177419354838698
holdout_seed_bag_v1,listwise_transformer_seed45,2025-12-31,49,67,False,3499.4980210349167,2143.1416869163513,22576.10161322132,0.15500895951785998
holdout_seed_bag_v1,listwise_transformer_seed46,2025-11-03,50,88,False,13361.719716678786,15972.681641578674,13361.719716678786,1.0
holdout_seed_bag_v1,listwise_transformer_seed46,2025-11-04,51,68,False,7323.682649823298,3599.0458503365517,7323.682649823298,1.0
holdout_seed_bag_v1,listwise_transformer_seed46,2025-11-05,0,23,False,5567.383215282827,1539.506733417511,5662.824070401962,0.9831460674157303
holdout_seed_bag_v1,listwise_transformer_seed46,2025-11-06,0,12,False,176.20290672094717,1015.5762210488319,922.5949328182957,0.1909862068965538
holdout_seed_bag_v1,listwise_transformer_seed46,2025-11-07,55,69,False,2987.36875518932,574.9429017305374,6793.7950222018635,0.43972017781324174
holdout_seed_bag_v1,listwise_transformer_seed46,2025-11-08,49,75,False,7200.353976838351,1964.6145701408386,8037.637510627493,0.895829647370627
holdout_seed_bag_v1,listwise_transformer_seed46,2025-11-09,49,70,False,12447.91488661696,13257.472336292267,12573.171464875311,0.9900377897010098
holdout_seed_bag_v1,listwise_transformer_seed46,2025-11-10,50,69,False,10667.923850474082,12468.926787376404,11155.171685390125,0.9563209022094936
holdout_seed_bag_v1,listwise_transformer_seed46,2025-11-11,39,68,False,6880.000383907303,1690.8780932426453,7485.846206756217,0.9190678239819944
holdout_seed_bag_v1,listwise_transformer_seed46,2025-11-12,50,83,False,9650.950637390311,16297.834753990173,10483.503486127383,0.9205844830558054
holdout_seed_bag_v1,listwise_transformer_seed46,2025-11-13,44,68,False,9537.757783219018,2360.969305038452,9537.757783219018,1.0
holdout_seed_bag_v1,listwise_transformer_seed46,2025-11-14,49,68,False,3738.0619824907076,1417.1993508934975,3791.572488594169,0.985886988508216
holdout_seed_bag_v1,listwise_transformer_seed46,2025-11-15,49,88,False,8046.599406923178,5792.89972782135,8345.596517840402,0.9641730689618103
holdout_seed_bag_v1,listwise_transformer_seed46,2025-11-16,49,88,False,7319.7663934015745,1582.8756913542747,9645.889090707162,0.758848284960422
holdout_seed_bag_v1,listwise_transformer_seed46,2025-11-17,45,68,False,5664.332035912843,1844.1841453313828,7342.5831204987235,0.7714358752166376
holdout_seed_bag_v1,listwise_transformer_seed46,2025-11-18,49,69,False,9092.720257160334,10616.133630275726,10104.393321423157,0.8998779014156257
holdout_seed_bag_v1,listwise_transformer_seed46,2025-11-19,49,88,False,8716.931434214255,8694.391310214996,10200.934927737997,0.8545227957989914
holdout_seed_bag_v1,listwise_transformer_seed46,2025-11-20,49,68,False,8462.422487229898,3656.33387863636,8685.117815841211,0.9743589743589743
holdout_seed_bag_v1,listwise_transformer_seed46,2025-11-21,49,66,False,6731.981161703038,3217.446595430374,7103.440151188545,0.9477071698248412
holdout_seed_bag_v1,listwise_transformer_seed46,2025-11-22,49,69,False,5803.643870768406,883.2826018333435,6264.524578776868,0.9264300583048477
holdout_seed_bag_v1,listwise_transformer_seed46,2025-11-23,48,68,False,4642.275006613059,2972.0353484153748,6269.694291762487,0.7404308393014262
holdout_seed_bag_v1,listwise_transformer_seed46,2025-11-24,49,69,False,9558.070778550207,8358.676254749298,10017.17946801529,0.9541678682176943
holdout_seed_bag_v1,listwise_transformer_seed46,2025-11-25,49,68,False,67.96979565401018,831.9694399833679,1565.2300239538,0.04342479674796758
holdout_seed_bag_v1,listwise_transformer_seed46,2025-11-26,49,88,False,4878.472034861892,842.4418866634369,7918.575043866373,0.6160795355018697
holdout_seed_bag_v1,listwise_transformer_seed46,2025-11-27,49,69,False,2810.892251350366,1156.7384004592896,3235.7981197025892,0.868685915303246
holdout_seed_bag_v1,listwise_transformer_seed46,2025-11-28,49,68,False,1589.4783638777349,666.0467833280563,6405.093051558167,0.2481585124654922
holdout_seed_bag_v1,listwise_transformer_seed46,2025-11-29,50,68,False,5675.024593048023,1304.3668270111084,5801.283300285127,0.9782360728304894
holdout_seed_bag_v1,listwise_transformer_seed46,2025-11-30,45,88,False,10816.630246835208,12883.575201034546,10816.630246835208,1.0
holdout_seed_bag_v1,listwise_transformer_seed46,2025-12-01,0,21,False,1529.4397032841243,1442.6171779632568,7602.92350373086,0.20116468389213796
holdout_seed_bag_v1,listwise_transformer_seed46,2025-12-02,49,69,False,6089.1265566007605,2395.828954875469,7113.5250682128,0.8559928443649375
holdout_seed_bag_v1,listwise_transformer_seed46,2025-12-03,50,88,False,8323.956894623057,2041.5176376700401,9007.2147950591,0.9241432655951711
holdout_seed_bag_v1,listwise_transformer_seed46,2025-12-04,49,66,False,11834.666034772637,3943.919450044632,11898.293271518727,0.9946524064171123
holdout_seed_bag_v1,listwise_transformer_seed46,2025-12-05,49,69,False,4102.203839750415,717.1909660100937,4598.152699291483,0.8921417160379455
holdout_seed_bag_v1,listwise_transformer_seed46,2025-12-06,49,69,False,555.1635474188168,1131.8891793489456,1382.2635419667454,0.4016336469591795
holdout_seed_bag_v1,listwise_transformer_seed46,2025-12-07,49,73,False,10816.630246835208,13094.419181346893,15016.027872077113,0.7203389830508474
holdout_seed_bag_v1,listwise_transformer_seed46,2025-12-08,49,69,False,6954.259731913664,2985.8763962984085,7915.851798133639,0.8785232353078295
holdout_seed_bag_v1,listwise_transformer_seed46,2025-12-09,49,88,False,8335.168013737719,6373.819887638092,10593.934918223893,0.7867867867867869
holdout_seed_bag_v1,listwise_transformer_seed46,2025-12-10,50,88,False,4094.027739828541,13137.477815151215,7441.205337455161,0.5501834117144078
holdout_seed_bag_v1,listwise_transformer_seed46,2025-12-11,49,67,False,6984.88670232139,1898.8060839474201,25769.030882166222,0.2710574074074073
holdout_seed_bag_v1,listwise_transformer_seed46,2025-12-12,54,66,False,-7155.108648788209,522.8679105639458,9467.73282781811,-0.7557362231182798
holdout_seed_bag_v1,listwise_transformer_seed46,2025-12-13,49,68,False,3713.209183817685,1878.2604113221169,4825.562806145682,0.7694872770257307
holdout_seed_bag_v1,listwise_transformer_seed46,2025-12-14,48,68,False,2664.708674926226,3554.8235327005386,3981.935636852956,0.6691993336768813
holdout_seed_bag_v1,listwise_transformer_seed46,2025-12-15,48,88,False,11834.666034772637,16210.649967193604,11961.920508264817,0.9893617021276595
holdout_seed_bag_v1,listwise_transformer_seed46,2025-12-16,51,68,False,9257.762946556015,3569.080539047718,9575.899130286462,0.9667774086378739
holdout_seed_bag_v1,listwise_transformer_seed46,2025-12-17,49,70,False,6682.561886922351,1662.5275649130344,7365.352127168311,0.9072969997283122
holdout_seed_bag_v1,listwise_transformer_seed46,2025-12-18,49,67,False,705.9028339939775,576.7391324043274,4304.280762294158,0.16400018330071367
holdout_seed_bag_v1,listwise_transformer_seed46,2025-12-19,0,69,False,8079.284718439643,7386.683911085129,8844.185907706433,0.9135136690647482
holdout_seed_bag_v1,listwise_transformer_seed46,2025-12-20,50,70,False,9223.69374264032,3834.500290453434,9255.507361013364,0.9965627364192857
holdout_seed_bag_v1,listwise_transformer_seed46,2025-12-21,49,68,False,5987.322977807017,1557.3363155126572,7005.358765744449,0.8546775658492279
holdout_seed_bag_v1,listwise_transformer_seed46,2025-12-22,49,66,False,453.3886008816092,613.6263459920883,4748.357517077977,0.09548324852350491
holdout_seed_bag_v1,listwise_transformer_seed46,2025-12-23,49,66,False,10307.61235286649,9827.473431825638,10434.86682635867,0.9878048780487805
holdout_seed_bag_v1,listwise_transformer_seed46,2025-12-24,49,88,False,9596.444365031773,9857.899010181427,9825.502417317695,0.976687395457539
holdout_seed_bag_v1,listwise_transformer_seed46,2025-12-25,49,73,False,11024.39226298221,12628.630101680756,11095.330269230428,0.9936064989029716
holdout_seed_bag_v1,listwise_transformer_seed46,2025-12-26,49,88,False,3082.6091845127035,9471.465170383453,7346.620268670262,0.41959555166591667
holdout_seed_bag_v1,listwise_transformer_seed46,2025-12-27,49,67,False,1828.039143971685,2653.169386088848,7411.580496026182,0.24664633204102857
holdout_seed_bag_v1,listwise_transformer_seed46,2025-12-28,48,75,False,11457.467868532634,12619.742214679718,11889.188213940359,0.963687987973685
holdout_seed_bag_v1,listwise_transformer_seed46,2025-12-29,49,88,False,11056.1072591383,16449.16021823883,12388.222994463616,0.8924691833590138
holdout_seed_bag_v1,listwise_transformer_seed46,2025-12-30,51,68,False,7380.759462546374,5677.460253238678,31559.10942606037,0.2338709677419354
holdout_seed_bag_v1,listwise_transformer_seed46,2025-12-31,49,67,False,3499.4980210349167,1949.969332665205,22576.10161322132,0.15500895951785998
holdout_seed_bag_v1,listwise_transformer_mean,2025-11-03,53,88,False,13361.719716678786,12480.206844210625,13361.719716678786,1.0
holdout_seed_bag_v1,listwise_transformer_mean,2025-11-04,50,68,False,7164.614557958074,5403.836952149867,7323.682649823298,0.9782803134063898
holdout_seed_bag_v1,listwise_transformer_mean,2025-11-05,0,23,False,5567.383215282827,1325.831277668476,5662.824070401962,0.9831460674157303
holdout_seed_bag_v1,listwise_transformer_mean,2025-11-06,0,8,False,175.96748594498558,560.6928706169127,922.5949328182957,0.19073103448275955
holdout_seed_bag_v1,listwise_transformer_mean,2025-11-07,55,72,False,4387.743790095839,890.6214356422424,6793.7950222018635,0.6458457718781417
holdout_seed_bag_v1,listwise_transformer_mean,2025-11-08,49,88,False,7849.316796668253,3334.2953354120255,8037.637510627493,0.9765701409512137
holdout_seed_bag_v1,listwise_transformer_mean,2025-11-09,50,69,False,12217.29478566892,10011.713549494743,12573.171464875311,0.9716955518978981
holdout_seed_bag_v1,listwise_transformer_mean,2025-11-10,50,69,False,10667.923850474082,9052.464592456816,11155.171685390125,0.9563209022094936
holdout_seed_bag_v1,listwise_transformer_mean,2025-11-11,49,68,False,7321.35389295839,1738.8505041599274,7485.846206756217,0.9780262231877851
holdout_seed_bag_v1,listwise_transformer_mean,2025-11-12,53,83,False,9644.906049899433,11953.644993901253,10483.503486127383,0.9200079021924636
holdout_seed_bag_v1,listwise_transformer_mean,2025-11-13,49,68,False,9537.757783219018,2164.2668455839157,9537.757783219018,1.0
holdout_seed_bag_v1,listwise_transformer_mean,2025-11-14,49,68,False,3738.0619824907076,2062.2721046209335,3791.572488594169,0.985886988508216
holdout_seed_bag_v1,listwise_transformer_mean,2025-11-15,49,88,False,8046.599406923178,5584.097534418106,8345.596517840402,0.9641730689618103
holdout_seed_bag_v1,listwise_transformer_mean,2025-11-16,49,88,False,7319.7663934015745,1816.3502380251884,9645.889090707162,0.758848284960422
holdout_seed_bag_v1,listwise_transformer_mean,2025-11-17,54,69,False,6579.056279545648,1634.5860868692398,7342.5831204987235,0.896013864818024
holdout_seed_bag_v1,listwise_transformer_mean,2025-11-18,49,69,False,9092.720257160334,8653.9183229208,10104.393321423157,0.8998779014156257
holdout_seed_bag_v1,listwise_transformer_mean,2025-11-19,49,88,False,8716.931434214255,7808.2429587841025,10200.934927737997,0.8545227957989914
holdout_seed_bag_v1,listwise_transformer_mean,2025-11-20,51,68,False,8462.422487229898,3133.5783287882805,8685.117815841211,0.9743589743589743
holdout_seed_bag_v1,listwise_transformer_mean,2025-11-21,50,67,False,7103.440151188545,2491.4093583822246,7103.440151188545,1.0
holdout_seed_bag_v1,listwise_transformer_mean,2025-11-22,49,72,False,6122.938070207633,1250.3200560808182,6264.524578776868,0.9773986825674041
holdout_seed_bag_v1,listwise_transformer_mean,2025-11-23,49,69,False,4276.81288419087,3468.7936648726463,6269.694291762487,0.6821405773819007
holdout_seed_bag_v1,listwise_transformer_mean,2025-11-24,49,69,False,9558.070778550207,6508.0458372831345,10017.17946801529,0.9541678682176943
holdout_seed_bag_v1,listwise_transformer_mean,2025-11-25,54,69,False,93.46522941816815,1016.9217079877855,1565.2300239538,0.059713414634146394
holdout_seed_bag_v1,listwise_transformer_mean,2025-11-26,49,86,False,6342.47748787634,1645.3861728310583,7918.575043866373,0.8009619726707197
holdout_seed_bag_v1,listwise_transformer_mean,2025-11-27,49,69,False,2810.892251350366,1771.250493824482,3235.7981197025892,0.868685915303246
holdout_seed_bag_v1,listwise_transformer_mean,2025-11-28,54,69,False,1903.0270238387889,925.8646041154861,6405.093051558167,0.29711153429314185
holdout_seed_bag_v1,listwise_transformer_mean,2025-11-29,0,24,False,3167.3447570493086,1607.9524978995323,5801.283300285127,0.5459731223423682
holdout_seed_bag_v1,listwise_transformer_mean,2025-11-30,49,88,False,10816.630246835208,10393.203735351562,10816.630246835208,1.0
holdout_seed_bag_v1,listwise_transformer_mean,2025-12-01,55,88,False,6052.617248155855,1820.248419046402,7602.92350373086,0.7960907728699035
holdout_seed_bag_v1,listwise_transformer_mean,2025-12-02,53,69,False,6089.1265566007605,2586.842142045498,7113.5250682128,0.8559928443649375
holdout_seed_bag_v1,listwise_transformer_mean,2025-12-03,51,88,False,8323.956894623057,3261.062741279602,9007.2147950591,0.9241432655951711
holdout_seed_bag_v1,listwise_transformer_mean,2025-12-04,0,25,False,477.2042755956711,2393.2183012366295,11898.293271518727,0.040106951871657776
holdout_seed_bag_v1,listwise_transformer_mean,2025-12-05,49,69,False,4102.203839750415,1003.9416819810867,4598.152699291483,0.8921417160379455
holdout_seed_bag_v1,listwise_transformer_mean,2025-12-06,49,70,False,472.4481396489006,1968.6606973409653,1382.2635419667454,0.34179309900388505
holdout_seed_bag_v1,listwise_transformer_mean,2025-12-07,49,73,False,10816.630246835208,10253.912103176117,15016.027872077113,0.7203389830508474
holdout_seed_bag_v1,listwise_transformer_mean,2025-12-08,49,70,False,6304.841977341028,3730.978001654148,7915.851798133639,0.7964830744844861
holdout_seed_bag_v1,listwise_transformer_mean,2025-12-09,49,88,False,8335.168013737719,6166.182674467563,10593.934918223893,0.7867867867867869
holdout_seed_bag_v1,listwise_transformer_mean,2025-12-10,50,88,False,4094.027739828541,9694.545122981071,7441.205337455161,0.5501834117144078
holdout_seed_bag_v1,listwise_transformer_mean,2025-12-11,49,67,False,6984.88670232139,1521.5369187295437,25769.030882166222,0.2710574074074073
holdout_seed_bag_v1,listwise_transformer_mean,2025-12-12,55,67,False,-5922.655435740127,657.5070321559906,9467.73282781811,-0.6255621639784944
holdout_seed_bag_v1,listwise_transformer_mean,2025-12-13,50,68,False,3713.209183817685,2946.80612385273,4825.562806145682,0.7694872770257307
holdout_seed_bag_v1,listwise_transformer_mean,2025-12-14,48,68,False,2664.708674926226,4856.480273604393,3981.935636852956,0.6691993336768813
holdout_seed_bag_v1,listwise_transformer_mean,2025-12-15,48,88,False,11834.666034772637,12199.23352301121,11961.920508264817,0.9893617021276595
holdout_seed_bag_v1,listwise_transformer_mean,2025-12-16,50,68,False,9257.762946556015,5105.7707741856575,9575.899130286462,0.9667774086378739
holdout_seed_bag_v1,listwise_transformer_mean,2025-12-17,49,69,False,6873.443597160619,2611.7980234324937,7365.352127168311,0.9332131686965506
holdout_seed_bag_v1,listwise_transformer_mean,2025-12-18,49,68,False,615.304011591221,848.4804540872575,4304.280762294158,0.14295164408914332
holdout_seed_bag_v1,listwise_transformer_mean,2025-12-19,0,68,False,8079.284718439643,6830.776718258859,8844.185907706433,0.9135136690647482
holdout_seed_bag_v1,listwise_transformer_mean,2025-12-20,53,70,False,9223.69374264032,5665.62917381525,9255.507361013364,0.9965627364192857
holdout_seed_bag_v1,listwise_transformer_mean,2025-12-21,49,68,False,5987.322977807017,2072.1616566181183,7005.358765744449,0.8546775658492279
holdout_seed_bag_v1,listwise_transformer_mean,2025-12-22,49,67,False,698.3534623540535,879.2541533708572,4748.357517077977,0.1470726371892492
holdout_seed_bag_v1,listwise_transformer_mean,2025-12-23,50,67,False,10434.86682635867,8317.109781503677,10434.86682635867,1.0
holdout_seed_bag_v1,listwise_transformer_mean,2025-12-24,50,88,False,9596.444365031773,9338.380619883537,9825.502417317695,0.976687395457539
holdout_seed_bag_v1,listwise_transformer_mean,2025-12-25,50,69,False,11028.066735904298,10757.378450036049,11095.330269230428,0.993937671822833
holdout_seed_bag_v1,listwise_transformer_mean,2025-12-26,49,88,False,3082.6091845127035,7777.71801352501,7346.620268670262,0.41959555166591667
holdout_seed_bag_v1,listwise_transformer_mean,2025-12-27,53,68,False,1991.5865933038335,2670.374916493893,7411.580496026182,0.268712806178338
holdout_seed_bag_v1,listwise_transformer_mean,2025-12-28,49,88,False,9542.195782982059,11143.33014190197,11889.188213940359,0.802594391751121
holdout_seed_bag_v1,listwise_transformer_mean,2025-12-29,49,88,False,11056.1072591383,13247.171819210052,12388.222994463616,0.8924691833590138
holdout_seed_bag_v1,listwise_transformer_mean,2025-12-30,51,84,False,27836.916076414134,7223.661687970162,31559.10942606037,0.8820564516129031
holdout_seed_bag_v1,listwise_transformer_mean,2025-12-31,49,66,False,3244.9890740505616,1666.626375168562,22576.10161322132,0.1437355806438339
holdout_seed_bag_v1,spo_lstm_seed42,2025-11-03,51,88,False,13361.719716678786,14484.115600585938,13361.719716678786,1.0
holdout_seed_bag_v1,spo_lstm_seed42,2025-11-04,50,67,False,7100.987321211983,9205.83426952362,7323.682649823298,0.9695924387689453
holdout_seed_bag_v1,spo_lstm_seed42,2025-11-05,0,24,False,5503.7559785367375,5322.5607285276055,5662.824070401962,0.9719101123595505
holdout_seed_bag_v1,spo_lstm_seed42,2025-11-06,50,68,False,303.47010566047226,2196.7884534969926,922.5949328182957,0.3289310344827576
holdout_seed_bag_v1,spo_lstm_seed42,2025-11-07,53,74,False,3897.9985861375153,2281.0993045568466,6793.7950222018635,0.5737586390815449
holdout_seed_bag_v1,spo_lstm_seed42,2025-11-08,48,88,False,7845.8522936274285,4068.076329305768,8037.637510627493,0.9761391059566343
holdout_seed_bag_v1,spo_lstm_seed42,2025-11-09,51,69,False,12234.311890136663,12489.293813705444,12573.171464875311,0.9730489975671378
holdout_seed_bag_v1,spo_lstm_seed42,2025-11-10,50,69,False,10667.923850474082,9661.448061466217,11155.171685390125,0.9563209022094936
holdout_seed_bag_v1,spo_lstm_seed42,2025-11-11,50,69,False,7455.184241368276,3481.7165955901146,7485.846206756217,0.9959040081052871
holdout_seed_bag_v1,spo_lstm_seed42,2025-11-12,51,70,False,10356.09948862885,11558.413207530975,10483.503486127383,0.9878471927188154
holdout_seed_bag_v1,spo_lstm_seed42,2025-11-13,50,69,False,9330.03394341406,4320.34832239151,9537.757783219018,0.9782208937859135
holdout_seed_bag_v1,spo_lstm_seed42,2025-11-14,50,69,False,3738.0619824907076,3978.1474033370614,3791.572488594169,0.985886988508216
holdout_seed_bag_v1,spo_lstm_seed42,2025-11-15,48,88,False,8046.599406923178,5938.848838210106,8345.596517840402,0.9641730689618103
holdout_seed_bag_v1,spo_lstm_seed42,2025-11-16,47,74,False,9105.0575783654,3557.7807798981667,9645.889090707162,0.9439313984168864
holdout_seed_bag_v1,spo_lstm_seed42,2025-11-17,50,71,False,7080.874751676544,3852.6288345456123,7342.5831204987235,0.9643574523396878
holdout_seed_bag_v1,spo_lstm_seed42,2025-11-18,49,67,False,10104.393321423157,10019.839823246002,10104.393321423157,1.0
holdout_seed_bag_v1,spo_lstm_seed42,2025-11-19,51,88,False,8716.931434214255,9567.330658435822,10200.934927737997,0.8545227957989914
holdout_seed_bag_v1,spo_lstm_seed42,2025-11-20,52,68,False,8462.422487229898,6309.556104242802,8685.117815841211,0.9743589743589743
holdout_seed_bag_v1,spo_lstm_seed42,2025-11-21,51,67,False,7103.440151188545,6493.357017636299,7103.440151188545,1.0
holdout_seed_bag_v1,spo_lstm_seed42,2025-11-22,49,71,False,6264.524578776868,2674.6708899736404,6264.524578776868,1.0
holdout_seed_bag_v1,spo_lstm_seed42,2025-11-23,51,71,False,3907.717646550481,5009.189260192215,6269.694291762487,0.6232708429954363
holdout_seed_bag_v1,spo_lstm_seed42,2025-11-24,51,70,False,9056.153684202356,7287.89484500885,10017.17946801529,0.9040622375907833
holdout_seed_bag_v1,spo_lstm_seed42,2025-11-25,49,88,False,1.9151798260572672,2877.4732798337936,1565.2300239538,0.001223577235772342
holdout_seed_bag_v1,spo_lstm_seed42,2025-11-26,55,88,False,4878.472034861892,4161.3612323999405,7918.575043866373,0.6160795355018697
holdout_seed_bag_v1,spo_lstm_seed42,2025-11-27,50,72,False,2444.567979870268,3522.37606048584,3235.7981197025892,0.7554760493200839
holdout_seed_bag_v1,spo_lstm_seed42,2025-11-28,50,71,False,2509.264154193692,2073.9423036575317,6405.093051558167,0.3917607650654292
holdout_seed_bag_v1,spo_lstm_seed42,2025-11-29,49,71,False,4827.745220366072,3091.399312019348,5801.283300285127,0.832185737271061
holdout_seed_bag_v1,spo_lstm_seed42,2025-11-30,51,88,False,10816.630246835208,10838.401198387146,10816.630246835208,1.0
holdout_seed_bag_v1,spo_lstm_seed42,2025-12-01,53,82,False,1706.8769783979417,5280.813157558441,7602.92350373086,0.22450271629858612
holdout_seed_bag_v1,spo_lstm_seed42,2025-12-02,50,73,False,7049.89783146671,3693.3397501707077,7113.5250682128,0.9910554561717352
holdout_seed_bag_v1,spo_lstm_seed42,2025-12-03,50,88,False,8323.956894623057,6091.813027858734,9007.2147950591,0.9241432655951711
holdout_seed_bag_v1,spo_lstm_seed42,2025-12-04,50,66,False,11492.100173493527,8238.764986395836,11898.293271518727,0.9658612299465239
holdout_seed_bag_v1,spo_lstm_seed42,2025-12-05,50,73,False,3476.7926416020778,2132.417470216751,4598.152699291483,0.7561281386191909
holdout_seed_bag_v1,spo_lstm_seed42,2025-12-06,52,71,False,437.4531594385513,2983.2013845443726,1382.2635419667454,0.3164759440997219
holdout_seed_bag_v1,spo_lstm_seed42,2025-12-07,50,71,False,10275.798734493448,12028.218269348145,15016.027872077113,0.684322033898305
holdout_seed_bag_v1,spo_lstm_seed42,2025-12-08,51,71,False,6468.201726324775,5903.093285858631,7915.851798133639,0.8171201143318293
holdout_seed_bag_v1,spo_lstm_seed42,2025-12-09,50,68,False,10466.680444731715,9319.506019353867,10593.934918223893,0.9879879879879881
holdout_seed_bag_v1,spo_lstm_seed42,2025-12-10,51,85,False,5212.995413416295,13940.462589263916,7441.205337455161,0.7005579307396324
holdout_seed_bag_v1,spo_lstm_seed42,2025-12-11,50,65,False,3730.353542758916,7104.3939888477325,25769.030882166222,0.14476111111111103
holdout_seed_bag_v1,spo_lstm_seed42,2025-12-12,53,70,False,-12164.815040800746,2670.7070991396904,9467.73282781811,-1.2848709677419354
holdout_seed_bag_v1,spo_lstm_seed42,2025-12-13,51,69,False,3713.209183817685,6276.961077935994,4825.562806145682,0.7694872770257307
holdout_seed_bag_v1,spo_lstm_seed42,2025-12-14,50,68,False,2664.708674926226,7143.050007522106,3981.935636852956,0.6691993336768813
holdout_seed_bag_v1,spo_lstm_seed42,2025-12-15,48,68,False,11866.479653145681,15399.025917053223,11961.920508264817,0.9920212765957446
holdout_seed_bag_v1,spo_lstm_seed42,2025-12-16,51,67,False,9416.831038421238,12480.431854724884,9575.899130286462,0.9833887043189369
holdout_seed_bag_v1,spo_lstm_seed42,2025-12-17,51,70,False,6682.561886922351,4740.710683166981,7365.352127168311,0.9072969997283122
holdout_seed_bag_v1,spo_lstm_seed42,2025-12-18,49,74,False,286.6693337976687,2279.2637944221497,4304.280762294158,0.06660098391092767
holdout_seed_bag_v1,spo_lstm_seed42,2025-12-19,7,69,False,8844.185907706433,8244.4449365139,8844.185907706433,1.0
holdout_seed_bag_v1,spo_lstm_seed42,2025-12-20,53,71,False,9223.693742640322,7278.357699513435,9255.507361013364,0.9965627364192859
holdout_seed_bag_v1,spo_lstm_seed42,2025-12-21,50,70,False,6909.917910625314,4401.746392250061,7005.358765744449,0.986376021798365
holdout_seed_bag_v1,spo_lstm_seed42,2025-12-22,50,70,False,2329.9371501485134,2675.8284717798233,4748.357517077977,0.4906827554093483
holdout_seed_bag_v1,spo_lstm_seed42,2025-12-23,50,67,False,10434.86682635867,11913.6683344841,10434.86682635867,1.0
holdout_seed_bag_v1,spo_lstm_seed42,2025-12-24,51,88,False,9596.444365031773,10544.759094715118,9825.502417317695,0.976687395457539
holdout_seed_bag_v1,spo_lstm_seed42,2025-12-25,51,69,False,11031.703032484338,13721.049785614014,11095.330269230428,0.9942654039850854
holdout_seed_bag_v1,spo_lstm_seed42,2025-12-26,51,69,False,4005.9326491917445,11217.92995929718,7346.620268670262,0.5452755828792575
holdout_seed_bag_v1,spo_lstm_seed42,2025-12-27,51,70,False,3128.1090215098325,4414.230555295944,7411.580496026182,0.4220569449643042
holdout_seed_bag_v1,spo_lstm_seed42,2025-12-28,53,72,False,11761.933740448181,11942.161798477173,11889.188213940359,0.9892966221745091
holdout_seed_bag_v1,spo_lstm_seed42,2025-12-29,50,71,False,11871.229426368778,14129.936218261719,12388.222994463616,0.9582673343605547
holdout_seed_bag_v1,spo_lstm_seed42,2025-12-30,51,68,False,7380.759462546374,14843.476176261902,31559.10942606037,0.2338709677419354
holdout_seed_bag_v1,spo_lstm_seed42,2025-12-31,50,67,False,3499.4980210349167,11909.938057884574,22576.10161322132,0.15500895951785998
holdout_seed_bag_v1,spo_lstm_seed43,2025-11-03,49,86,False,11102.95281219261,21173.893213272095,13361.719716678786,0.830952380952381
holdout_seed_bag_v1,spo_lstm_seed43,2025-11-04,50,68,False,7164.614557958074,8270.537436008453,7323.682649823298,0.9782803134063898
holdout_seed_bag_v1,spo_lstm_seed43,2025-11-05,0,21,False,5631.010452028917,5372.768022119999,5662.824070401962,0.9943820224719101
holdout_seed_bag_v1,spo_lstm_seed43,2025-11-06,52,68,False,335.28372403351716,1405.5212661623955,922.5949328182957,0.3634137931034475
holdout_seed_bag_v1,spo_lstm_seed43,2025-11-07,54,74,False,4330.47927702436,2550.0966012477875,6793.7950222018635,0.6374168285726194
holdout_seed_bag_v1,spo_lstm_seed43,2025-11-08,41,77,False,6992.569691158485,4569.0635442733765,8037.637510627493,0.86997823451391
holdout_seed_bag_v1,spo_lstm_seed43,2025-11-09,48,69,False,12205.202429325327,13177.774786949158,12573.171464875311,0.9707337932535199
holdout_seed_bag_v1,spo_lstm_seed43,2025-11-10,49,70,False,10683.77657650937,10962.664604187012,11155.171685390125,0.9577420122096247
holdout_seed_bag_v1,spo_lstm_seed43,2025-11-11,50,70,False,7391.557004622187,4895.963072776794,7485.846206756217,0.987404336192623
holdout_seed_bag_v1,spo_lstm_seed43,2025-11-12,48,73,False,9859.212127345776,12763.587713241577,10483.503486127383,0.9404501215068303
holdout_seed_bag_v1,spo_lstm_seed43,2025-11-13,49,69,False,9330.03394341406,5023.589640855789,9537.757783219018,0.9782208937859135
holdout_seed_bag_v1,spo_lstm_seed43,2025-11-14,48,69,False,3738.0619824907076,5025.995172560215,3791.572488594169,0.985886988508216
holdout_seed_bag_v1,spo_lstm_seed43,2025-11-15,47,77,False,8345.596517840402,6686.269819736481,8345.596517840402,1.0
holdout_seed_bag_v1,spo_lstm_seed43,2025-11-16,47,76,False,9455.007380468895,4652.575522661209,9645.889090707162,0.9802110817941954
holdout_seed_bag_v1,spo_lstm_seed43,2025-11-17,50,71,False,7080.874751676544,4989.008605480194,7342.5831204987235,0.9643574523396878
holdout_seed_bag_v1,spo_lstm_seed43,2025-11-18,48,69,False,9092.720257160334,10702.132105827332,10104.393321423157,0.8998779014156257
holdout_seed_bag_v1,spo_lstm_seed43,2025-11-19,48,88,False,8716.931434214255,10822.765558958054,10200.934927737997,0.8545227957989914
holdout_seed_bag_v1,spo_lstm_seed43,2025-11-20,51,69,False,8526.049723975988,6633.35882127285,8685.117815841211,0.9816849816849818
holdout_seed_bag_v1,spo_lstm_seed43,2025-11-21,50,68,False,6683.354046019838,7191.412851214409,7103.440151188545,0.9408615971659283
holdout_seed_bag_v1,spo_lstm_seed43,2025-11-22,45,71,False,6264.524578776868,3057.056352496147,6264.524578776868,1.0
holdout_seed_bag_v1,spo_lstm_seed43,2025-11-23,48,71,False,3907.717646550481,6270.306214690208,6269.694291762487,0.6232708429954363
holdout_seed_bag_v1,spo_lstm_seed43,2025-11-24,49,71,False,8438.969487765287,7870.573699474335,10017.17946801529,0.8424496650689742
holdout_seed_bag_v1,spo_lstm_seed43,2025-11-25,47,74,False,1217.7362331887073,3798.849508166313,1565.2300239538,0.7779918699186993
holdout_seed_bag_v1,spo_lstm_seed43,2025-11-26,52,88,False,4878.472034861892,5311.456672847271,7918.575043866373,0.6160795355018697
holdout_seed_bag_v1,spo_lstm_seed43,2025-11-27,45,72,False,2444.567979870268,4692.319869995117,3235.7981197025892,0.7554760493200839
holdout_seed_bag_v1,spo_lstm_seed43,2025-11-28,50,69,False,1910.2264456766088,2765.9521400928497,6405.093051558167,0.2982355494760389
holdout_seed_bag_v1,spo_lstm_seed43,2025-11-29,50,71,False,4827.745220366072,4238.266035914421,5801.283300285127,0.832185737271061
holdout_seed_bag_v1,spo_lstm_seed43,2025-11-30,48,88,False,10816.630246835208,12575.304627418518,10816.630246835208,1.0
holdout_seed_bag_v1,spo_lstm_seed43,2025-12-01,54,70,False,2712.1873189861567,4965.793460607529,7602.92350373086,0.3567295287997109
holdout_seed_bag_v1,spo_lstm_seed43,2025-12-02,52,74,False,7113.5250682128,4841.963440179825,7113.5250682128,1.0
holdout_seed_bag_v1,spo_lstm_seed43,2025-12-03,51,88,False,8323.956894623057,7080.529116094112,9007.2147950591,0.9241432655951711
holdout_seed_bag_v1,spo_lstm_seed43,2025-12-04,50,66,False,11492.100173493527,7220.249205827713,11898.293271518727,0.9658612299465239
holdout_seed_bag_v1,spo_lstm_seed43,2025-12-05,47,72,False,3632.4248626830126,3039.0000343322754,4598.152699291483,0.7899748225505262
holdout_seed_bag_v1,spo_lstm_seed43,2025-12-06,53,74,False,9.544085511913325,4239.7938296198845,1382.2635419667454,0.006904678610226224
holdout_seed_bag_v1,spo_lstm_seed43,2025-12-07,50,70,False,10053.103405882133,13358.736276626587,15016.027872077113,0.6694915254237287
holdout_seed_bag_v1,spo_lstm_seed43,2025-12-08,49,74,False,5726.702634733197,7525.014281272888,7915.851798133639,0.7234474293825727
holdout_seed_bag_v1,spo_lstm_seed43,2025-12-09,50,69,False,10212.171497747358,9850.105047225952,10593.934918223893,0.9639639639639642
holdout_seed_bag_v1,spo_lstm_seed43,2025-12-10,51,86,False,5212.995413416295,14664.554953575134,7441.205337455161,0.7005579307396324
holdout_seed_bag_v1,spo_lstm_seed43,2025-12-11,50,66,False,6116.374920737272,7214.03568983078,25769.030882166222,0.2373537037037037
holdout_seed_bag_v1,spo_lstm_seed43,2025-12-12,53,70,False,-12164.815040800746,2759.6055045723915,9467.73282781811,-1.2848709677419354
holdout_seed_bag_v1,spo_lstm_seed43,2025-12-13,51,69,False,3713.209183817685,6755.544394254684,4825.562806145682,0.7694872770257307
holdout_seed_bag_v1,spo_lstm_seed43,2025-12-14,49,69,False,1623.8338903587862,8045.299530029297,3981.935636852956,0.4078001350223107
holdout_seed_bag_v1,spo_lstm_seed43,2025-12-15,48,84,False,11961.920508264817,17658.042669296265,11961.920508264817,1.0
holdout_seed_bag_v1,spo_lstm_seed43,2025-12-16,51,67,False,9416.831038421238,11059.237122535706,9575.899130286462,0.9833887043189369
holdout_seed_bag_v1,spo_lstm_seed43,2025-12-17,50,70,False,6682.561886922351,6776.790954172611,7365.352127168311,0.9072969997283122
holdout_seed_bag_v1,spo_lstm_seed43,2025-12-18,49,70,False,460.266705173862,3170.754909515381,4304.280762294158,0.10693231473323836
holdout_seed_bag_v1,spo_lstm_seed43,2025-12-19,8,68,False,8844.185907706433,9521.590232849121,8844.185907706433,1.0
holdout_seed_bag_v1,spo_lstm_seed43,2025-12-20,51,71,False,9223.693742640322,9170.892626047134,9255.507361013364,0.9965627364192859
holdout_seed_bag_v1,spo_lstm_seed43,2025-12-21,50,69,False,6050.950214553106,5436.967961490154,7005.358765744449,0.8637602179836511
holdout_seed_bag_v1,spo_lstm_seed43,2025-12-22,50,69,False,2565.3579261090445,3544.244557619095,4748.357517077977,0.5402621678933104
holdout_seed_bag_v1,spo_lstm_seed43,2025-12-23,6,67,False,9544.677245215156,11489.463567733765,10434.86682635867,0.9146908536585366
holdout_seed_bag_v1,spo_lstm_seed43,2025-12-24,50,86,False,9749.149733222388,12250.755786895752,9825.502417317695,0.9922291318191797
holdout_seed_bag_v1,spo_lstm_seed43,2025-12-25,50,70,False,11091.693972650388,14948.093056678772,11095.330269230428,0.9996722678377475
holdout_seed_bag_v1,spo_lstm_seed43,2025-12-26,50,70,False,3364.4969314689056,11626.974105834961,7346.620268670262,0.4579652695290156
holdout_seed_bag_v1,spo_lstm_seed43,2025-12-27,52,70,False,3129.4674630143613,5431.429997086525,7411.580496026182,0.42224023130994354
holdout_seed_bag_v1,spo_lstm_seed43,2025-12-28,50,71,False,11889.188213940359,13879.480361938477,11889.188213940359,1.0
holdout_seed_bag_v1,spo_lstm_seed43,2025-12-29,50,85,False,10978.857431004872,18114.967584609985,12388.222994463616,0.8862334360554698
holdout_seed_bag_v1,spo_lstm_seed43,2025-12-30,52,68,False,7317.132225800284,13935.129433870316,31559.10942606037,0.2318548387096773
holdout_seed_bag_v1,spo_lstm_seed43,2025-12-31,50,67,False,3499.4980210349167,9100.048571825027,22576.10161322132,0.15500895951785998
holdout_seed_bag_v1,spo_lstm_seed44,2025-11-03,48,87,False,12407.311165487445,17584.136724472046,13361.719716678786,0.9285714285714286
holdout_seed_bag_v1,spo_lstm_seed44,2025-11-04,50,69,False,7037.360084465895,7762.174010276794,7323.682649823298,0.9609045641315014
holdout_seed_bag_v1,spo_lstm_seed44,2025-11-05,0,37,False,2007.875165910832,5509.089812636375,5662.824070401962,0.35457134831460657
holdout_seed_bag_v1,spo_lstm_seed44,2025-11-06,52,70,False,-87.93284118309685,2642.5781548023224,922.5949328182957,-0.09531034482758768
holdout_seed_bag_v1,spo_lstm_seed44,2025-11-07,47,74,False,2558.804320724198,3255.2686482667923,6793.7950222018635,0.3766384343893395
holdout_seed_bag_v1,spo_lstm_seed44,2025-11-08,49,75,False,7200.353976838351,4841.835513710976,8037.637510627493,0.895829647370627
holdout_seed_bag_v1,spo_lstm_seed44,2025-11-09,51,69,False,12234.311890136663,12557.874619960785,12573.171464875311,0.9730489975671378
holdout_seed_bag_v1,spo_lstm_seed44,2025-11-10,48,69,False,10556.343946754303,9278.020143508911,11155.171685390125,0.9463183754114601
holdout_seed_bag_v1,spo_lstm_seed44,2025-11-11,51,69,False,7459.695412453574,4341.708824038506,7485.846206756217,0.996506634843895
holdout_seed_bag_v1,spo_lstm_seed44,2025-11-12,47,72,False,9929.310254068943,11916.075050830841,10483.503486127383,0.9471366387399219
holdout_seed_bag_v1,spo_lstm_seed44,2025-11-13,51,70,False,9146.45027723057,4773.93539249897,9537.757783219018,0.9589727989657144
holdout_seed_bag_v1,spo_lstm_seed44,2025-11-14,49,70,False,3629.0907954775175,4627.799078822136,3791.572488594169,0.9571466209322307
holdout_seed_bag_v1,spo_lstm_seed44,2025-11-15,49,88,False,8046.599406923178,6278.765022754669,8345.596517840402,0.9641730689618103
holdout_seed_bag_v1,spo_lstm_seed44,2025-11-16,50,75,False,9359.566525349757,4681.163132190704,9645.889090707162,0.9703166226912927
holdout_seed_bag_v1,spo_lstm_seed44,2025-11-17,53,71,False,7088.074173514365,4454.14711534977,7342.5831204987235,0.9653379549393413
holdout_seed_bag_v1,spo_lstm_seed44,2025-11-18,47,69,False,9086.914271807253,9424.243032932281,10104.393321423157,0.8993033013215487
holdout_seed_bag_v1,spo_lstm_seed44,2025-11-19,46,88,False,8716.931434214255,10628.2439827919,10200.934927737997,0.8545227957989914
holdout_seed_bag_v1,spo_lstm_seed44,2025-11-20,53,70,False,8685.117815841211,5569.914996623993,8685.117815841211,1.0
holdout_seed_bag_v1,spo_lstm_seed44,2025-11-21,51,68,False,6683.354046019838,5465.296745300293,7103.440151188545,0.9408615971659283
holdout_seed_bag_v1,spo_lstm_seed44,2025-11-22,49,72,False,6122.938070207633,3809.2948496341705,6264.524578776868,0.9773986825674041
holdout_seed_bag_v1,spo_lstm_seed44,2025-11-23,50,73,False,5747.464202083447,5287.751965224743,6269.694291762487,0.9167056533577437
holdout_seed_bag_v1,spo_lstm_seed44,2025-11-24,49,71,False,8438.969487765287,6794.080018997192,10017.17946801529,0.8424496650689742
holdout_seed_bag_v1,spo_lstm_seed44,2025-11-25,44,73,False,956.4223532343553,3886.3190710544586,1565.2300239538,0.6110426829268294
holdout_seed_bag_v1,spo_lstm_seed44,2025-11-26,46,88,False,4878.472034861892,4264.586888253689,7918.575043866373,0.6160795355018697
holdout_seed_bag_v1,spo_lstm_seed44,2025-11-27,45,73,False,2305.8351528690946,4610.793203115463,3235.7981197025892,0.7126016727771107
holdout_seed_bag_v1,spo_lstm_seed44,2025-11-28,51,71,False,2509.264154193692,3268.4593498706818,6405.093051558167,0.3917607650654292
holdout_seed_bag_v1,spo_lstm_seed44,2025-11-29,53,72,False,5003.499555067959,4140.851274132729,5801.283300285127,0.8624815055699904
holdout_seed_bag_v1,spo_lstm_seed44,2025-11-30,49,88,False,10816.630246835208,12157.512366771698,10816.630246835208,1.0
holdout_seed_bag_v1,spo_lstm_seed44,2025-12-01,0,18,False,2194.344327280758,4326.1633813381195,7602.92350373086,0.28861849342610946
holdout_seed_bag_v1,spo_lstm_seed44,2025-12-02,53,74,False,7113.5250682128,4279.466450214386,7113.5250682128,1.0
holdout_seed_bag_v1,spo_lstm_seed44,2025-12-03,52,88,False,8323.956894623057,5868.6124831438065,9007.2147950591,0.9241432655951711
holdout_seed_bag_v1,spo_lstm_seed44,2025-12-04,0,65,False,2163.32604936704,5421.132817864418,11898.293271518727,0.1818181818181817
holdout_seed_bag_v1,spo_lstm_seed44,2025-12-05,48,73,False,3476.7926416020778,3499.190777540207,4598.152699291483,0.7561281386191909
holdout_seed_bag_v1,spo_lstm_seed44,2025-12-06,53,73,False,28.632256535740197,4346.752509474754,1382.2635419667454,0.020714035830678833
holdout_seed_bag_v1,spo_lstm_seed44,2025-12-07,49,71,False,10275.798734493448,12366.032063961029,15016.027872077113,0.684322033898305
holdout_seed_bag_v1,spo_lstm_seed44,2025-12-08,47,74,False,5726.702634733197,6017.913773655891,7915.851798133639,0.7234474293825727
holdout_seed_bag_v1,spo_lstm_seed44,2025-12-09,51,70,False,10021.28978750909,7475.937306880951,10593.934918223893,0.945945945945946
holdout_seed_bag_v1,spo_lstm_seed44,2025-12-10,51,82,False,5212.995413416295,14016.316831111908,7441.205337455161,0.7005579307396324
holdout_seed_bag_v1,spo_lstm_seed44,2025-12-11,50,67,False,6984.88670232139,4716.299429535866,25769.030882166222,0.2710574074074073
holdout_seed_bag_v1,spo_lstm_seed44,2025-12-12,53,73,False,-12550.12249836404,2879.658780992031,9467.73282781811,-1.325567876344086
holdout_seed_bag_v1,spo_lstm_seed44,2025-12-13,52,70,False,3493.1352973603102,5878.211058676243,4825.562806145682,0.723881428485723
holdout_seed_bag_v1,spo_lstm_seed44,2025-12-14,51,70,False,596.4162663631441,6566.750377416611,3981.935636852956,0.14978048887663836
holdout_seed_bag_v1,spo_lstm_seed44,2025-12-15,46,68,False,11866.479653145681,14667.3002243042,11961.920508264817,0.9920212765957446
holdout_seed_bag_v1,spo_lstm_seed44,2025-12-16,51,68,False,9257.762946556015,9501.94537639618,9575.899130286462,0.9667774086378739
holdout_seed_bag_v1,spo_lstm_seed44,2025-12-17,48,70,False,6682.561886922351,5226.577177643776,7365.352127168311,0.9072969997283122
holdout_seed_bag_v1,spo_lstm_seed44,2025-12-18,45,73,False,373.62549689671187,3525.5601555109024,4304.280762294158,0.08680323555324293
holdout_seed_bag_v1,spo_lstm_seed44,2025-12-19,6,69,False,8844.185907706433,7292.5708293914795,8844.185907706433,1.0
holdout_seed_bag_v1,spo_lstm_seed44,2025-12-20,52,72,False,9223.693742640322,7061.648815870285,9255.507361013364,0.9965627364192859
holdout_seed_bag_v1,spo_lstm_seed44,2025-12-21,50,71,False,6973.545147371404,4850.206986069679,7005.358765744449,0.9954586739327883
holdout_seed_bag_v1,spo_lstm_seed44,2025-12-22,50,70,False,2329.9371501485134,3302.7181774377823,4748.357517077977,0.4906827554093483
holdout_seed_bag_v1,spo_lstm_seed44,2025-12-23,51,67,False,10434.86682635867,8757.073938846588,10434.86682635867,1.0
holdout_seed_bag_v1,spo_lstm_seed44,2025-12-24,50,85,False,9825.502417317695,10609.142899513245,9825.502417317695,1.0
holdout_seed_bag_v1,spo_lstm_seed44,2025-12-25,50,69,False,11028.066735904298,13342.49871969223,11095.330269230428,0.993937671822833
holdout_seed_bag_v1,spo_lstm_seed44,2025-12-26,49,71,False,3245.6476159508848,9175.77600479126,7346.620268670262,0.44178785581064844
holdout_seed_bag_v1,spo_lstm_seed44,2025-12-27,52,70,False,3129.4674630143613,4433.870777487755,7411.580496026182,0.42224023130994354
holdout_seed_bag_v1,spo_lstm_seed44,2025-12-28,52,72,False,11761.933740448181,12107.410728931427,11889.188213940359,0.9892966221745091
holdout_seed_bag_v1,spo_lstm_seed44,2025-12-29,50,85,False,10978.857431004872,13440.653502941132,12388.222994463616,0.8862334360554698
holdout_seed_bag_v1,spo_lstm_seed44,2025-12-30,52,68,False,7317.132225800284,12668.633341789246,31559.10942606037,0.2318548387096773
holdout_seed_bag_v1,spo_lstm_seed44,2025-12-31,49,66,False,3244.9890740505616,10132.438480854034,22576.10161322132,0.1437355806438339
holdout_seed_bag_v1,spo_lstm_seed45,2025-11-03,48,86,False,11102.95281219261,14717.97662973404,13361.719716678786,0.830952380952381
holdout_seed_bag_v1,spo_lstm_seed45,2025-11-04,49,68,False,6941.91922934676,8585.619509220123,7323.682649823298,0.9478727521753352
holdout_seed_bag_v1,spo_lstm_seed45,2025-11-05,0,35,False,3832.421174585157,4893.832605332136,5662.824070401962,0.6767685393258425
holdout_seed_bag_v1,spo_lstm_seed45,2025-11-06,50,67,False,485.48536045817326,1448.1864422559738,922.5949328182957,0.5262172413793099
holdout_seed_bag_v1,spo_lstm_seed45,2025-11-07,53,72,False,3961.625822883604,2182.655453681946,6793.7950222018635,0.5831241316432365
holdout_seed_bag_v1,spo_lstm_seed45,2025-11-08,50,88,False,7845.321006200599,3627.4275705218315,8037.637510627493,0.9760730060079706
holdout_seed_bag_v1,spo_lstm_seed45,2025-11-09,50,69,False,12217.29478566892,12352.332890033722,12573.171464875311,0.9716955518978981
holdout_seed_bag_v1,spo_lstm_seed45,2025-11-10,49,69,False,10683.77657650937,10277.45047211647,11155.171685390125,0.9577420122096247
holdout_seed_bag_v1,spo_lstm_seed45,2025-11-11,52,69,False,7461.979630252758,4390.1047706604,7485.846206756217,0.9968117730655597
holdout_seed_bag_v1,spo_lstm_seed45,2025-11-12,49,77,False,9598.17184450943,11822.229146957397,10483.503486127383,0.9155500217279944
holdout_seed_bag_v1,spo_lstm_seed45,2025-11-13,51,69,False,9330.03394341406,4448.718011379242,9537.757783219018,0.9782208937859135
holdout_seed_bag_v1,spo_lstm_seed45,2025-11-14,51,68,False,3738.0619824907076,3934.316337108612,3791.572488594169,0.985886988508216
holdout_seed_bag_v1,spo_lstm_seed45,2025-11-15,50,88,False,8046.599406923178,5809.994038194418,8345.596517840402,0.9641730689618103
holdout_seed_bag_v1,spo_lstm_seed45,2025-11-16,45,75,False,9359.566525349757,4374.623358249664,9645.889090707162,0.9703166226912927
holdout_seed_bag_v1,spo_lstm_seed45,2025-11-17,51,70,False,6826.365804692187,4074.400871992111,7342.5831204987235,0.9296954072790294
holdout_seed_bag_v1,spo_lstm_seed45,2025-11-18,47,67,False,10098.587336070075,9981.303930282593,10104.393321423157,0.9994253999059229
holdout_seed_bag_v1,spo_lstm_seed45,2025-11-19,47,88,False,8716.931434214255,10215.86138010025,10200.934927737997,0.8545227957989914
holdout_seed_bag_v1,spo_lstm_seed45,2025-11-20,52,67,False,8271.540776991627,5132.267542183399,8685.117815841211,0.9523809523809521
holdout_seed_bag_v1,spo_lstm_seed45,2025-11-21,51,66,False,6731.981161703038,5327.107015997171,7103.440151188545,0.9477071698248412
holdout_seed_bag_v1,spo_lstm_seed45,2025-11-22,48,69,False,5803.643870768406,2610.157072544098,6264.524578776868,0.9264300583048477
holdout_seed_bag_v1,spo_lstm_seed45,2025-11-23,45,88,False,862.7853302769729,4379.546485841274,6269.694291762487,0.13761202542372022
holdout_seed_bag_v1,spo_lstm_seed45,2025-11-24,48,69,False,9558.070778550207,6539.0002727508545,10017.17946801529,0.9541678682176943
holdout_seed_bag_v1,spo_lstm_seed45,2025-11-25,47,88,False,1.9151798260572672,3777.1493792533875,1565.2300239538,0.001223577235772342
holdout_seed_bag_v1,spo_lstm_seed45,2025-11-26,50,88,False,4878.472034861892,5366.980738937855,7918.575043866373,0.6160795355018697
holdout_seed_bag_v1,spo_lstm_seed45,2025-11-27,50,88,False,1185.0318335012175,4551.560759544373,3235.7981197025892,0.36622551520925445
holdout_seed_bag_v1,spo_lstm_seed45,2025-11-28,52,88,False,4115.587828999955,2711.9636833667755,6405.093051558167,0.6425492644480404
holdout_seed_bag_v1,spo_lstm_seed45,2025-11-29,52,70,False,4895.606849717615,3564.413607120514,5801.283300285127,0.8438834299778122
holdout_seed_bag_v1,spo_lstm_seed45,2025-11-30,50,88,False,10816.630246835208,11828.876703977585,10816.630246835208,1.0
holdout_seed_bag_v1,spo_lstm_seed45,2025-12-01,55,88,False,6052.617248155855,5470.310226082802,7602.92350373086,0.7960907728699035
holdout_seed_bag_v1,spo_lstm_seed45,2025-12-02,51,88,False,6215.23573983151,4798.633366823196,7113.5250682128,0.8737209302325583
holdout_seed_bag_v1,spo_lstm_seed45,2025-12-03,53,88,False,8323.956894623057,6923.847708851099,9007.2147950591,0.9241432655951711
holdout_seed_bag_v1,spo_lstm_seed45,2025-12-04,50,64,False,11186.34585003387,5896.746844053268,11898.293271518727,0.9401639037433154
holdout_seed_bag_v1,spo_lstm_seed45,2025-12-05,51,88,False,4130.9251744176,2958.567261695862,4598.152699291483,0.8983879928681192
holdout_seed_bag_v1,spo_lstm_seed45,2025-12-06,53,69,False,555.1635474188168,3216.184973716736,1382.2635419667454,0.4016336469591795
holdout_seed_bag_v1,spo_lstm_seed45,2025-12-07,51,70,False,10053.103405882133,11951.692640781403,15016.027872077113,0.6694915254237287
holdout_seed_bag_v1,spo_lstm_seed45,2025-12-08,47,70,False,6304.841977341028,5904.532432556152,7915.851798133639,0.7964830744844861
holdout_seed_bag_v1,spo_lstm_seed45,2025-12-09,50,67,False,10434.86682635867,8641.294598579407,10593.934918223893,0.984984984984985
holdout_seed_bag_v1,spo_lstm_seed45,2025-12-10,51,88,False,5212.995413416295,15161.446273326874,7441.205337455161,0.7005579307396324
holdout_seed_bag_v1,spo_lstm_seed45,2025-12-11,50,65,False,3730.353542758916,5922.452963888645,25769.030882166222,0.14476111111111103
holdout_seed_bag_v1,spo_lstm_seed45,2025-12-12,52,70,False,-12164.815040800746,2828.9105892181396,9467.73282781811,-1.2848709677419354
holdout_seed_bag_v1,spo_lstm_seed45,2025-12-13,50,68,False,3713.209183817685,5112.61773109436,4825.562806145682,0.7694872770257307
holdout_seed_bag_v1,spo_lstm_seed45,2025-12-14,51,69,False,1623.8338903587862,7032.909072935581,3981.935636852956,0.4078001350223107
holdout_seed_bag_v1,spo_lstm_seed45,2025-12-15,45,88,False,11834.666034772637,12937.022864818573,11961.920508264817,0.9893617021276595
holdout_seed_bag_v1,spo_lstm_seed45,2025-12-16,49,68,False,9257.762946556015,9969.061136245728,9575.899130286462,0.9667774086378739
holdout_seed_bag_v1,spo_lstm_seed45,2025-12-17,50,69,False,6873.443597160619,5194.619238376617,7365.352127168311,0.9332131686965506
holdout_seed_bag_v1,spo_lstm_seed45,2025-12-18,47,69,False,516.1091495040673,3559.6106350421906,4304.280762294158,0.1199060140372869
holdout_seed_bag_v1,spo_lstm_seed45,2025-12-19,48,68,False,8821.461440102566,7978.525817394257,8844.185907706433,0.9974305755395683
holdout_seed_bag_v1,spo_lstm_seed45,2025-12-20,50,71,False,9223.693742640322,7086.025908589363,9255.507361013364,0.9965627364192859
holdout_seed_bag_v1,spo_lstm_seed45,2025-12-21,47,70,False,6909.917910625314,5053.501784801483,7005.358765744449,0.986376021798365
holdout_seed_bag_v1,spo_lstm_seed45,2025-12-22,49,69,False,2320.847999379335,3148.370146751404,4748.357517077977,0.4887685880922311
holdout_seed_bag_v1,spo_lstm_seed45,2025-12-23,49,66,False,10307.61235286649,10988.838732242584,10434.86682635867,0.9878048780487805
holdout_seed_bag_v1,spo_lstm_seed45,2025-12-24,48,88,False,9596.444365031773,11009.233266115189,9825.502417317695,0.976687395457539
holdout_seed_bag_v1,spo_lstm_seed45,2025-12-25,50,70,False,11091.693972650388,12144.578337669373,11095.330269230428,0.9996722678377475
holdout_seed_bag_v1,spo_lstm_seed45,2025-12-26,49,69,False,4445.02102861467,9619.973719120026,7346.620268670262,0.6050429811338567
holdout_seed_bag_v1,spo_lstm_seed45,2025-12-27,51,68,False,1999.8326831861268,4502.611935138702,7411.580496026182,0.2698254015129922
holdout_seed_bag_v1,spo_lstm_seed45,2025-12-28,53,72,False,11761.933740448181,12470.934689044952,11889.188213940359,0.9892966221745091
holdout_seed_bag_v1,spo_lstm_seed45,2025-12-29,47,88,False,10820.37789107955,13539.947152137756,12388.222994463616,0.8734406779661016
holdout_seed_bag_v1,spo_lstm_seed45,2025-12-30,49,68,False,7348.9458441733295,12128.789186477661,31559.10942606037,0.23286290322580636
holdout_seed_bag_v1,spo_lstm_seed45,2025-12-31,48,67,False,3499.4980210349167,9175.038397312164,22576.10161322132,0.15500895951785998
holdout_seed_bag_v1,spo_lstm_seed46,2025-11-03,50,87,False,12407.311165487445,17571.81590795517,13361.719716678786,0.9285714285714286
holdout_seed_bag_v1,spo_lstm_seed46,2025-11-04,50,68,False,7164.614557958074,8813.021451234818,7323.682649823298,0.9782803134063898
holdout_seed_bag_v1,spo_lstm_seed46,2025-11-05,0,28,False,2316.5022591095762,6006.088547408581,5662.824070401962,0.4090719101123594
holdout_seed_bag_v1,spo_lstm_seed46,2025-11-06,50,68,False,303.47010566047226,2134.0305134654045,922.5949328182957,0.3289310344827576
holdout_seed_bag_v1,spo_lstm_seed46,2025-11-07,51,74,False,4078.7285707529454,3211.520701646805,6793.7950222018635,0.6003608524284021
holdout_seed_bag_v1,spo_lstm_seed46,2025-11-08,41,73,False,6983.184673738436,4764.891378581524,8037.637510627493,0.86881060069021
holdout_seed_bag_v1,spo_lstm_seed46,2025-11-09,49,69,False,12211.380634013372,11372.948944568634,12573.171464875311,0.9712251732291534
holdout_seed_bag_v1,spo_lstm_seed46,2025-11-10,49,70,False,10683.77657650937,10201.015174388885,11155.171685390125,0.9577420122096247
holdout_seed_bag_v1,spo_lstm_seed46,2025-11-11,50,69,False,7455.184241368276,4920.783042907715,7485.846206756217,0.9959040081052871
holdout_seed_bag_v1,spo_lstm_seed46,2025-11-12,50,77,False,9591.700954532353,11983.443677425385,10483.503486127383,0.9149327767406062
holdout_seed_bag_v1,spo_lstm_seed46,2025-11-13,50,69,False,9330.03394341406,5300.72146654129,9537.757783219018,0.9782208937859135
holdout_seed_bag_v1,spo_lstm_seed46,2025-11-14,49,69,False,3738.0619824907076,5254.204116761684,3791.572488594169,0.985886988508216
holdout_seed_bag_v1,spo_lstm_seed46,2025-11-15,45,86,False,8008.967077749702,6264.9518102407455,8345.596517840402,0.9596638251836059
holdout_seed_bag_v1,spo_lstm_seed46,2025-11-16,51,75,False,9359.566525349757,4500.630334019661,9645.889090707162,0.9703166226912927
holdout_seed_bag_v1,spo_lstm_seed46,2025-11-17,51,71,False,7080.874751676544,5116.8143004179,7342.5831204987235,0.9643574523396878
holdout_seed_bag_v1,spo_lstm_seed46,2025-11-18,48,68,False,9614.463598478269,10026.351630687714,10104.393321423157,0.9515131975409006
holdout_seed_bag_v1,spo_lstm_seed46,2025-11-19,50,88,False,8716.931434214255,9397.022545337677,10200.934927737997,0.8545227957989914
holdout_seed_bag_v1,spo_lstm_seed46,2025-11-20,51,69,False,8526.049723975988,7234.998360276222,8685.117815841211,0.9816849816849818
holdout_seed_bag_v1,spo_lstm_seed46,2025-11-21,50,67,False,7103.440151188545,7298.805207014084,7103.440151188545,1.0
holdout_seed_bag_v1,spo_lstm_seed46,2025-11-22,45,71,False,6264.524578776868,3527.6272892951965,6264.524578776868,1.0
holdout_seed_bag_v1,spo_lstm_seed46,2025-11-23,44,73,False,5747.464202083447,5678.340300917625,6269.694291762487,0.9167056533577437
holdout_seed_bag_v1,spo_lstm_seed46,2025-11-24,50,70,False,9056.153684202356,7590.714991092682,10017.17946801529,0.9040622375907833
holdout_seed_bag_v1,spo_lstm_seed46,2025-11-25,49,73,False,956.4223532343553,3922.709047794342,1565.2300239538,0.6110426829268294
holdout_seed_bag_v1,spo_lstm_seed46,2025-11-26,51,88,False,4878.472034861892,4689.049459993839,7918.575043866373,0.6160795355018697
holdout_seed_bag_v1,spo_lstm_seed46,2025-11-27,43,72,False,2444.567979870268,4300.747685134411,3235.7981197025892,0.7554760493200839
holdout_seed_bag_v1,spo_lstm_seed46,2025-11-28,50,88,False,4122.787250837774,3351.3902574777603,6405.093051558167,0.6436732796309375
holdout_seed_bag_v1,spo_lstm_seed46,2025-11-29,50,71,False,4827.745220366072,4164.0869081020355,5801.283300285127,0.832185737271061
holdout_seed_bag_v1,spo_lstm_seed46,2025-11-30,50,88,False,10816.630246835208,12000.429689884186,10816.630246835208,1.0
holdout_seed_bag_v1,spo_lstm_seed46,2025-12-01,53,84,False,2438.5902009779697,6189.177423715591,7602.92350373086,0.3207437507139615
holdout_seed_bag_v1,spo_lstm_seed46,2025-12-02,52,73,False,7049.89783146671,5106.873914599419,7113.5250682128,0.9910554561717352
holdout_seed_bag_v1,spo_lstm_seed46,2025-12-03,50,88,False,8323.956894623057,7022.395633161068,9007.2147950591,0.9241432655951711
holdout_seed_bag_v1,spo_lstm_seed46,2025-12-04,49,65,False,11834.666034772637,7906.277179718018,11898.293271518727,0.9946524064171123
holdout_seed_bag_v1,spo_lstm_seed46,2025-12-05,48,88,False,4130.9251744176,3391.838625073433,4598.152699291483,0.8983879928681192
holdout_seed_bag_v1,spo_lstm_seed46,2025-12-06,49,72,False,36.47113210285835,4389.064133167267,1382.2635419667454,0.02638507852921131
holdout_seed_bag_v1,spo_lstm_seed46,2025-12-07,50,77,False,11452.902614296101,11628.319561481476,15016.027872077113,0.7627118644067795
holdout_seed_bag_v1,spo_lstm_seed46,2025-12-08,51,72,False,6320.3383908505375,7079.905599355698,7915.851798133639,0.7984407176926577
holdout_seed_bag_v1,spo_lstm_seed46,2025-12-09,50,68,False,10466.680444731715,9831.796944141388,10593.934918223893,0.9879879879879881
holdout_seed_bag_v1,spo_lstm_seed46,2025-12-10,51,88,False,5212.995413416295,15567.657470703125,7441.205337455161,0.7005579307396324
holdout_seed_bag_v1,spo_lstm_seed46,2025-12-11,49,65,False,3730.353542758916,7458.596408367157,25769.030882166222,0.14476111111111103
holdout_seed_bag_v1,spo_lstm_seed46,2025-12-12,52,71,False,-12359.014911435324,3368.321716785431,9467.73282781811,-1.3053827284946238
holdout_seed_bag_v1,spo_lstm_seed46,2025-12-13,50,69,False,3713.209183817685,6593.098044395447,4825.562806145682,0.7694872770257307
holdout_seed_bag_v1,spo_lstm_seed46,2025-12-14,49,69,False,1623.8338903587862,7372.281834483147,3981.935636852956,0.4078001350223107
holdout_seed_bag_v1,spo_lstm_seed46,2025-12-15,47,84,False,11961.920508264817,16298.754155635834,11961.920508264817,1.0
holdout_seed_bag_v1,spo_lstm_seed46,2025-12-16,51,67,False,9416.831038421238,11293.680667877197,9575.899130286462,0.9833887043189369
holdout_seed_bag_v1,spo_lstm_seed46,2025-12-17,51,69,False,6873.443597160619,5407.48830139637,7365.352127168311,0.9332131686965506
holdout_seed_bag_v1,spo_lstm_seed46,2025-12-18,46,71,False,441.57302301786075,2737.6251816749573,4304.280762294158,0.10258927040403022
holdout_seed_bag_v1,spo_lstm_seed46,2025-12-19,7,70,False,8844.185907706433,7184.719979763031,8844.185907706433,1.0
holdout_seed_bag_v1,spo_lstm_seed46,2025-12-20,51,71,False,9223.693742640322,6845.745787024498,9255.507361013364,0.9965627364192859
holdout_seed_bag_v1,spo_lstm_seed46,2025-12-21,49,70,False,6909.917910625314,4794.755667448044,7005.358765744449,0.986376021798365
holdout_seed_bag_v1,spo_lstm_seed46,2025-12-22,50,69,False,2565.3579261090445,2879.6469420194626,4748.357517077977,0.5402621678933104
holdout_seed_bag_v1,spo_lstm_seed46,2025-12-23,51,68,False,10180.357879374313,9386.215269565582,10434.86682635867,0.9756097560975611
holdout_seed_bag_v1,spo_lstm_seed46,2025-12-24,50,88,False,9596.444365031773,10061.632454395294,9825.502417317695,0.976687395457539
holdout_seed_bag_v1,spo_lstm_seed46,2025-12-25,50,70,False,11091.693972650388,12278.144776821136,11095.330269230428,0.9996722678377475
holdout_seed_bag_v1,spo_lstm_seed46,2025-12-26,51,69,False,4005.9326491917445,10018.09048652649,7346.620268670262,0.5452755828792575
holdout_seed_bag_v1,spo_lstm_seed46,2025-12-27,49,69,False,2349.228928329928,4450.306013226509,7411.580496026182,0.3169673363986937
holdout_seed_bag_v1,spo_lstm_seed46,2025-12-28,51,80,False,8919.1960571064,11217.000424861908,11889.188213940359,0.7501938649308645
holdout_seed_bag_v1,spo_lstm_seed46,2025-12-29,50,72,False,11807.602189622688,15354.824364185333,12388.222994463616,0.9531312275295326
holdout_seed_bag_v1,spo_lstm_seed46,2025-12-30,51,68,False,7380.759462546374,14362.95485496521,31559.10942606037,0.2338709677419354
holdout_seed_bag_v1,spo_lstm_seed46,2025-12-31,49,66,False,3244.9890740505616,12164.877101778984,22576.10161322132,0.1437355806438339
holdout_seed_bag_v1,spo_lstm_mean,2025-11-03,49,86,False,11102.95281219261,17078.94414663315,13361.719716678786,0.830952380952381
holdout_seed_bag_v1,spo_lstm_mean,2025-11-04,50,68,False,7164.614557958074,8507.757657766342,7323.682649823298,0.9782803134063898
holdout_seed_bag_v1,spo_lstm_mean,2025-11-05,0,33,False,3927.8620297042917,4913.930522836745,5662.824070401962,0.6936224719101122
holdout_seed_bag_v1,spo_lstm_mean,2025-11-06,51,68,False,335.28372403351716,1926.3186546042562,922.5949328182957,0.3634137931034475
holdout_seed_bag_v1,spo_lstm_mean,2025-11-07,53,74,False,3897.9985861375153,2672.3360955715184,6793.7950222018635,0.5737586390815449
holdout_seed_bag_v1,spo_lstm_mean,2025-11-08,48,75,False,7196.889473797526,4223.715325444937,8037.637510627493,0.8953986123760476
holdout_seed_bag_v1,spo_lstm_mean,2025-11-09,50,69,False,12217.29478566892,12378.224229812622,12573.171464875311,0.9716955518978981
holdout_seed_bag_v1,spo_lstm_mean,2025-11-10,49,69,False,10683.77657650937,10062.359184026718,11155.171685390125,0.9577420122096247
holdout_seed_bag_v1,spo_lstm_mean,2025-11-11,51,69,False,7459.695412453574,4390.935875475407,7485.846206756217,0.996506634843895
holdout_seed_bag_v1,spo_lstm_mean,2025-11-12,49,72,False,9916.308028239879,11835.135114192963,10483.503486127383,0.9458963829565122
holdout_seed_bag_v1,spo_lstm_mean,2025-11-13,50,69,False,9330.03394341406,4766.210001707077,9537.757783219018,0.9782208937859135
holdout_seed_bag_v1,spo_lstm_mean,2025-11-14,50,69,False,3738.0619824907076,4540.475422330201,3791.572488594169,0.985886988508216
holdout_seed_bag_v1,spo_lstm_mean,2025-11-15,49,87,False,8164.637475172686,6111.896527558565,8345.596517840402,0.9783168234552342
holdout_seed_bag_v1,spo_lstm_mean,2025-11-16,47,75,False,9359.566525349757,4334.119506180286,9645.889090707162,0.9703166226912927
holdout_seed_bag_v1,spo_lstm_mean,2025-11-17,51,71,False,7080.874751676544,4481.851167976856,7342.5831204987235,0.9643574523396878
holdout_seed_bag_v1,spo_lstm_mean,2025-11-18,48,68,False,9614.463598478269,9994.54928636551,10104.393321423157,0.9515131975409006
holdout_seed_bag_v1,spo_lstm_mean,2025-11-19,49,88,False,8716.931434214255,10111.012810468672,10200.934927737997,0.8545227957989914
holdout_seed_bag_v1,spo_lstm_mean,2025-11-20,52,69,False,8526.049723975988,6132.79879167676,8685.117815841211,0.9816849816849818
holdout_seed_bag_v1,spo_lstm_mean,2025-11-21,50,68,False,6683.354046019838,6318.553219735623,7103.440151188545,0.9408615971659283
holdout_seed_bag_v1,spo_lstm_mean,2025-11-22,48,71,False,6264.524578776868,3118.331080675124,6264.524578776868,1.0
holdout_seed_bag_v1,spo_lstm_mean,2025-11-23,48,72,False,4067.7051519866845,5246.727141365409,6269.694291762487,0.6487884357186422
holdout_seed_bag_v1,spo_lstm_mean,2025-11-24,50,70,False,9056.153684202356,7195.280326902866,10017.17946801529,0.9040622375907833
holdout_seed_bag_v1,spo_lstm_mean,2025-11-25,47,73,False,956.4223532343553,3568.902400135994,1565.2300239538,0.6110426829268294
holdout_seed_bag_v1,spo_lstm_mean,2025-11-26,51,88,False,4878.472034861892,4734.120479226112,7918.575043866373,0.6160795355018697
holdout_seed_bag_v1,spo_lstm_mean,2025-11-27,46,72,False,2444.567979870268,4237.784089148045,3235.7981197025892,0.7554760493200839
holdout_seed_bag_v1,spo_lstm_mean,2025-11-28,50,70,False,1986.4264244037258,2720.157462358475,6405.093051558167,0.31013232882237174
holdout_seed_bag_v1,spo_lstm_mean,2025-11-29,51,71,False,4827.745220366072,3820.0196832418446,5801.283300285127,0.832185737271061
holdout_seed_bag_v1,spo_lstm_mean,2025-11-30,50,88,False,10816.630246835208,11872.23648428917,10816.630246835208,1.0
holdout_seed_bag_v1,spo_lstm_mean,2025-12-01,54,84,False,2903.069029224422,5109.730135649443,7602.92350373086,0.3818358856037215
holdout_seed_bag_v1,spo_lstm_mean,2025-12-02,52,73,False,7049.89783146671,4465.801799297333,7113.5250682128,0.9910554561717352
holdout_seed_bag_v1,spo_lstm_mean,2025-12-03,51,88,False,8323.956894623057,6576.69178918004,9007.2147950591,0.9241432655951711
holdout_seed_bag_v1,spo_lstm_mean,2025-12-04,50,65,False,11492.100173493527,6835.632941126823,11898.293271518727,0.9658612299465239
holdout_seed_bag_v1,spo_lstm_mean,2025-12-05,49,72,False,3632.4248626830126,2879.5720040798187,4598.152699291483,0.7899748225505262
holdout_seed_bag_v1,spo_lstm_mean,2025-12-06,52,72,False,36.47113210285835,3802.6241913437843,1382.2635419667454,0.02638507852921131
holdout_seed_bag_v1,spo_lstm_mean,2025-12-07,50,71,False,10275.798734493448,12178.070402145388,15016.027872077113,0.684322033898305
holdout_seed_bag_v1,spo_lstm_mean,2025-12-08,50,72,False,6320.3383908505375,6429.966163635255,7915.851798133639,0.7984407176926577
holdout_seed_bag_v1,spo_lstm_mean,2025-12-09,50,68,False,10466.680444731715,8956.585866212845,10593.934918223893,0.9879879879879881
holdout_seed_bag_v1,spo_lstm_mean,2025-12-10,51,88,False,5212.995413416295,14540.478920936583,7441.205337455161,0.7005579307396324
holdout_seed_bag_v1,spo_lstm_mean,2025-12-11,50,66,False,6116.374920737272,6442.3801228404045,25769.030882166222,0.2373537037037037
holdout_seed_bag_v1,spo_lstm_mean,2025-12-12,52,71,False,-12359.014911435324,2878.292211890221,9467.73282781811,-1.3053827284946238
holdout_seed_bag_v1,spo_lstm_mean,2025-12-13,51,69,False,3713.209183817685,6113.660734333098,4825.562806145682,0.7694872770257307
holdout_seed_bag_v1,spo_lstm_mean,2025-12-14,50,69,False,1623.8338903587862,7212.138849496842,3981.935636852956,0.4078001350223107
holdout_seed_bag_v1,spo_lstm_mean,2025-12-15,47,69,False,11866.479653145681,14707.60415792465,11961.920508264817,0.9920212765957446
holdout_seed_bag_v1,spo_lstm_mean,2025-12-16,51,67,False,9416.831038421238,10833.672893047333,9575.899130286462,0.9833887043189369
holdout_seed_bag_v1,spo_lstm_mean,2025-12-17,50,70,False,6682.561886922351,5452.952688932419,7365.352127168311,0.9072969997283122
holdout_seed_bag_v1,spo_lstm_mean,2025-12-18,47,72,False,409.38718530985153,2999.895188212395,4304.280762294158,0.09511163604756359
holdout_seed_bag_v1,spo_lstm_mean,2025-12-19,7,69,False,8844.185907706433,7701.941287517548,8844.185907706433,1.0
holdout_seed_bag_v1,spo_lstm_mean,2025-12-20,51,71,False,9223.693742640322,7484.312024712563,9255.507361013364,0.9965627364192859
holdout_seed_bag_v1,spo_lstm_mean,2025-12-21,50,70,False,6909.917910625314,4885.833443701267,7005.358765744449,0.986376021798365
holdout_seed_bag_v1,spo_lstm_mean,2025-12-22,50,69,False,2565.3579261090445,3098.5709697008133,4748.357517077977,0.5402621678933104
holdout_seed_bag_v1,spo_lstm_mean,2025-12-23,50,67,False,10434.86682635867,10436.659902334213,10434.86682635867,1.0
holdout_seed_bag_v1,spo_lstm_mean,2025-12-24,50,88,False,9596.444365031773,10841.293078660965,9825.502417317695,0.976687395457539
holdout_seed_bag_v1,spo_lstm_mean,2025-12-25,50,69,False,11028.066735904298,13267.050850391388,11095.330269230428,0.993937671822833
holdout_seed_bag_v1,spo_lstm_mean,2025-12-26,50,69,False,4070.7592593504983,10300.385916233061,7346.620268670262,0.5540995873585972
holdout_seed_bag_v1,spo_lstm_mean,2025-12-27,51,69,False,2390.586632214886,4615.083044767381,7411.580496026182,0.3225474827530553
holdout_seed_bag_v1,spo_lstm_mean,2025-12-28,52,72,False,11761.933740448181,12205.01594543457,11889.188213940359,0.9892966221745091
holdout_seed_bag_v1,spo_lstm_mean,2025-12-29,50,86,False,11034.531263157704,14668.008410930632,12388.222994463616,0.8907275295326144
holdout_seed_bag_v1,spo_lstm_mean,2025-12-30,51,68,False,7380.759462546374,13568.885618448256,31559.10942606037,0.2338709677419354
holdout_seed_bag_v1,spo_lstm_mean,2025-12-31,49,66,False,3244.9890740505616,10453.22226639837,22576.10161322132,0.1437355806438339
holdout_seed_bag_v1,window_ce_lstm_seed42,2025-11-03,53,88,False,13361.719716678786,18680.798292160034,13361.719716678786,1.0
holdout_seed_bag_v1,window_ce_lstm_seed42,2025-11-04,50,66,False,6973.732847719805,7765.673369169235,7323.682649823298,0.9522166894940572
holdout_seed_bag_v1,window_ce_lstm_seed42,2025-11-05,0,33,False,3927.8620297042917,5090.411767363548,5662.824070401962,0.6936224719101122
holdout_seed_bag_v1,window_ce_lstm_seed42,2025-11-06,47,62,False,636.2723674608936,1260.0371427834034,922.5949328182957,0.6896551724137931
holdout_seed_bag_v1,window_ce_lstm_seed42,2025-11-07,54,77,False,4362.292895397404,2607.1075201034546,6793.7950222018635,0.6420995748534651
holdout_seed_bag_v1,window_ce_lstm_seed42,2025-11-08,52,88,False,7844.821532392142,4737.289872020483,8037.637510627493,0.9760108641400653
holdout_seed_bag_v1,window_ce_lstm_seed42,2025-11-09,54,68,False,11743.729988015128,10273.650705814362,12573.171464875311,0.9340308466183469
holdout_seed_bag_v1,window_ce_lstm_seed42,2025-11-10,51,69,False,10590.489503354092,7320.374131202698,11155.171685390125,0.9493793374085319
holdout_seed_bag_v1,window_ce_lstm_seed42,2025-11-11,49,71,False,7316.425963472406,3014.7362798452377,7485.846206756217,0.9773679235981493
holdout_seed_bag_v1,window_ce_lstm_seed42,2025-11-12,52,84,False,9645.290994681747,10148.072242736816,10483.503486127383,0.9200446212895501
holdout_seed_bag_v1,window_ce_lstm_seed42,2025-11-13,51,70,False,9146.45027723057,3947.274222970009,9537.757783219018,0.9589727989657144
holdout_seed_bag_v1,window_ce_lstm_seed42,2025-11-14,52,69,False,3738.0619824907076,4560.559496283531,3791.572488594169,0.985886988508216
holdout_seed_bag_v1,window_ce_lstm_seed42,2025-11-15,42,88,False,8043.08082073112,6265.561461448669,8345.596517840402,0.9637514590523765
holdout_seed_bag_v1,window_ce_lstm_seed42,2025-11-16,42,88,False,7319.7663934015745,4332.474492490292,9645.889090707162,0.758848284960422
holdout_seed_bag_v1,window_ce_lstm_seed42,2025-11-17,49,73,False,7303.570080287859,3232.7455431222916,7342.5831204987235,0.9946867417677644
holdout_seed_bag_v1,window_ce_lstm_seed42,2025-11-18,51,67,False,10104.393321423157,7933.164358139038,10104.393321423157,1.0
holdout_seed_bag_v1,window_ce_lstm_seed42,2025-11-19,52,88,False,8716.931434214255,9477.285087108612,10200.934927737997,0.8545227957989914
holdout_seed_bag_v1,window_ce_lstm_seed42,2025-11-20,53,67,False,8271.540776991627,5307.532019913197,8685.117815841211,0.9523809523809521
holdout_seed_bag_v1,window_ce_lstm_seed42,2025-11-21,52,67,False,7103.440151188545,5159.518137574196,7103.440151188545,1.0
holdout_seed_bag_v1,window_ce_lstm_seed42,2025-11-22,44,88,False,2126.702211895992,3565.0073513388634,6264.524578776868,0.3394834173212271
holdout_seed_bag_v1,window_ce_lstm_seed42,2025-11-23,42,88,False,862.7853302769729,4910.017788410187,6269.694291762487,0.13761202542372022
holdout_seed_bag_v1,window_ce_lstm_seed42,2025-11-24,42,70,False,9056.153684202356,5763.302758336067,10017.17946801529,0.9040622375907833
holdout_seed_bag_v1,window_ce_lstm_seed42,2025-11-25,45,88,False,1.9151798260572672,3289.845809340477,1565.2300239538,0.001223577235772342
holdout_seed_bag_v1,window_ce_lstm_seed42,2025-11-26,46,88,False,4878.472034861892,4775.992996990681,7918.575043866373,0.6160795355018697
holdout_seed_bag_v1,window_ce_lstm_seed42,2025-11-27,54,88,False,1185.0318335012175,3937.5396445393562,3235.7981197025892,0.36622551520925445
holdout_seed_bag_v1,window_ce_lstm_seed42,2025-11-28,54,88,False,4115.587828999955,2098.9204347133636,6405.093051558167,0.6425492644480404
holdout_seed_bag_v1,window_ce_lstm_seed42,2025-11-29,2,25,False,2524.7096659138056,3694.3074241280556,5801.283300285127,0.43519847854865473
holdout_seed_bag_v1,window_ce_lstm_seed42,2025-11-30,52,88,False,10816.630246835208,12664.765536785126,10816.630246835208,1.0
holdout_seed_bag_v1,window_ce_lstm_seed42,2025-12-01,0,21,False,1529.4397032841243,4797.930836677551,7602.92350373086,0.20116468389213796
holdout_seed_bag_v1,window_ce_lstm_seed42,2025-12-02,52,88,False,6215.23573983151,3931.619092822075,7113.5250682128,0.8737209302325583
holdout_seed_bag_v1,window_ce_lstm_seed42,2025-12-03,52,88,False,8323.956894623057,6308.962948620319,9007.2147950591,0.9241432655951711
holdout_seed_bag_v1,window_ce_lstm_seed42,2025-12-04,50,66,False,11492.100173493527,4482.8508123755455,11898.293271518727,0.9658612299465239
holdout_seed_bag_v1,window_ce_lstm_seed42,2025-12-05,55,88,False,4130.9251744176,2603.1885147094727,4598.152699291483,0.8983879928681192
holdout_seed_bag_v1,window_ce_lstm_seed42,2025-12-06,54,88,False,1382.2635419667454,3806.060642004013,1382.2635419667454,1.0
holdout_seed_bag_v1,window_ce_lstm_seed42,2025-12-07,52,76,False,11262.020904057832,10112.837612628937,15016.027872077113,0.7499999999999998
holdout_seed_bag_v1,window_ce_lstm_seed42,2025-12-08,52,88,False,7876.806944304402,5603.778921067715,7915.851798133639,0.9950675107587988
holdout_seed_bag_v1,window_ce_lstm_seed42,2025-12-09,51,67,False,10434.86682635867,7251.045376062393,10593.934918223893,0.984984984984985
holdout_seed_bag_v1,window_ce_lstm_seed42,2025-12-10,51,88,False,5212.995413416295,16758.28504562378,7441.205337455161,0.7005579307396324
holdout_seed_bag_v1,window_ce_lstm_seed42,2025-12-11,50,63,False,6154.236307963032,5812.775060534477,25769.030882166222,0.23882296296296296
holdout_seed_bag_v1,window_ce_lstm_seed42,2025-12-12,53,69,False,-11244.29753726221,1820.1229572296143,9467.73282781811,-1.1876441532258064
holdout_seed_bag_v1,window_ce_lstm_seed42,2025-12-13,51,68,False,3713.209183817685,5356.180131435394,4825.562806145682,0.7694872770257307
holdout_seed_bag_v1,window_ce_lstm_seed42,2025-12-14,51,67,False,3106.9179703115483,6028.17776799202,3981.935636852956,0.7802531868061633
holdout_seed_bag_v1,window_ce_lstm_seed42,2025-12-15,48,88,False,11834.666034772637,15045.385003089905,11961.920508264817,0.9893617021276595
holdout_seed_bag_v1,window_ce_lstm_seed42,2025-12-16,50,65,False,9512.271893540372,12338.119208812714,9575.899130286462,0.9933554817275747
holdout_seed_bag_v1,window_ce_lstm_seed42,2025-12-17,50,70,False,6682.561886922351,4386.452451348305,7365.352127168311,0.9072969997283122
holdout_seed_bag_v1,window_ce_lstm_seed42,2025-12-18,45,88,False,40.31739856415961,2084.291398525238,4304.280762294158,0.009366814292725333
holdout_seed_bag_v1,window_ce_lstm_seed42,2025-12-19,4,75,False,8166.237700176851,6605.594515800476,8844.185907706433,0.9233453237410073
holdout_seed_bag_v1,window_ce_lstm_seed42,2025-12-20,54,70,False,9223.69374264032,6110.171675682068,9255.507361013364,0.9965627364192857
holdout_seed_bag_v1,window_ce_lstm_seed42,2025-12-21,42,88,False,3227.879710089538,4388.680920004845,7005.358765744449,0.46077293369663935
holdout_seed_bag_v1,window_ce_lstm_seed42,2025-12-22,49,69,False,2320.847999379335,2015.7005786895752,4748.357517077977,0.4887685880922311
holdout_seed_bag_v1,window_ce_lstm_seed42,2025-12-23,51,67,False,10434.86682635867,9383.97553563118,10434.86682635867,1.0
holdout_seed_bag_v1,window_ce_lstm_seed42,2025-12-24,53,88,False,9596.444365031773,10925.38332939148,9825.502417317695,0.976687395457539
holdout_seed_bag_v1,window_ce_lstm_seed42,2025-12-25,53,69,False,10981.994253776455,12275.312721729279,11095.330269230428,0.9897852508484334
holdout_seed_bag_v1,window_ce_lstm_seed42,2025-12-26,51,67,False,4414.365425950403,10739.449381828308,7346.620268670262,0.6008702320950914
holdout_seed_bag_v1,window_ce_lstm_seed42,2025-12-27,49,70,False,3086.7513176248744,4023.13394844532,7411.580496026182,0.4164767986099426
holdout_seed_bag_v1,window_ce_lstm_seed42,2025-12-28,53,88,False,9542.195782982059,12501.392543315887,11889.188213940359,0.802594391751121
holdout_seed_bag_v1,window_ce_lstm_seed42,2025-12-29,51,88,False,11098.4066461271,21708.166301250458,12388.222994463616,0.8958836671802772
holdout_seed_bag_v1,window_ce_lstm_seed42,2025-12-30,53,68,False,6998.996042069837,17265.885144472122,31559.10942606037,0.22177419354838698
holdout_seed_bag_v1,window_ce_lstm_seed42,2025-12-31,51,67,False,3308.6163107966477,8784.898087382317,22576.10161322132,0.1465539253623403
holdout_seed_bag_v1,window_ce_lstm_seed43,2025-11-03,47,88,False,13361.719716678786,25342.64373779297,13361.719716678786,1.0
holdout_seed_bag_v1,window_ce_lstm_seed43,2025-11-04,49,67,False,6878.291992600669,5807.382524013519,7323.682649823298,0.9391848775378907
holdout_seed_bag_v1,window_ce_lstm_seed43,2025-11-05,0,34,False,3947.421042280041,5927.798673510551,5662.824070401962,0.6970764044943821
holdout_seed_bag_v1,window_ce_lstm_seed43,2025-11-06,27,38,False,-126.28733949363813,1071.7768669128418,922.5949328182957,-0.13688275862068963
holdout_seed_bag_v1,window_ce_lstm_seed43,2025-11-07,54,75,False,4330.479277024359,3138.470523059368,6793.7950222018635,0.6374168285726193
holdout_seed_bag_v1,window_ce_lstm_seed43,2025-11-08,38,77,False,7159.7279861759735,5693.0832862854,8037.637510627493,0.8907751782422717
holdout_seed_bag_v1,window_ce_lstm_seed43,2025-11-09,40,68,False,11763.689852182375,8745.625436306,12573.171464875311,0.9356183429968865
holdout_seed_bag_v1,window_ce_lstm_seed43,2025-11-10,44,70,False,10715.78425795449,7402.838438749313,11155.171685390125,0.9606113254167932
holdout_seed_bag_v1,window_ce_lstm_seed43,2025-11-11,49,70,False,7386.415923893103,4092.9180830717087,7485.846206756217,0.9867175627020798
holdout_seed_bag_v1,window_ce_lstm_seed43,2025-11-12,39,69,False,10396.63003843611,10155.106484889984,10483.503486127383,0.9917133191393286
holdout_seed_bag_v1,window_ce_lstm_seed43,2025-11-13,51,69,False,9330.03394341406,4209.518291056156,9537.757783219018,0.9782208937859135
holdout_seed_bag_v1,window_ce_lstm_seed43,2025-11-14,51,70,False,3629.0907954775175,5007.57797062397,3791.572488594169,0.9571466209322307
holdout_seed_bag_v1,window_ce_lstm_seed43,2025-11-15,51,74,False,8207.18182702296,5696.536183357239,8345.596517840402,0.9834146438158671
holdout_seed_bag_v1,window_ce_lstm_seed43,2025-11-16,45,88,False,7319.7663934015745,4751.644507050514,9645.889090707162,0.758848284960422
holdout_seed_bag_v1,window_ce_lstm_seed43,2025-11-17,48,73,False,7303.570080287859,4215.598464012146,7342.5831204987235,0.9946867417677644
holdout_seed_bag_v1,window_ce_lstm_seed43,2025-11-18,44,68,False,9586.232193534028,8169.303447008133,10104.393321423157,0.9487192242615365
holdout_seed_bag_v1,window_ce_lstm_seed43,2025-11-19,45,88,False,8716.931434214255,8685.38036942482,10200.934927737997,0.8545227957989914
holdout_seed_bag_v1,window_ce_lstm_seed43,2025-11-20,50,68,False,8462.422487229898,4903.838910162449,8685.117815841211,0.9743589743589743
holdout_seed_bag_v1,window_ce_lstm_seed43,2025-11-21,49,67,False,7103.440151188545,4539.057672023773,7103.440151188545,1.0
holdout_seed_bag_v1,window_ce_lstm_seed43,2025-11-22,55,88,False,2126.702211895992,3710.252396762371,6264.524578776868,0.3394834173212271
holdout_seed_bag_v1,window_ce_lstm_seed43,2025-11-23,45,88,False,862.7853302769729,4897.585503757,6269.694291762487,0.13761202542372022
holdout_seed_bag_v1,window_ce_lstm_seed43,2025-11-24,46,70,False,9056.153684202356,5622.05283343792,10017.17946801529,0.9040622375907833
holdout_seed_bag_v1,window_ce_lstm_seed43,2025-11-25,40,76,False,1565.2300239538,3807.989716529846,1565.2300239538,1.0
holdout_seed_bag_v1,window_ce_lstm_seed43,2025-11-26,51,88,False,4878.472034861892,5058.078043162823,7918.575043866373,0.6160795355018697
holdout_seed_bag_v1,window_ce_lstm_seed43,2025-11-27,41,72,False,2444.567979870268,4549.720622599125,3235.7981197025892,0.7554760493200839
holdout_seed_bag_v1,window_ce_lstm_seed43,2025-11-28,52,88,False,4115.587828999955,2823.175184428692,6405.093051558167,0.6425492644480404
holdout_seed_bag_v1,window_ce_lstm_seed43,2025-11-29,52,70,False,4895.606849717615,3264.249786734581,5801.283300285127,0.8438834299778122
holdout_seed_bag_v1,window_ce_lstm_seed43,2025-11-30,40,88,False,10816.630246835208,9017.179399728775,10816.630246835208,1.0
holdout_seed_bag_v1,window_ce_lstm_seed43,2025-12-01,0,17,False,2194.344327280758,6289.443165063858,7602.92350373086,0.28861849342610946
holdout_seed_bag_v1,window_ce_lstm_seed43,2025-12-02,51,88,False,6215.23573983151,3974.9119356274605,7113.5250682128,0.8737209302325583
holdout_seed_bag_v1,window_ce_lstm_seed43,2025-12-03,49,88,False,8323.956894623057,6796.260632574558,9007.2147950591,0.9241432655951711
holdout_seed_bag_v1,window_ce_lstm_seed43,2025-12-04,0,27,False,349.9498021034917,5015.042193233967,11898.293271518727,0.02941176470588233
holdout_seed_bag_v1,window_ce_lstm_seed43,2025-12-05,45,88,False,4130.9251744176,3705.6272327899933,4598.152699291483,0.8983879928681192
holdout_seed_bag_v1,window_ce_lstm_seed43,2025-12-06,55,75,False,9.544085511913325,4607.3290929198265,1382.2635419667454,0.006904678610226224
holdout_seed_bag_v1,window_ce_lstm_seed43,2025-12-07,48,77,False,11452.902614296101,8281.138002872467,15016.027872077113,0.7627118644067795
holdout_seed_bag_v1,window_ce_lstm_seed43,2025-12-08,46,88,False,7876.806944304402,5653.47009152174,7915.851798133639,0.9950675107587988
holdout_seed_bag_v1,window_ce_lstm_seed43,2025-12-09,49,69,False,10212.171497747358,7363.622277975082,10593.934918223893,0.9639639639639642
holdout_seed_bag_v1,window_ce_lstm_seed43,2025-12-10,50,88,False,4094.027739828541,10456.661194562912,7441.205337455161,0.5501834117144078
holdout_seed_bag_v1,window_ce_lstm_seed43,2025-12-11,49,64,False,5339.807677613087,3784.121572971344,25769.030882166222,0.20721802469135803
holdout_seed_bag_v1,window_ce_lstm_seed43,2025-12-12,0,19,False,-12220.60976470339,730.8387607336044,9467.73282781811,-1.2907641129032255
holdout_seed_bag_v1,window_ce_lstm_seed43,2025-12-13,51,71,False,3493.1352973603102,5701.193138957024,4825.562806145682,0.723881428485723
holdout_seed_bag_v1,window_ce_lstm_seed43,2025-12-14,43,69,False,1623.8338903587862,6095.111206173897,3981.935636852956,0.4078001350223107
holdout_seed_bag_v1,window_ce_lstm_seed43,2025-12-15,45,88,False,11834.666034772637,14138.479709625244,11961.920508264817,0.9893617021276595
holdout_seed_bag_v1,window_ce_lstm_seed43,2025-12-16,51,66,False,9480.458275167328,7685.792148113251,9575.899130286462,0.9900332225913622
holdout_seed_bag_v1,window_ce_lstm_seed43,2025-12-17,47,71,False,6396.239321564947,5794.1852658987045,7365.352127168311,0.8684227462759544
holdout_seed_bag_v1,window_ce_lstm_seed43,2025-12-18,47,71,False,441.57302301786075,3371.726617217064,4304.280762294158,0.10258927040403022
holdout_seed_bag_v1,window_ce_lstm_seed43,2025-12-19,7,67,False,8812.372289333387,6197.0072984695435,8844.185907706433,0.9964028776978416
holdout_seed_bag_v1,window_ce_lstm_seed43,2025-12-20,53,70,False,9223.69374264032,6128.627792000771,9255.507361013364,0.9965627364192857
holdout_seed_bag_v1,window_ce_lstm_seed43,2025-12-21,49,69,False,6050.950214553106,4475.520268082619,7005.358765744449,0.8637602179836511
holdout_seed_bag_v1,window_ce_lstm_seed43,2025-12-22,49,69,False,2320.847999379335,2865.77171087265,4748.357517077977,0.4887685880922311
holdout_seed_bag_v1,window_ce_lstm_seed43,2025-12-23,5,67,False,9598.423172094577,7591.221988201141,10434.86682635867,0.9198414634146341
holdout_seed_bag_v1,window_ce_lstm_seed43,2025-12-24,48,88,False,9596.444365031773,9913.29351067543,9825.502417317695,0.976687395457539
holdout_seed_bag_v1,window_ce_lstm_seed43,2025-12-25,47,69,False,10632.171706146455,10742.142498493195,11095.330269230428,0.9582564419584333
holdout_seed_bag_v1,window_ce_lstm_seed43,2025-12-26,49,88,False,3082.6091845127035,8306.783884763718,7346.620268670262,0.41959555166591667
holdout_seed_bag_v1,window_ce_lstm_seed43,2025-12-27,55,70,False,3119.862931627539,3641.0417705774307,7411.580496026182,0.4209443496296499
holdout_seed_bag_v1,window_ce_lstm_seed43,2025-12-28,44,88,False,9509.577280064177,9470.771044492722,11889.188213940359,0.7998508484300021
holdout_seed_bag_v1,window_ce_lstm_seed43,2025-12-29,49,88,False,11056.1072591383,14616.127371788025,12388.222994463616,0.8924691833590138
holdout_seed_bag_v1,window_ce_lstm_seed43,2025-12-30,50,68,False,7667.082027903777,13031.625837087631,31559.10942606037,0.2429435483870967
holdout_seed_bag_v1,window_ce_lstm_seed43,2025-12-31,49,65,False,2926.852890320113,5266.835518181324,22576.10161322132,0.1296438570513011
holdout_seed_bag_v1,window_ce_lstm_seed44,2025-11-03,52,88,False,13361.719716678786,19741.970419883728,13361.719716678786,1.0
holdout_seed_bag_v1,window_ce_lstm_seed44,2025-11-04,49,67,False,6878.291992600669,5327.932894229889,7323.682649823298,0.9391848775378907
holdout_seed_bag_v1,window_ce_lstm_seed44,2025-11-05,0,37,False,2007.875165910832,4810.087829828262,5662.824070401962,0.35457134831460657
holdout_seed_bag_v1,window_ce_lstm_seed44,2025-11-06,55,66,False,486.07073103623753,568.7981098890305,922.5949328182957,0.5268517241379308
holdout_seed_bag_v1,window_ce_lstm_seed44,2025-11-07,50,76,False,3941.930011748852,4101.3665571808815,6793.7950222018635,0.5802250434207648
holdout_seed_bag_v1,window_ce_lstm_seed44,2025-11-08,50,73,False,7172.224375472904,4897.776998579502,8037.637510627493,0.8923299123641337
holdout_seed_bag_v1,window_ce_lstm_seed44,2025-11-09,53,68,False,11737.55178332708,10859.402894973755,12573.171464875311,0.9335394666427133
holdout_seed_bag_v1,window_ce_lstm_seed44,2025-11-10,46,68,False,10575.540284080598,7679.477691650391,11155.171685390125,0.9480392218374669
holdout_seed_bag_v1,window_ce_lstm_seed44,2025-11-11,49,70,False,7386.415923893103,4842.467717826366,7485.846206756217,0.9867175627020798
holdout_seed_bag_v1,window_ce_lstm_seed44,2025-11-12,51,88,False,9579.39544694566,10756.020545959473,10483.503486127383,0.9137589794882873
holdout_seed_bag_v1,window_ce_lstm_seed44,2025-11-13,51,70,False,9146.45027723057,5233.017027378082,9537.757783219018,0.9589727989657144
holdout_seed_bag_v1,window_ce_lstm_seed44,2025-11-14,50,71,False,3167.946034436559,5351.0898649692535,3791.572488594169,0.8355230037052945
holdout_seed_bag_v1,window_ce_lstm_seed44,2025-11-15,50,86,False,8012.485663941762,6430.646970868111,8345.596517840402,0.96008543509304
holdout_seed_bag_v1,window_ce_lstm_seed44,2025-11-16,43,80,False,9480.458275167328,5470.227316021919,9645.889090707162,0.9828496042216357
holdout_seed_bag_v1,window_ce_lstm_seed44,2025-11-17,49,72,False,7271.756461914814,5243.247218430042,7342.5831204987235,0.990353986135182
holdout_seed_bag_v1,window_ce_lstm_seed44,2025-11-18,50,67,False,10104.393321423157,8737.973839044571,10104.393321423157,1.0
holdout_seed_bag_v1,window_ce_lstm_seed44,2025-11-19,45,88,False,8716.931434214255,8735.703259706497,10200.934927737997,0.8545227957989914
holdout_seed_bag_v1,window_ce_lstm_seed44,2025-11-20,54,68,False,8462.422487229898,5368.238136172295,8685.117815841211,0.9743589743589743
holdout_seed_bag_v1,window_ce_lstm_seed44,2025-11-21,51,81,False,2728.806753224236,4125.46281516552,7103.440151188545,0.3841528463877679
holdout_seed_bag_v1,window_ce_lstm_seed44,2025-11-22,43,73,False,5774.731654390983,5037.019766867161,6264.524578776868,0.9218148291659323
holdout_seed_bag_v1,window_ce_lstm_seed44,2025-11-23,44,80,False,5666.12950535092,6214.849516749382,6269.694291762487,0.9037329798991048
holdout_seed_bag_v1,window_ce_lstm_seed44,2025-11-24,49,69,False,9558.070778550207,5686.652801930904,10017.17946801529,0.9541678682176943
holdout_seed_bag_v1,window_ce_lstm_seed44,2025-11-25,42,75,False,1395.8924960777576,4836.208298802376,1565.2300239538,0.8918130081300814
holdout_seed_bag_v1,window_ce_lstm_seed44,2025-11-26,47,79,False,7693.910452277767,4908.87775272131,7918.575043866373,0.9716281540120494
holdout_seed_bag_v1,window_ce_lstm_seed44,2025-11-27,45,78,False,1665.6974307758755,4988.532938063145,3235.7981197025892,0.5147717407441272
holdout_seed_bag_v1,window_ce_lstm_seed44,2025-11-28,47,72,False,3056.8274281831887,4582.224033772945,6405.093051558167,0.4772494956087413
holdout_seed_bag_v1,window_ce_lstm_seed44,2025-11-29,50,74,False,4712.064541238007,6033.4915071725845,5801.283300285127,0.8122452046095412
holdout_seed_bag_v1,window_ce_lstm_seed44,2025-11-30,52,88,False,10816.630246835208,11267.369508743286,10816.630246835208,1.0
holdout_seed_bag_v1,window_ce_lstm_seed44,2025-12-01,0,20,False,1529.4397032841243,4028.969921171665,7602.92350373086,0.20116468389213796
holdout_seed_bag_v1,window_ce_lstm_seed44,2025-12-02,49,74,False,7113.5250682128,5241.657309234142,7113.5250682128,1.0
holdout_seed_bag_v1,window_ce_lstm_seed44,2025-12-03,51,70,False,8258.81532964241,6217.568330466747,9007.2147950591,0.9169111115428018
holdout_seed_bag_v1,window_ce_lstm_seed44,2025-12-04,0,29,False,381.76342047653833,3468.057155609131,11898.293271518727,0.03208556149732634
holdout_seed_bag_v1,window_ce_lstm_seed44,2025-12-05,43,74,False,3714.045881980896,4910.41025519371,4598.152699291483,0.8077256509017595
holdout_seed_bag_v1,window_ce_lstm_seed44,2025-12-06,44,74,False,9.544085511913325,5567.212089896202,1382.2635419667454,0.006904678610226224
holdout_seed_bag_v1,window_ce_lstm_seed44,2025-12-07,53,68,False,10212.171497747358,10436.70129776001,15016.027872077113,0.6800847457627118
holdout_seed_bag_v1,window_ce_lstm_seed44,2025-12-08,46,73,False,6172.475055376301,6358.22357237339,7915.851798133639,0.7797613210534862
holdout_seed_bag_v1,window_ce_lstm_seed44,2025-12-09,51,68,False,10466.680444731715,7758.298724889755,10593.934918223893,0.9879879879879881
holdout_seed_bag_v1,window_ce_lstm_seed44,2025-12-10,48,88,False,2860.5310400978274,13934.00463461876,7441.205337455161,0.38441769987173996
holdout_seed_bag_v1,window_ce_lstm_seed44,2025-12-11,51,64,False,5339.807677613087,3790.4885560274124,25769.030882166222,0.20721802469135803
holdout_seed_bag_v1,window_ce_lstm_seed44,2025-12-12,55,73,False,-9394.211555758002,1713.866487145424,9467.73282781811,-0.9922345430107524
holdout_seed_bag_v1,window_ce_lstm_seed44,2025-12-13,50,81,False,2551.4521935181865,6089.802004396915,4825.562806145682,0.5287367082382057
holdout_seed_bag_v1,window_ce_lstm_seed44,2025-12-14,51,70,False,596.4162663631441,6766.281470656395,3981.935636852956,0.14978048887663836
holdout_seed_bag_v1,window_ce_lstm_seed44,2025-12-15,49,88,False,11675.597942907412,16693.817496299744,11961.920508264817,0.9760638297872338
holdout_seed_bag_v1,window_ce_lstm_seed44,2025-12-16,51,67,False,9416.831038421238,7644.243806600571,9575.899130286462,0.9833887043189369
holdout_seed_bag_v1,window_ce_lstm_seed44,2025-12-17,48,71,False,6396.239321564947,5749.459877610207,7365.352127168311,0.8684227462759544
holdout_seed_bag_v1,window_ce_lstm_seed44,2025-12-18,48,73,False,373.62549689671187,4858.81270468235,4304.280762294158,0.08680323555324293
holdout_seed_bag_v1,window_ce_lstm_seed44,2025-12-19,5,64,False,8593.211453723321,4718.943402171135,8844.185907706433,0.9716226618705037
holdout_seed_bag_v1,window_ce_lstm_seed44,2025-12-20,50,70,False,9223.69374264032,6607.401877641678,9255.507361013364,0.9965627364192857
holdout_seed_bag_v1,window_ce_lstm_seed44,2025-12-21,49,73,False,7005.358765744449,6391.384929418564,7005.358765744449,1.0
holdout_seed_bag_v1,window_ce_lstm_seed44,2025-12-22,49,72,False,3240.2615703603274,4894.169129431248,4748.357517077977,0.6823962936039207
holdout_seed_bag_v1,window_ce_lstm_seed44,2025-12-23,4,66,False,9333.240756146062,7303.1516671180725,10434.86682635867,0.8944283536585365
holdout_seed_bag_v1,window_ce_lstm_seed44,2025-12-24,48,88,False,9596.444365031773,8439.83069062233,9825.502417317695,0.976687395457539
holdout_seed_bag_v1,window_ce_lstm_seed44,2025-12-25,52,69,False,11004.569197373969,13046.709656715393,11095.330269230428,0.9918198855145252
holdout_seed_bag_v1,window_ce_lstm_seed44,2025-12-26,49,88,False,3082.6091845127035,6912.965148687363,7346.620268670262,0.41959555166591667
holdout_seed_bag_v1,window_ce_lstm_seed44,2025-12-27,50,71,False,3850.278158577948,5688.721098005772,7411.580496026182,0.5194948851520031
holdout_seed_bag_v1,window_ce_lstm_seed44,2025-12-28,53,69,False,11713.774284955067,10499.32736158371,11889.188213940359,0.985245928836452
holdout_seed_bag_v1,window_ce_lstm_seed44,2025-12-29,50,88,False,11098.15849990379,19598.568439483643,12388.222994463616,0.8958636363636362
holdout_seed_bag_v1,window_ce_lstm_seed44,2025-12-30,51,68,False,7380.759462546374,11731.17682337761,31559.10942606037,0.2338709677419354
holdout_seed_bag_v1,window_ce_lstm_seed44,2025-12-31,49,66,False,3244.9890740505616,10001.76665186882,22576.10161322132,0.1437355806438339
holdout_seed_bag_v1,window_ce_lstm_seed45,2025-11-03,52,87,False,12407.311165487445,13327.493488788605,13361.719716678786,0.9285714285714286
holdout_seed_bag_v1,window_ce_lstm_seed45,2025-11-04,49,67,False,6878.291992600669,7311.910837888718,7323.682649823298,0.9391848775378907
holdout_seed_bag_v1,window_ce_lstm_seed45,2025-11-05,0,36,False,3009.841895208039,5725.509081035852,5662.824070401962,0.5315089887640448
holdout_seed_bag_v1,window_ce_lstm_seed45,2025-11-06,55,66,False,486.07073103623753,1437.814600765705,922.5949328182957,0.5268517241379308
holdout_seed_bag_v1,window_ce_lstm_seed45,2025-11-07,49,88,False,921.2333099519303,2918.0166870355606,6793.7950222018635,0.13559922060370896
holdout_seed_bag_v1,window_ce_lstm_seed45,2025-11-08,38,88,False,7823.439599483619,3182.3834031820297,8037.637510627493,0.9733506380624085
holdout_seed_bag_v1,window_ce_lstm_seed45,2025-11-09,51,68,False,11750.954860747646,10061.136603355408,12573.171464875311,0.934605472738153
holdout_seed_bag_v1,window_ce_lstm_seed45,2025-11-10,41,67,False,10900.39550401143,7884.919285774231,11155.171685390125,0.9771607117699163
holdout_seed_bag_v1,window_ce_lstm_seed45,2025-11-11,48,69,False,7445.531989553895,4849.020406603813,7485.846206756217,0.9946146078761361
holdout_seed_bag_v1,window_ce_lstm_seed45,2025-11-12,53,69,False,10380.996826367595,10232.076942920685,10483.503486127383,0.9902220989485592
holdout_seed_bag_v1,window_ce_lstm_seed45,2025-11-13,50,88,False,2425.155309939036,3449.2008686065674,9537.757783219018,0.2542689136230654
holdout_seed_bag_v1,window_ce_lstm_seed45,2025-11-14,52,88,False,1263.411045086888,3655.1632806658745,3791.572488594169,0.33321558506068094
holdout_seed_bag_v1,window_ce_lstm_seed45,2025-11-15,39,86,False,7999.72840297417,6102.141961455345,8345.596517840402,0.9585568132695046
holdout_seed_bag_v1,window_ce_lstm_seed45,2025-11-16,40,88,False,7319.7663934015745,4271.447643637657,9645.889090707162,0.758848284960422
holdout_seed_bag_v1,window_ce_lstm_seed45,2025-11-17,43,72,False,7271.756461914814,4384.917065501213,7342.5831204987235,0.990353986135182
holdout_seed_bag_v1,window_ce_lstm_seed45,2025-11-18,51,67,False,10104.393321423157,9483.165860176086,10104.393321423157,1.0
holdout_seed_bag_v1,window_ce_lstm_seed45,2025-11-19,40,88,False,8716.931434214255,8790.232390165329,10200.934927737997,0.8545227957989914
holdout_seed_bag_v1,window_ce_lstm_seed45,2025-11-20,53,67,False,8271.540776991627,4232.655644416809,8685.117815841211,0.9523809523809521
holdout_seed_bag_v1,window_ce_lstm_seed45,2025-11-21,51,67,False,7103.440151188545,4690.583068877459,7103.440151188545,1.0
holdout_seed_bag_v1,window_ce_lstm_seed45,2025-11-22,40,88,False,2126.702211895992,2130.98281621933,6264.524578776868,0.3394834173212271
holdout_seed_bag_v1,window_ce_lstm_seed45,2025-11-23,39,88,False,862.7853302769729,4263.933941721916,6269.694291762487,0.13761202542372022
holdout_seed_bag_v1,window_ce_lstm_seed45,2025-11-24,40,70,False,9056.153684202356,5503.396935760975,10017.17946801529,0.9040622375907833
holdout_seed_bag_v1,window_ce_lstm_seed45,2025-11-25,38,88,False,1.9151798260572672,4077.185705304146,1565.2300239538,0.001223577235772342
holdout_seed_bag_v1,window_ce_lstm_seed45,2025-11-26,41,88,False,4878.472034861892,5564.652591943741,7918.575043866373,0.6160795355018697
holdout_seed_bag_v1,window_ce_lstm_seed45,2025-11-27,40,88,False,1185.0318335012175,4821.300029754639,3235.7981197025892,0.36622551520925445
holdout_seed_bag_v1,window_ce_lstm_seed45,2025-11-28,40,88,False,4122.787250837774,3290.604278445244,6405.093051558167,0.6436732796309375
holdout_seed_bag_v1,window_ce_lstm_seed45,2025-11-29,42,88,False,556.617429778465,3377.637058496475,5801.283300285127,0.09594729320512718
holdout_seed_bag_v1,window_ce_lstm_seed45,2025-11-30,51,88,False,10816.630246835208,10986.61720752716,10816.630246835208,1.0
holdout_seed_bag_v1,window_ce_lstm_seed45,2025-12-01,54,88,False,5829.9219195445385,5288.234733045101,7602.92350373086,0.7668000232652236
holdout_seed_bag_v1,window_ce_lstm_seed45,2025-12-02,45,88,False,6215.23573983151,5366.988934576511,7113.5250682128,0.8737209302325583
holdout_seed_bag_v1,window_ce_lstm_seed45,2025-12-03,53,88,False,8323.956894623057,7713.749222457409,9007.2147950591,0.9241432655951711
holdout_seed_bag_v1,window_ce_lstm_seed45,2025-12-04,53,66,False,8721.134013201332,5085.969090461731,11898.293271518727,0.7329735294117645
holdout_seed_bag_v1,window_ce_lstm_seed45,2025-12-05,41,88,False,4130.9251744176,3399.151384830475,4598.152699291483,0.8983879928681192
holdout_seed_bag_v1,window_ce_lstm_seed45,2025-12-06,51,88,False,1382.2635419667454,2821.9488859176636,1382.2635419667454,1.0
holdout_seed_bag_v1,window_ce_lstm_seed45,2025-12-07,52,68,False,10212.171497747358,8403.466522693634,15016.027872077113,0.6800847457627118
holdout_seed_bag_v1,window_ce_lstm_seed45,2025-12-08,42,71,False,6468.201726324775,5391.790937632322,7915.851798133639,0.8171201143318293
holdout_seed_bag_v1,window_ce_lstm_seed45,2025-12-09,50,67,False,10434.86682635867,8742.806941270828,10593.934918223893,0.984984984984985
holdout_seed_bag_v1,window_ce_lstm_seed45,2025-12-10,51,88,False,5212.995413416295,14269.811689853668,7441.205337455161,0.7005579307396324
holdout_seed_bag_v1,window_ce_lstm_seed45,2025-12-11,52,63,False,4407.668659282878,4534.032329916954,25769.030882166222,0.17104518518518522
holdout_seed_bag_v1,window_ce_lstm_seed45,2025-12-12,52,88,False,-13706.051233777596,3149.8966962099075,9467.73282781811,-1.4476592741935483
holdout_seed_bag_v1,window_ce_lstm_seed45,2025-12-13,50,68,False,3713.209183817685,4036.6970896720886,4825.562806145682,0.7694872770257307
holdout_seed_bag_v1,window_ce_lstm_seed45,2025-12-14,51,69,False,1623.8338903587862,5893.730163574219,3981.935636852956,0.4078001350223107
holdout_seed_bag_v1,window_ce_lstm_seed45,2025-12-15,43,88,False,11834.666034772637,10380.028307437897,11961.920508264817,0.9893617021276595
holdout_seed_bag_v1,window_ce_lstm_seed45,2025-12-16,50,66,False,9480.458275167328,6855.77729344368,9575.899130286462,0.9900332225913622
holdout_seed_bag_v1,window_ce_lstm_seed45,2025-12-17,49,69,False,6873.443597160619,5937.377966940403,7365.352127168311,0.9332131686965506
holdout_seed_bag_v1,window_ce_lstm_seed45,2025-12-18,46,74,False,286.6693337976687,2987.151175737381,4304.280762294158,0.06660098391092767
holdout_seed_bag_v1,window_ce_lstm_seed45,2025-12-19,45,74,False,7580.730323553822,5100.291445851326,8844.185907706433,0.8571428057553956
holdout_seed_bag_v1,window_ce_lstm_seed45,2025-12-20,46,70,False,9223.69374264032,5473.930679261684,9255.507361013364,0.9965627364192857
holdout_seed_bag_v1,window_ce_lstm_seed45,2025-12-21,49,70,False,6909.917910625314,4757.463350892067,7005.358765744449,0.986376021798365
holdout_seed_bag_v1,window_ce_lstm_seed45,2025-12-22,42,88,False,197.9506962407588,2993.477463722229,4748.357517077977,0.041688245994284945
holdout_seed_bag_v1,window_ce_lstm_seed45,2025-12-23,50,67,False,10434.86682635867,9891.085416078568,10434.86682635867,1.0
holdout_seed_bag_v1,window_ce_lstm_seed45,2025-12-24,48,88,False,9596.444365031773,8683.480709791183,9825.502417317695,0.976687395457539
holdout_seed_bag_v1,window_ce_lstm_seed45,2025-12-25,51,69,False,11031.703032484338,9162.230521440506,11095.330269230428,0.9942654039850854
holdout_seed_bag_v1,window_ce_lstm_seed45,2025-12-26,45,88,False,4392.057716747225,6964.424163103104,7346.620268670262,0.5978337733715734
holdout_seed_bag_v1,window_ce_lstm_seed45,2025-12-27,48,68,False,1691.2405849675931,3372.881442308426,7411.580496026182,0.22818892486890946
holdout_seed_bag_v1,window_ce_lstm_seed45,2025-12-28,51,85,False,9587.11343076296,10578.789710998535,11889.188213940359,0.8063724165390737
holdout_seed_bag_v1,window_ce_lstm_seed45,2025-12-29,43,88,False,8572.939816096015,10376.506894826889,12388.222994463616,0.692023369286081
holdout_seed_bag_v1,window_ce_lstm_seed45,2025-12-30,51,67,False,8812.372289333387,9379.266023635864,31559.10942606037,0.2792338709677418
holdout_seed_bag_v1,window_ce_lstm_seed45,2025-12-31,50,67,False,3499.4980210349167,7640.635907649994,22576.10161322132,0.15500895951785998
holdout_seed_bag_v1,window_ce_lstm_seed46,2025-11-03,50,88,False,13361.719716678786,18044.3594455719,13361.719716678786,1.0
holdout_seed_bag_v1,window_ce_lstm_seed46,2025-11-04,51,67,False,7260.055413077206,7279.308170080185,7323.682649823298,0.9913121253625556
holdout_seed_bag_v1,window_ce_lstm_seed46,2025-11-05,0,37,False,2007.875165910832,5844.109892845154,5662.824070401962,0.35457134831460657
holdout_seed_bag_v1,window_ce_lstm_seed46,2025-11-06,48,88,False,-3923.2045159744785,1052.2878766059875,922.5949328182957,-4.2523586206896615
holdout_seed_bag_v1,window_ce_lstm_seed46,2025-11-07,51,88,False,1614.7956413790037,3575.274311006069,6793.7950222018635,0.23768683572317284
holdout_seed_bag_v1,window_ce_lstm_seed46,2025-11-08,51,73,False,7170.659145448952,4603.37795317173,8037.637510627493,0.8921351747908253
holdout_seed_bag_v1,window_ce_lstm_seed46,2025-11-09,52,68,False,11730.994996580397,7522.3987847566605,12573.171464875311,0.9330179763596133
holdout_seed_bag_v1,window_ce_lstm_seed46,2025-11-10,51,80,False,10348.5564797126,7069.150120019913,11155.171685390125,0.9276913678761265
holdout_seed_bag_v1,window_ce_lstm_seed46,2025-11-11,51,70,False,7396.068175707485,5024.83169734478,7485.846206756217,0.9880069629312309
holdout_seed_bag_v1,window_ce_lstm_seed46,2025-11-12,52,68,False,10445.009007895997,9504.045635461807,10483.503486127383,0.9963280902913491
holdout_seed_bag_v1,window_ce_lstm_seed46,2025-11-13,53,70,False,9146.45027723057,4252.551317214966,9537.757783219018,0.9589727989657144
holdout_seed_bag_v1,window_ce_lstm_seed46,2025-11-14,53,69,False,3738.0619824907076,4676.0589480400085,3791.572488594169,0.985886988508216
holdout_seed_bag_v1,window_ce_lstm_seed46,2025-11-15,41,85,False,7949.532875905181,5519.887834787369,8345.596517840402,0.9525422010172006
holdout_seed_bag_v1,window_ce_lstm_seed46,2025-11-16,40,88,False,7319.7663934015745,4521.635875105858,9645.889090707162,0.758848284960422
holdout_seed_bag_v1,window_ce_lstm_seed46,2025-11-17,52,72,False,7278.955883752634,4995.792254805565,7342.5831204987235,0.9913344887348353
holdout_seed_bag_v1,window_ce_lstm_seed46,2025-11-18,51,67,False,10104.393321423157,8520.750731229782,10104.393321423157,1.0
holdout_seed_bag_v1,window_ce_lstm_seed46,2025-11-19,51,88,False,8716.931434214255,9134.092599153519,10200.934927737997,0.8545227957989914
holdout_seed_bag_v1,window_ce_lstm_seed46,2025-11-20,53,68,False,8462.422487229898,5553.198590874672,8685.117815841211,0.9743589743589743
holdout_seed_bag_v1,window_ce_lstm_seed46,2025-11-21,40,88,False,555.7839129770915,4948.347419500351,7103.440151188545,0.07824151413228954
holdout_seed_bag_v1,window_ce_lstm_seed46,2025-11-22,43,88,False,2126.702211895992,3545.154720544815,6264.524578776868,0.3394834173212271
holdout_seed_bag_v1,window_ce_lstm_seed46,2025-11-23,40,73,False,5747.464202083447,4887.421533465385,6269.694291762487,0.9167056533577437
holdout_seed_bag_v1,window_ce_lstm_seed46,2025-11-24,51,68,False,9805.183059262832,5519.590809941292,10017.17946801529,0.9788367165199185
holdout_seed_bag_v1,window_ce_lstm_seed46,2025-11-25,52,88,False,1.9151798260572672,4331.031933426857,1565.2300239538,0.001223577235772342
holdout_seed_bag_v1,window_ce_lstm_seed46,2025-11-26,52,88,False,4878.472034861892,5380.137823522091,7918.575043866373,0.6160795355018697
holdout_seed_bag_v1,window_ce_lstm_seed46,2025-11-27,41,88,False,1185.0318335012175,5110.6943637132645,3235.7981197025892,0.36622551520925445
holdout_seed_bag_v1,window_ce_lstm_seed46,2025-11-28,54,88,False,4115.587828999955,4502.94217467308,6405.093051558167,0.6425492644480404
holdout_seed_bag_v1,window_ce_lstm_seed46,2025-11-29,44,88,False,556.617429778465,4393.534153699875,5801.283300285127,0.09594729320512718
holdout_seed_bag_v1,window_ce_lstm_seed46,2025-11-30,52,88,False,10816.630246835208,8930.766865611076,10816.630246835208,1.0
holdout_seed_bag_v1,window_ce_lstm_seed46,2025-12-01,0,24,False,734.0992439580064,10897.33923226595,7602.92350373086,0.09655486387542551
holdout_seed_bag_v1,window_ce_lstm_seed46,2025-12-02,53,88,False,6215.23573983151,5804.83328551054,7113.5250682128,0.8737209302325583
holdout_seed_bag_v1,window_ce_lstm_seed46,2025-12-03,53,88,False,8323.956894623057,7503.589153289795,9007.2147950591,0.9241432655951711
holdout_seed_bag_v1,window_ce_lstm_seed46,2025-12-04,0,31,False,-890.7813144452525,5623.707734048367,11898.293271518727,-0.07486631016042783
holdout_seed_bag_v1,window_ce_lstm_seed46,2025-12-05,51,88,False,4130.9251744176,4638.626761734486,4598.152699291483,0.8983879928681192
holdout_seed_bag_v1,window_ce_lstm_seed46,2025-12-06,51,72,False,36.47113210285835,4447.231322526932,1382.2635419667454,0.02638507852921131
holdout_seed_bag_v1,window_ce_lstm_seed46,2025-12-07,51,80,False,13202.651624813561,8564.137935638428,15016.027872077113,0.8792372881355931
holdout_seed_bag_v1,window_ce_lstm_seed46,2025-12-08,51,74,False,5726.702634733197,6771.888807415962,7915.851798133639,0.7234474293825727
holdout_seed_bag_v1,window_ce_lstm_seed46,2025-12-09,51,68,False,10466.680444731715,9846.590131521225,10593.934918223893,0.9879879879879881
holdout_seed_bag_v1,window_ce_lstm_seed46,2025-12-10,51,88,False,5212.995413416295,20269.847452640533,7441.205337455161,0.7005579307396324
holdout_seed_bag_v1,window_ce_lstm_seed46,2025-12-11,50,65,False,3730.353542758916,5235.246911644936,25769.030882166222,0.14476111111111103
holdout_seed_bag_v1,window_ce_lstm_seed46,2025-12-12,52,88,False,-13706.051233777596,2668.524667620659,9467.73282781811,-1.4476592741935483
holdout_seed_bag_v1,window_ce_lstm_seed46,2025-12-13,50,69,False,3713.209183817685,5215.354219079018,4825.562806145682,0.7694872770257307
holdout_seed_bag_v1,window_ce_lstm_seed46,2025-12-14,52,69,False,1623.8338903587862,5113.236904144287,3981.935636852956,0.4078001350223107
holdout_seed_bag_v1,window_ce_lstm_seed46,2025-12-15,48,88,False,11834.666034772637,15129.155576229095,11961.920508264817,0.9893617021276595
holdout_seed_bag_v1,window_ce_lstm_seed46,2025-12-16,50,67,False,9416.831038421238,9658.71638059616,9575.899130286462,0.9833887043189369
holdout_seed_bag_v1,window_ce_lstm_seed46,2025-12-17,51,69,False,6873.443597160619,5916.836246848106,7365.352127168311,0.9332131686965506
holdout_seed_bag_v1,window_ce_lstm_seed46,2025-12-18,50,88,False,40.31739856415961,3041.6709929704666,4304.280762294158,0.009366814292725333
holdout_seed_bag_v1,window_ce_lstm_seed46,2025-12-19,50,85,False,6712.673476712437,5474.165558815002,8844.185907706433,0.7589928057553957
holdout_seed_bag_v1,window_ce_lstm_seed46,2025-12-20,51,70,False,9223.69374264032,5348.642885684967,9255.507361013364,0.9965627364192857
holdout_seed_bag_v1,window_ce_lstm_seed46,2025-12-21,53,70,False,6909.917910625314,4417.9346561431885,7005.358765744449,0.986376021798365
holdout_seed_bag_v1,window_ce_lstm_seed46,2025-12-22,51,70,False,2845.317767791838,3223.5640585422516,4748.357517077977,0.5992214692255896
holdout_seed_bag_v1,window_ce_lstm_seed46,2025-12-23,51,66,False,10307.61235286649,9097.72303700447,10434.86682635867,0.9878048780487805
holdout_seed_bag_v1,window_ce_lstm_seed46,2025-12-24,51,88,False,9596.444365031773,8460.549384355545,9825.502417317695,0.976687395457539
holdout_seed_bag_v1,window_ce_lstm_seed46,2025-12-25,51,68,False,10999.889414111292,9248.09005856514,11095.330269230428,0.9913981059776281
holdout_seed_bag_v1,window_ce_lstm_seed46,2025-12-26,50,88,False,2708.3474152485314,8051.07481777668,7346.620268670262,0.36865215789065714
holdout_seed_bag_v1,window_ce_lstm_seed46,2025-12-27,0,16,False,-842.1923751041014,6096.137449145317,7411.580496026182,-0.11363195415008366
holdout_seed_bag_v1,window_ce_lstm_seed46,2025-12-28,51,88,False,9542.195782982059,9495.820939540863,11889.188213940359,0.802594391751121
holdout_seed_bag_v1,window_ce_lstm_seed46,2025-12-29,49,88,False,11056.1072591383,19461.366295814514,12388.222994463616,0.8924691833590138
holdout_seed_bag_v1,window_ce_lstm_seed46,2025-12-30,49,68,False,7348.9458441733295,12298.542499542236,31559.10942606037,0.23286290322580636
holdout_seed_bag_v1,window_ce_lstm_seed46,2025-12-31,50,66,False,3244.9890740505616,10861.658096313477,22576.10161322132,0.1437355806438339
holdout_seed_bag_v1,window_ce_lstm_mean,2025-11-03,49,88,False,13361.719716678786,18993.08031797409,13361.719716678786,1.0
holdout_seed_bag_v1,window_ce_lstm_mean,2025-11-04,50,67,False,7100.987321211983,6674.094673991203,7323.682649823298,0.9695924387689453
holdout_seed_bag_v1,window_ce_lstm_mean,2025-11-05,0,35,False,3832.421174585157,5351.491517573595,5662.824070401962,0.6767685393258425
holdout_seed_bag_v1,window_ce_lstm_mean,2025-11-06,55,63,False,668.0859858339385,445.89773565530777,922.5949328182957,0.724137931034483
holdout_seed_bag_v1,window_ce_lstm_mean,2025-11-07,51,88,False,1614.7956413790037,2959.7505465149875,6793.7950222018635,0.23768683572317284
holdout_seed_bag_v1,window_ce_lstm_mean,2025-11-08,51,76,False,7190.564926464966,4397.425481677054,8037.637510627493,0.8946117459212968
holdout_seed_bag_v1,window_ce_lstm_mean,2025-11-09,51,68,False,11750.954860747646,9420.288601517675,12573.171464875311,0.934605472738153
holdout_seed_bag_v1,window_ce_lstm_mean,2025-11-10,44,68,False,10715.78425795449,7344.506067037582,11155.171685390125,0.9606113254167932
holdout_seed_bag_v1,window_ce_lstm_mean,2025-11-11,49,70,False,7386.415923893103,4351.193393766881,7485.846206756217,0.9867175627020798
holdout_seed_bag_v1,window_ce_lstm_mean,2025-11-12,51,69,False,10387.913107001894,9932.151031494142,10483.503486127383,0.9908818288416671
holdout_seed_bag_v1,window_ce_lstm_mean,2025-11-13,51,70,False,9146.45027723057,4192.93318092823,9537.757783219018,0.9589727989657144
holdout_seed_bag_v1,window_ce_lstm_mean,2025-11-14,52,69,False,3738.0619824907076,4536.341421306134,3791.572488594169,0.985886988508216
holdout_seed_bag_v1,window_ce_lstm_mean,2025-11-15,41,88,False,8041.744648759451,5910.669687390328,8345.596517840402,0.9635913540234773
holdout_seed_bag_v1,window_ce_lstm_mean,2025-11-16,41,88,False,7319.7663934015745,4480.536600947381,9645.889090707162,0.758848284960422
holdout_seed_bag_v1,window_ce_lstm_mean,2025-11-17,49,72,False,7271.756461914814,4364.827828109264,7342.5831204987235,0.990353986135182
holdout_seed_bag_v1,window_ce_lstm_mean,2025-11-18,50,67,False,10104.393321423157,8520.882230997086,10104.393321423157,1.0
holdout_seed_bag_v1,window_ce_lstm_mean,2025-11-19,44,88,False,8716.931434214255,8943.865919113157,10200.934927737997,0.8545227957989914
holdout_seed_bag_v1,window_ce_lstm_mean,2025-11-20,53,68,False,8462.422487229898,5034.216122329234,8685.117815841211,0.9743589743589743
holdout_seed_bag_v1,window_ce_lstm_mean,2025-11-21,51,67,False,7103.440151188545,4521.266620606184,7103.440151188545,1.0
holdout_seed_bag_v1,window_ce_lstm_mean,2025-11-22,42,74,False,5901.811152982111,3300.945188105106,6264.524578776868,0.9421004066256571
holdout_seed_bag_v1,window_ce_lstm_mean,2025-11-23,41,85,False,1737.2971602862501,4739.062865078449,6269.694291762487,0.2770943971811861
holdout_seed_bag_v1,window_ce_lstm_mean,2025-11-24,46,69,False,9558.070778550207,5538.8781405985355,10017.17946801529,0.9541678682176943
holdout_seed_bag_v1,window_ce_lstm_mean,2025-11-25,41,88,False,1.9151798260572672,3849.4860604405403,1565.2300239538,0.001223577235772342
holdout_seed_bag_v1,window_ce_lstm_mean,2025-11-26,50,88,False,4878.472034861892,5040.489803254605,7918.575043866373,0.6160795355018697
holdout_seed_bag_v1,window_ce_lstm_mean,2025-11-27,41,88,False,1185.0318335012175,4506.270691752434,3235.7981197025892,0.36622551520925445
holdout_seed_bag_v1,window_ce_lstm_mean,2025-11-28,52,88,False,4115.587828999955,3232.009984552861,6405.093051558167,0.6425492644480404
holdout_seed_bag_v1,window_ce_lstm_mean,2025-11-29,51,72,False,5003.499555067959,3690.2105197310443,5801.283300285127,0.8624815055699904
holdout_seed_bag_v1,window_ce_lstm_mean,2025-11-30,51,88,False,10816.630246835208,10529.81827557087,10816.630246835208,1.0
holdout_seed_bag_v1,window_ce_lstm_mean,2025-12-01,0,21,False,1529.4397032841243,5426.595399528742,7602.92350373086,0.20116468389213796
holdout_seed_bag_v1,window_ce_lstm_mean,2025-12-02,49,88,False,6215.23573983151,4711.2573727965355,7113.5250682128,0.8737209302325583
holdout_seed_bag_v1,window_ce_lstm_mean,2025-12-03,52,88,False,8323.956894623057,6851.783473789691,9007.2147950591,0.9241432655951711
holdout_seed_bag_v1,window_ce_lstm_mean,2025-12-04,0,30,False,222.69532861131225,4212.841381132602,11898.293271518727,0.01871657754010688
holdout_seed_bag_v1,window_ce_lstm_mean,2025-12-05,44,88,False,4130.9251744176,3613.4217843413353,4598.152699291483,0.8983879928681192
holdout_seed_bag_v1,window_ce_lstm_mean,2025-12-06,53,73,False,28.632256535740197,4086.6778880357747,1382.2635419667454,0.020714035830678833
holdout_seed_bag_v1,window_ce_lstm_mean,2025-12-07,51,69,False,10021.28978750909,8726.472109556198,15016.027872077113,0.6673728813559321
holdout_seed_bag_v1,window_ce_lstm_mean,2025-12-08,49,73,False,6172.475055376301,5767.066476494074,7915.851798133639,0.7797613210534862
holdout_seed_bag_v1,window_ce_lstm_mean,2025-12-09,50,68,False,10466.680444731715,8116.166093945503,10593.934918223893,0.9879879879879881
holdout_seed_bag_v1,window_ce_lstm_mean,2025-12-10,50,88,False,4094.027739828541,15118.722397089005,7441.205337455161,0.5501834117144078
holdout_seed_bag_v1,window_ce_lstm_mean,2025-12-11,50,64,False,5339.807677613087,4599.921417236328,25769.030882166222,0.20721802469135803
holdout_seed_bag_v1,window_ce_lstm_mean,2025-12-12,54,70,False,-10586.85956949773,1735.4183703660963,9467.73282781811,-1.118204301075269
holdout_seed_bag_v1,window_ce_lstm_mean,2025-12-13,50,69,False,3713.209183817685,5243.32220852375,4825.562806145682,0.7694872770257307
holdout_seed_bag_v1,window_ce_lstm_mean,2025-12-14,51,69,False,1623.8338903587862,5897.841277718544,3981.935636852956,0.4078001350223107
holdout_seed_bag_v1,window_ce_lstm_mean,2025-12-15,46,88,False,11834.666034772637,14237.211251258848,11961.920508264817,0.9893617021276595
holdout_seed_bag_v1,window_ce_lstm_mean,2025-12-16,50,66,False,9480.458275167328,8805.761528015139,9575.899130286462,0.9900332225913622
holdout_seed_bag_v1,window_ce_lstm_mean,2025-12-17,50,70,False,6682.561886922351,5518.133874237537,7365.352127168311,0.9072969997283122
holdout_seed_bag_v1,window_ce_lstm_mean,2025-12-18,47,72,False,409.38718530985153,3201.5065252780923,4304.280762294158,0.09511163604756359
holdout_seed_bag_v1,window_ce_lstm_mean,2025-12-19,6,84,False,7221.691370681152,5231.976017355919,8844.185907706433,0.8165467625899281
holdout_seed_bag_v1,window_ce_lstm_mean,2025-12-20,51,70,False,9223.69374264032,5914.305175840855,9255.507361013364,0.9965627364192857
holdout_seed_bag_v1,window_ce_lstm_mean,2025-12-21,50,70,False,6909.917910625314,4762.836949527264,7005.358765744449,0.986376021798365
holdout_seed_bag_v1,window_ce_lstm_mean,2025-12-22,49,70,False,2085.427223418804,3085.7380136847496,4748.357517077977,0.43918917560826903
holdout_seed_bag_v1,window_ce_lstm_mean,2025-12-23,51,67,False,10434.86682635867,8539.310783147812,10434.86682635867,1.0
holdout_seed_bag_v1,window_ce_lstm_mean,2025-12-24,50,88,False,9596.444365031773,9262.650430202484,9825.502417317695,0.976687395457539
holdout_seed_bag_v1,window_ce_lstm_mean,2025-12-25,51,69,False,11031.703032484338,10849.625074863432,11095.330269230428,0.9942654039850854
holdout_seed_bag_v1,window_ce_lstm_mean,2025-12-26,49,88,False,3082.6091845127035,7968.453124165535,7346.620268670262,0.41959555166591667
holdout_seed_bag_v1,window_ce_lstm_mean,2025-12-27,50,70,False,3118.5649359979193,4011.413918435574,7411.580496026182,0.42076921888252844
holdout_seed_bag_v1,window_ce_lstm_mean,2025-12-28,51,88,False,9542.195782982059,10300.472527742386,11889.188213940359,0.802594391751121
holdout_seed_bag_v1,window_ce_lstm_mean,2025-12-29,48,88,False,11056.1072591383,17068.498903512955,12388.222994463616,0.8924691833590138
holdout_seed_bag_v1,window_ce_lstm_mean,2025-12-30,51,68,False,7380.759462546374,12697.532933950424,31559.10942606037,0.2338709677419354
holdout_seed_bag_v1,window_ce_lstm_mean,2025-12-31,50,66,False,3244.9890740505616,8436.832471191883,22576.10161322132,0.1437355806438339
holdout_seed_bag_v1,listwise_spo_50_50,2025-11-03,50,87,False,12407.311165487445,14726.405119895935,13361.719716678786,0.9285714285714286
holdout_seed_bag_v1,listwise_spo_50_50,2025-11-04,50,68,False,7164.614557958074,6955.797304958105,7323.682649823298,0.9782803134063898
holdout_seed_bag_v1,listwise_spo_50_50,2025-11-05,0,23,False,5567.383215282827,3112.07046257332,5662.824070401962,0.9831460674157303
holdout_seed_bag_v1,listwise_spo_50_50,2025-11-06,51,68,False,335.28372403351716,1080.1284962333739,922.5949328182957,0.3634137931034475
holdout_seed_bag_v1,listwise_spo_50_50,2025-11-07,54,73,False,4457.733750516539,1769.771373271942,6793.7950222018635,0.6561478136960027
holdout_seed_bag_v1,listwise_spo_50_50,2025-11-08,49,88,False,7849.316796668253,3756.33689109236,8037.637510627493,0.9765701409512137
holdout_seed_bag_v1,listwise_spo_50_50,2025-11-09,50,69,False,12217.29478566892,11194.96888965368,12573.171464875311,0.9716955518978981
holdout_seed_bag_v1,listwise_spo_50_50,2025-11-10,49,69,False,10683.77657650937,9554.936815798283,11155.171685390125,0.9577420122096247
holdout_seed_bag_v1,listwise_spo_50_50,2025-11-11,51,69,False,7459.695412453574,3043.277299404144,7485.846206756217,0.996506634843895
holdout_seed_bag_v1,listwise_spo_50_50,2025-11-12,50,73,False,9846.209901516711,11857.840201258661,10483.503486127383,0.9392098657234206
holdout_seed_bag_v1,listwise_spo_50_50,2025-11-13,50,69,False,9330.03394341406,3453.007893264293,9537.757783219018,0.9782208937859135
holdout_seed_bag_v1,listwise_spo_50_50,2025-11-14,50,69,False,3738.0619824907076,3287.7567761577666,3791.572488594169,0.985886988508216
holdout_seed_bag_v1,listwise_spo_50_50,2025-11-15,49,88,False,8046.599406923178,5845.19281052053,8345.596517840402,0.9641730689618103
holdout_seed_bag_v1,listwise_spo_50_50,2025-11-16,48,88,False,7319.7663934015745,2931.856205314398,9645.889090707162,0.758848284960422
holdout_seed_bag_v1,listwise_spo_50_50,2025-11-17,51,70,False,6826.365804692187,3033.7725214660168,7342.5831204987235,0.9296954072790294
holdout_seed_bag_v1,listwise_spo_50_50,2025-11-18,49,68,False,9614.463598478269,9313.099505007267,10104.393321423157,0.9515131975409006
holdout_seed_bag_v1,listwise_spo_50_50,2025-11-19,49,88,False,8716.931434214255,8959.627884626389,10200.934927737997,0.8545227957989914
holdout_seed_bag_v1,listwise_spo_50_50,2025-11-20,52,68,False,8462.422487229898,4620.5715380609045,8685.117815841211,0.9743589743589743
holdout_seed_bag_v1,listwise_spo_50_50,2025-11-21,50,67,False,7103.440151188545,4402.922655269504,7103.440151188545,1.0
holdout_seed_bag_v1,listwise_spo_50_50,2025-11-22,49,71,False,6264.524578776868,2181.513498723507,6264.524578776868,1.0
holdout_seed_bag_v1,listwise_spo_50_50,2025-11-23,49,71,False,3907.717646550481,4334.6765340305865,6269.694291762487,0.6232708429954363
holdout_seed_bag_v1,listwise_spo_50_50,2025-11-24,50,70,False,9056.153684202356,6847.156274318695,10017.17946801529,0.9040622375907833
holdout_seed_bag_v1,listwise_spo_50_50,2025-11-25,48,73,False,956.4223532343553,2283.931817114353,1565.2300239538,0.6110426829268294
holdout_seed_bag_v1,listwise_spo_50_50,2025-11-26,50,88,False,4878.472034861892,3186.6282582283015,7918.575043866373,0.6160795355018697
holdout_seed_bag_v1,listwise_spo_50_50,2025-11-27,48,71,False,2603.254308315015,2984.1453909873962,3235.7981197025892,0.8045169111335929
holdout_seed_bag_v1,listwise_spo_50_50,2025-11-28,51,70,False,1986.4264244037258,1809.970597922802,6405.093051558167,0.31013232882237174
holdout_seed_bag_v1,listwise_spo_50_50,2025-11-29,51,70,False,4895.606849717615,2670.4433403909206,5801.283300285127,0.8438834299778122
holdout_seed_bag_v1,listwise_spo_50_50,2025-11-30,49,88,False,10816.630246835208,11131.742027401924,10816.630246835208,1.0
holdout_seed_bag_v1,listwise_spo_50_50,2025-12-01,54,84,False,2903.069029224422,3401.694524660707,7602.92350373086,0.3818358856037215
holdout_seed_bag_v1,listwise_spo_50_50,2025-12-02,52,73,False,7049.89783146671,3522.5760467350487,7113.5250682128,0.9910554561717352
holdout_seed_bag_v1,listwise_spo_50_50,2025-12-03,51,88,False,8323.956894623057,4918.877265229821,9007.2147950591,0.9241432655951711
holdout_seed_bag_v1,listwise_spo_50_50,2025-12-04,50,65,False,11492.100173493527,4590.14134183526,11898.293271518727,0.9658612299465239
holdout_seed_bag_v1,listwise_spo_50_50,2025-12-05,49,72,False,3632.4248626830126,1937.686987221241,4598.152699291483,0.7899748225505262
holdout_seed_bag_v1,listwise_spo_50_50,2025-12-06,52,72,False,36.47113210285835,2876.5544638037677,1382.2635419667454,0.02638507852921131
holdout_seed_bag_v1,listwise_spo_50_50,2025-12-07,50,71,False,10275.798734493448,11197.365003824234,15016.027872077113,0.684322033898305
holdout_seed_bag_v1,listwise_spo_50_50,2025-12-08,50,72,False,6320.3383908505375,5070.334538072348,7915.851798133639,0.7984407176926577
holdout_seed_bag_v1,listwise_spo_50_50,2025-12-09,50,68,False,10466.680444731715,7526.630570739507,10593.934918223893,0.9879879879879881
holdout_seed_bag_v1,listwise_spo_50_50,2025-12-10,51,88,False,5212.995413416295,12115.283215045927,7441.205337455161,0.7005579307396324
holdout_seed_bag_v1,listwise_spo_50_50,2025-12-11,50,66,False,6116.374920737272,3972.3810467869043,25769.030882166222,0.2373537037037037
holdout_seed_bag_v1,listwise_spo_50_50,2025-12-12,53,69,False,-11244.29753726221,1710.384649038315,9467.73282781811,-1.1876441532258064
holdout_seed_bag_v1,listwise_spo_50_50,2025-12-13,50,69,False,3713.209183817685,4517.480358947068,4825.562806145682,0.7694872770257307
holdout_seed_bag_v1,listwise_spo_50_50,2025-12-14,49,68,False,2664.708674926226,6011.8885561823845,3981.935636852956,0.6691993336768813
holdout_seed_bag_v1,listwise_spo_50_50,2025-12-15,47,86,False,11898.293271518727,13195.46594619751,11961.920508264817,0.9946808510638298
holdout_seed_bag_v1,listwise_spo_50_50,2025-12-16,50,67,False,9416.831038421238,7967.023889720439,9575.899130286462,0.9833887043189369
holdout_seed_bag_v1,listwise_spo_50_50,2025-12-17,49,69,False,6873.443597160619,4023.469904437661,7365.352127168311,0.9332131686965506
holdout_seed_bag_v1,listwise_spo_50_50,2025-12-18,48,70,False,460.266705173862,1885.2532774209976,4304.280762294158,0.10693231473323836
holdout_seed_bag_v1,listwise_spo_50_50,2025-12-19,5,69,False,8720.465927215499,7212.844876945019,8844.185907706433,0.9860111510791366
holdout_seed_bag_v1,listwise_spo_50_50,2025-12-20,51,71,False,9223.693742640322,6558.734526485205,9255.507361013364,0.9965627364192859
holdout_seed_bag_v1,listwise_spo_50_50,2025-12-21,50,69,False,6050.950214553106,3455.576614290476,7005.358765744449,0.8637602179836511
holdout_seed_bag_v1,listwise_spo_50_50,2025-12-22,50,69,False,2565.3579261090445,1972.1255779266357,4748.357517077977,0.5402621678933104
holdout_seed_bag_v1,listwise_spo_50_50,2025-12-23,50,67,False,10434.86682635867,9376.884841918945,10434.86682635867,1.0
holdout_seed_bag_v1,listwise_spo_50_50,2025-12-24,50,88,False,9596.444365031773,10089.836849272251,9825.502417317695,0.976687395457539
holdout_seed_bag_v1,listwise_spo_50_50,2025-12-25,50,69,False,11028.066735904298,12012.21465021372,11095.330269230428,0.993937671822833
holdout_seed_bag_v1,listwise_spo_50_50,2025-12-26,50,69,False,4070.7592593504983,8891.644038259983,7346.620268670262,0.5540995873585972
holdout_seed_bag_v1,listwise_spo_50_50,2025-12-27,51,69,False,2390.586632214886,3626.0575123131275,7411.580496026182,0.3225474827530553
holdout_seed_bag_v1,listwise_spo_50_50,2025-12-28,51,72,False,11761.933740448181,11565.418289601803,11889.188213940359,0.9892966221745091
holdout_seed_bag_v1,listwise_spo_50_50,2025-12-29,50,88,False,11098.15849990379,13932.394447922707,12388.222994463616,0.8958636363636362
holdout_seed_bag_v1,listwise_spo_50_50,2025-12-30,51,68,False,7380.759462546374,10385.495680570602,31559.10942606037,0.2338709677419354
holdout_seed_bag_v1,listwise_spo_50_50,2025-12-31,49,66,False,3244.9890740505616,6059.924320783466,22576.10161322132,0.1437355806438339
holdout_seed_bag_v1,listwise_transformer_vote,2025-11-03,53,88,False,13361.719716678785,12480.206844210625,13361.719716678785,1.0
holdout_seed_bag_v1,listwise_transformer_vote,2025-11-04,50,68,False,7164.614557958073,5403.836952149868,7323.682649823298,0.9782803134063895
holdout_seed_bag_v1,listwise_transformer_vote,2025-11-05,0,23,False,5567.383215282827,1325.831277668476,5662.824070401962,0.9831460674157304
holdout_seed_bag_v1,listwise_transformer_vote,2025-11-06,0,8,False,175.96748594498422,560.6928706169128,922.594932818296,0.190731034482758
holdout_seed_bag_v1,listwise_transformer_vote,2025-11-07,55,72,False,4387.74379009584,890.6214356422424,6793.795022201864,0.6458457718781418
holdout_seed_bag_v1,listwise_transformer_vote,2025-11-08,54,88,False,7845.92228358785,3323.450131714344,8037.637510627492,0.9761478137343028
holdout_seed_bag_v1,listwise_transformer_vote,2025-11-09,54,69,False,12227.087017404145,9971.308892965317,12573.171464875311,0.9724743714473316
holdout_seed_bag_v1,listwise_transformer_vote,2025-11-10,50,69,False,10667.923850474082,9052.464592456818,11155.171685390123,0.9563209022094938
holdout_seed_bag_v1,listwise_transformer_vote,2025-11-11,49,68,False,7321.35389295839,1738.8505041599274,7485.846206756218,0.978026223187785
holdout_seed_bag_v1,listwise_transformer_vote,2025-11-12,53,83,False,9644.906049899431,11953.644993901253,10483.503486127382,0.9200079021924638
holdout_seed_bag_v1,listwise_transformer_vote,2025-11-13,49,68,False,9537.757783219018,2164.266845583916,9537.757783219018,1.0
holdout_seed_bag_v1,listwise_transformer_vote,2025-11-14,49,68,False,3738.061982490707,2062.272104620933,3791.572488594168,0.985886988508216
holdout_seed_bag_v1,listwise_transformer_vote,2025-11-15,49,88,False,8046.599406923178,5584.097534418106,8345.596517840402,0.9641730689618104
holdout_seed_bag_v1,listwise_transformer_vote,2025-11-16,49,88,False,7319.7663934015745,1816.3502380251884,9645.889090707162,0.758848284960422
holdout_seed_bag_v1,listwise_transformer_vote,2025-11-17,54,69,False,6579.056279545649,1634.5860868692398,7342.583120498723,0.8960138648180243
holdout_seed_bag_v1,listwise_transformer_vote,2025-11-18,49,69,False,9092.720257160334,8653.9183229208,10104.393321423157,0.8998779014156258
holdout_seed_bag_v1,listwise_transformer_vote,2025-11-19,49,88,False,8716.931434214255,7808.242958784103,10200.934927737995,0.8545227957989914
holdout_seed_bag_v1,listwise_transformer_vote,2025-11-20,51,68,False,8462.422487229896,3133.5783287882805,8685.117815841211,0.974358974358974
holdout_seed_bag_v1,listwise_transformer_vote,2025-11-21,50,67,False,7103.440151188545,2491.409358382225,7103.440151188545,1.0
holdout_seed_bag_v1,listwise_transformer_vote,2025-11-22,49,72,False,6122.938070207632,1250.3200560808182,6264.524578776867,0.977398682567404
holdout_seed_bag_v1,listwise_transformer_vote,2025-11-23,49,69,False,4276.81288419087,3468.7936648726463,6269.694291762487,0.6821405773819007
holdout_seed_bag_v1,listwise_transformer_vote,2025-11-24,49,69,False,9558.070778550207,6508.045837283135,10017.179468015289,0.9541678682176944
holdout_seed_bag_v1,listwise_transformer_vote,2025-11-25,54,69,False,93.46522941816816,1016.9217079877852,1565.2300239538,0.0597134146341463
holdout_seed_bag_v1,listwise_transformer_vote,2025-11-26,49,86,False,6342.477487876339,1645.3861728310585,7918.575043866372,0.8009619726707196
holdout_seed_bag_v1,listwise_transformer_vote,2025-11-27,49,69,False,2810.892251350366,1771.250493824482,3235.798119702589,0.8686859153032461
holdout_seed_bag_v1,listwise_transformer_vote,2025-11-28,54,69,False,1903.0270238387889,925.864604115486,6405.093051558166,0.2971115342931419
holdout_seed_bag_v1,listwise_transformer_vote,2025-11-29,0,24,False,3167.344757049309,1607.9524978995323,5801.283300285127,0.5459731223423682
holdout_seed_bag_v1,listwise_transformer_vote,2025-11-30,49,88,False,10816.630246835208,10393.203735351562,10816.630246835208,1.0
holdout_seed_bag_v1,listwise_transformer_vote,2025-12-01,55,88,False,6052.617248155852,1820.248419046402,7602.923503730859,0.7960907728699032
holdout_seed_bag_v1,listwise_transformer_vote,2025-12-02,53,69,False,6089.1265566007605,2586.842142045498,7113.525068212801,0.8559928443649374
holdout_seed_bag_v1,listwise_transformer_vote,2025-12-03,50,88,False,8323.956894623057,3258.951708674431,9007.2147950591,0.9241432655951712
holdout_seed_bag_v1,listwise_transformer_vote,2025-12-04,0,25,False,477.2042755956718,2393.218301236629,11898.293271518723,0.0401069518716578
holdout_seed_bag_v1,listwise_transformer_vote,2025-12-05,49,69,False,4102.203839750415,1003.9416819810868,4598.152699291484,0.8921417160379452
holdout_seed_bag_v1,listwise_transformer_vote,2025-12-06,49,70,False,472.4481396489005,1968.6606973409653,1382.2635419667454,0.341793099003885
holdout_seed_bag_v1,listwise_transformer_vote,2025-12-07,49,73,False,10816.630246835206,10253.912103176115,15016.02787207711,0.7203389830508474
holdout_seed_bag_v1,listwise_transformer_vote,2025-12-08,49,70,False,6304.841977341028,3730.978001654148,7915.851798133639,0.7964830744844861
holdout_seed_bag_v1,listwise_transformer_vote,2025-12-09,49,88,False,8335.168013737717,6166.182674467564,10593.934918223897,0.7867867867867866
holdout_seed_bag_v1,listwise_transformer_vote,2025-12-10,50,88,False,4094.027739828541,9694.545122981071,7441.2053374551615,0.5501834117144077
holdout_seed_bag_v1,listwise_transformer_vote,2025-12-11,49,67,False,6984.886702321393,1521.5369187295437,25769.030882166226,0.2710574074074074
holdout_seed_bag_v1,listwise_transformer_vote,2025-12-12,55,67,False,-5922.655435740129,657.5070321559906,9467.732827818112,-0.6255621639784945
holdout_seed_bag_v1,listwise_transformer_vote,2025-12-13,50,68,False,3713.209183817685,2946.80612385273,4825.562806145681,0.7694872770257308
holdout_seed_bag_v1,listwise_transformer_vote,2025-12-14,48,68,False,2664.708674926226,4856.480273604393,3981.9356368529566,0.6691993336768812
holdout_seed_bag_v1,listwise_transformer_vote,2025-12-15,48,88,False,11834.666034772636,12199.233523011208,11961.920508264817,0.9893617021276596
holdout_seed_bag_v1,listwise_transformer_vote,2025-12-16,50,68,False,9257.762946556017,5105.7707741856575,9575.899130286463,0.9667774086378736
holdout_seed_bag_v1,listwise_transformer_vote,2025-12-17,49,69,False,6873.443597160618,2611.798023432493,7365.35212716831,0.9332131686965506
holdout_seed_bag_v1,listwise_transformer_vote,2025-12-18,49,68,False,615.3040115912208,848.4804540872574,4304.280762294158,0.1429516440891433
holdout_seed_bag_v1,listwise_transformer_vote,2025-12-19,0,68,False,8079.284718439643,6830.776718258858,8844.185907706433,0.9135136690647482
holdout_seed_bag_v1,listwise_transformer_vote,2025-12-20,54,70,False,9223.69374264032,5656.463187932968,9255.507361013366,0.9965627364192856
holdout_seed_bag_v1,listwise_transformer_vote,2025-12-21,49,68,False,5987.322977807016,2072.1616566181183,7005.358765744448,0.8546775658492279
holdout_seed_bag_v1,listwise_transformer_vote,2025-12-22,49,68,False,1620.9483951723505,876.3576477766037,4748.357517077977,0.341370334761533
holdout_seed_bag_v1,listwise_transformer_vote,2025-12-23,50,67,False,10434.86682635867,8317.109781503677,10434.86682635867,1.0
holdout_seed_bag_v1,listwise_transformer_vote,2025-12-24,49,88,False,9596.444365031772,9331.995955109596,9825.502417317695,0.9766873954575388
holdout_seed_bag_v1,listwise_transformer_vote,2025-12-25,50,69,False,11028.0667359043,10757.378450036049,11095.330269230428,0.9939376718228332
holdout_seed_bag_v1,listwise_transformer_vote,2025-12-26,49,88,False,3082.609184512705,7777.718013525009,7346.620268670263,0.4195955516659168
holdout_seed_bag_v1,listwise_transformer_vote,2025-12-27,53,68,False,1991.5865933038333,2670.3749164938927,7411.580496026181,0.268712806178338
holdout_seed_bag_v1,listwise_transformer_vote,2025-12-28,49,88,False,9542.195782982057,11143.33014190197,11889.18821394036,0.8025943917511207
holdout_seed_bag_v1,listwise_transformer_vote,2025-12-29,49,88,False,11056.107259138302,13247.171819210052,12388.222994463616,0.8924691833590139
holdout_seed_bag_v1,listwise_transformer_vote,2025-12-30,51,84,False,27836.91607641413,7223.661687970161,31559.109426060364,0.8820564516129034
holdout_seed_bag_v1,listwise_transformer_vote,2025-12-31,49,66,False,3244.9890740505607,1666.626375168562,22576.10161322131,0.1437355806438339
holdout_seed_bag_v1,spo_lstm_vote,2025-11-03,49,86,False,11102.952812192609,17078.94414663315,13361.719716678785,0.8309523809523809
holdout_seed_bag_v1,spo_lstm_vote,2025-11-04,50,68,False,7164.614557958073,8507.757657766342,7323.682649823298,0.9782803134063895
holdout_seed_bag_v1,spo_lstm_vote,2025-11-05,0,33,False,3927.862029704292,4913.930522836745,5662.824070401962,0.6936224719101122
holdout_seed_bag_v1,spo_lstm_vote,2025-11-06,50,68,False,303.4701056604729,1912.618705816567,922.594932818296,0.3289310344827582
holdout_seed_bag_v1,spo_lstm_vote,2025-11-07,53,74,False,3897.9985861375153,2672.336095571518,6793.795022201864,0.5737586390815449
holdout_seed_bag_v1,spo_lstm_vote,2025-11-08,48,75,False,7196.889473797526,4223.715325444937,8037.637510627492,0.8953986123760477
holdout_seed_bag_v1,spo_lstm_vote,2025-11-09,51,69,False,12234.311890136662,12370.93654870987,12573.171464875311,0.9730489975671376
holdout_seed_bag_v1,spo_lstm_vote,2025-11-10,49,70,False,10683.776576509372,10035.2356672287,11155.171685390123,0.9577420122096252
holdout_seed_bag_v1,spo_lstm_vote,2025-11-11,50,69,False,7455.184241368277,4379.300333559513,7485.846206756218,0.9959040081052872
holdout_seed_bag_v1,spo_lstm_vote,2025-11-12,49,72,False,9916.30802823988,11835.135114192964,10483.503486127382,0.9458963829565126
holdout_seed_bag_v1,spo_lstm_vote,2025-11-13,50,69,False,9330.033943414062,4766.210001707077,9537.757783219018,0.9782208937859136
holdout_seed_bag_v1,spo_lstm_vote,2025-11-14,50,69,False,3738.061982490707,4540.475422330201,3791.572488594168,0.985886988508216
holdout_seed_bag_v1,spo_lstm_vote,2025-11-15,49,87,False,8164.637475172686,6111.896527558565,8345.596517840402,0.9783168234552342
holdout_seed_bag_v1,spo_lstm_vote,2025-11-16,47,75,False,9359.566525349755,4334.119506180286,9645.889090707162,0.9703166226912928
holdout_seed_bag_v1,spo_lstm_vote,2025-11-17,50,71,False,7080.874751676544,4472.567351162434,7342.583120498723,0.964357452339688
holdout_seed_bag_v1,spo_lstm_vote,2025-11-18,48,68,False,9614.463598478264,9994.549286365507,10104.393321423157,0.9515131975409004
holdout_seed_bag_v1,spo_lstm_vote,2025-11-19,49,88,False,8716.931434214255,10111.012810468674,10200.934927737995,0.8545227957989914
holdout_seed_bag_v1,spo_lstm_vote,2025-11-20,51,69,False,8526.049723975986,6113.335622102022,8685.117815841211,0.9816849816849816
holdout_seed_bag_v1,spo_lstm_vote,2025-11-21,50,68,False,6683.354046019838,6318.553219735622,7103.440151188545,0.9408615971659284
holdout_seed_bag_v1,spo_lstm_vote,2025-11-22,45,71,False,6264.524578776867,3105.6099593639374,6264.524578776867,1.0
holdout_seed_bag_v1,spo_lstm_vote,2025-11-23,48,72,False,4067.705151986685,5246.727141365409,6269.694291762487,0.6487884357186423
holdout_seed_bag_v1,spo_lstm_vote,2025-11-24,49,71,False,8438.969487765287,7167.6541313529015,10017.179468015289,0.8424496650689745
holdout_seed_bag_v1,spo_lstm_vote,2025-11-25,47,73,False,956.4223532343552,3568.902400135994,1565.2300239538,0.6110426829268293
holdout_seed_bag_v1,spo_lstm_vote,2025-11-26,51,88,False,4878.472034861892,4734.120479226112,7918.575043866372,0.6160795355018698
holdout_seed_bag_v1,spo_lstm_vote,2025-11-27,46,72,False,2444.5679798702686,4237.784089148045,3235.798119702589,0.7554760493200842
holdout_seed_bag_v1,spo_lstm_vote,2025-11-28,50,70,False,1986.4264244037256,2720.1574623584747,6405.093051558166,0.3101323288223717
holdout_seed_bag_v1,spo_lstm_vote,2025-11-29,50,71,False,4827.745220366072,3811.10517680645,5801.283300285127,0.832185737271061
holdout_seed_bag_v1,spo_lstm_vote,2025-11-30,50,88,False,10816.630246835208,11872.23648428917,10816.630246835208,1.0
holdout_seed_bag_v1,spo_lstm_vote,2025-12-01,54,84,False,2903.0690292244244,5109.730135649443,7602.923503730859,0.3818358856037218
holdout_seed_bag_v1,spo_lstm_vote,2025-12-02,52,73,False,7049.897831466711,4465.801799297333,7113.525068212801,0.9910554561717352
holdout_seed_bag_v1,spo_lstm_vote,2025-12-03,50,88,False,8323.956894623057,6555.7632394135,9007.2147950591,0.9241432655951712
holdout_seed_bag_v1,spo_lstm_vote,2025-12-04,50,66,False,11492.100173493527,6813.065442442894,11898.293271518723,0.965861229946524
holdout_seed_bag_v1,spo_lstm_vote,2025-12-05,49,72,False,3632.424862683012,2879.5720040798187,4598.152699291484,0.789974822550526
holdout_seed_bag_v1,spo_lstm_vote,2025-12-06,52,72,False,36.471132102858405,3802.624191343784,1382.2635419667454,0.0263850785292113
holdout_seed_bag_v1,spo_lstm_vote,2025-12-07,50,71,False,10275.798734493446,12178.070402145386,15016.02787207711,0.6843220338983051
holdout_seed_bag_v1,spo_lstm_vote,2025-12-08,50,72,False,6320.338390850538,6429.966163635254,7915.851798133639,0.7984407176926578
holdout_seed_bag_v1,spo_lstm_vote,2025-12-09,50,68,False,10466.680444731715,8956.585866212845,10593.934918223897,0.987987987987988
holdout_seed_bag_v1,spo_lstm_vote,2025-12-10,51,88,False,5212.995413416295,14540.478920936584,7441.2053374551615,0.7005579307396322
holdout_seed_bag_v1,spo_lstm_vote,2025-12-11,50,65,False,3730.353542758918,6435.096333920956,25769.030882166226,0.1447611111111111
holdout_seed_bag_v1,spo_lstm_vote,2025-12-12,53,70,False,-12164.815040800748,2865.106423199177,9467.732827818112,-1.2848709677419354
holdout_seed_bag_v1,spo_lstm_vote,2025-12-13,51,69,False,3713.209183817684,6113.660734333098,4825.562806145681,0.7694872770257307
holdout_seed_bag_v1,spo_lstm_vote,2025-12-14,49,69,False,1623.8338903587864,7203.309375047684,3981.9356368529566,0.4078001350223107
holdout_seed_bag_v1,spo_lstm_vote,2025-12-15,47,69,False,11866.47965314568,14707.604157924652,11961.920508264817,0.9920212765957448
holdout_seed_bag_v1,spo_lstm_vote,2025-12-16,51,67,False,9416.831038421238,10833.672893047333,9575.899130286463,0.9833887043189368
holdout_seed_bag_v1,spo_lstm_vote,2025-12-17,50,70,False,6682.561886922349,5452.952688932419,7365.35212716831,0.907296999728312
holdout_seed_bag_v1,spo_lstm_vote,2025-12-18,47,72,False,409.38718530985153,2999.8951882123947,4304.280762294158,0.0951116360475635
holdout_seed_bag_v1,spo_lstm_vote,2025-12-19,7,69,False,8844.185907706433,7701.941287517548,8844.185907706433,1.0
holdout_seed_bag_v1,spo_lstm_vote,2025-12-20,51,71,False,9223.69374264032,7484.312024712563,9255.507361013366,0.9965627364192856
holdout_seed_bag_v1,spo_lstm_vote,2025-12-21,50,70,False,6909.917910625314,4885.833443701267,7005.358765744448,0.9863760217983653
holdout_seed_bag_v1,spo_lstm_vote,2025-12-22,50,69,False,2565.357926109044,3098.5709697008133,4748.357517077977,0.5402621678933103
holdout_seed_bag_v1,spo_lstm_vote,2025-12-23,50,67,False,10434.86682635867,10436.659902334211,10434.86682635867,1.0
holdout_seed_bag_v1,spo_lstm_vote,2025-12-24,50,88,False,9596.444365031772,10841.293078660963,9825.502417317695,0.9766873954575388
holdout_seed_bag_v1,spo_lstm_vote,2025-12-25,50,70,False,11091.693972650388,13264.85664844513,11095.330269230428,0.9996722678377477
holdout_seed_bag_v1,spo_lstm_vote,2025-12-26,51,69,False,4005.932649191745,10288.463282585144,7346.620268670263,0.5452755828792575
holdout_seed_bag_v1,spo_lstm_vote,2025-12-27,52,70,False,3129.4674630143613,4602.159455418587,7411.580496026181,0.4222402313099436
holdout_seed_bag_v1,spo_lstm_vote,2025-12-28,53,72,False,11761.93374044818,12178.300857543943,11889.18821394036,0.9892966221745088
holdout_seed_bag_v1,spo_lstm_vote,2025-12-29,50,85,False,10978.857431004872,14643.991243839264,12388.222994463616,0.8862334360554699
holdout_seed_bag_v1,spo_lstm_vote,2025-12-30,51,68,False,7380.759462546375,13568.885618448256,31559.109426060364,0.2338709677419354
holdout_seed_bag_v1,spo_lstm_vote,2025-12-31,49,66,False,3244.9890740505607,10453.22226639837,22576.10161322131,0.1437355806438339
holdout_seed_bag_v1,window_ce_lstm_vote,2025-11-03,49,88,False,13361.719716678786,18993.08031797409,13361.719716678785,1.0000000000000002
holdout_seed_bag_v1,window_ce_lstm_vote,2025-11-04,49,67,False,6878.291992600671,6673.287609219551,7323.682649823298,0.9391848775378908
holdout_seed_bag_v1,window_ce_lstm_vote,2025-11-05,0,37,False,2007.8751659108327,5209.306395798922,5662.824070401962,0.3545713483146067
holdout_seed_bag_v1,window_ce_lstm_vote,2025-11-06,55,66,False,486.0707310362377,339.1653172671795,922.594932818296,0.5268517241379308
holdout_seed_bag_v1,window_ce_lstm_vote,2025-11-07,51,88,False,1614.7956413790043,2959.750546514988,6793.795022201864,0.2376868357231729
holdout_seed_bag_v1,window_ce_lstm_vote,2025-11-08,51,76,False,7190.5649264649655,4397.425481677055,8037.637510627492,0.8946117459212967
holdout_seed_bag_v1,window_ce_lstm_vote,2025-11-09,51,68,False,11750.954860747644,9420.288601517675,12573.171464875311,0.9346054727381528
holdout_seed_bag_v1,window_ce_lstm_vote,2025-11-10,44,68,False,10715.78425795449,7344.506067037582,11155.171685390123,0.9606113254167932
holdout_seed_bag_v1,window_ce_lstm_vote,2025-11-11,49,70,False,7386.415923893104,4351.19339376688,7485.846206756218,0.9867175627020798
holdout_seed_bag_v1,window_ce_lstm_vote,2025-11-12,51,69,False,10387.913107001894,9932.15103149414,10483.503486127382,0.9908818288416672
holdout_seed_bag_v1,window_ce_lstm_vote,2025-11-13,51,70,False,9146.45027723057,4192.93318092823,9537.757783219018,0.9589727989657144
holdout_seed_bag_v1,window_ce_lstm_vote,2025-11-14,52,69,False,3738.061982490707,4536.341421306133,3791.572488594168,0.985886988508216
holdout_seed_bag_v1,window_ce_lstm_vote,2025-11-15,41,88,False,8041.744648759452,5910.669687390327,8345.596517840402,0.9635913540234774
holdout_seed_bag_v1,window_ce_lstm_vote,2025-11-16,40,88,False,7319.766393401575,4462.720510363579,9645.889090707162,0.7588482849604221
holdout_seed_bag_v1,window_ce_lstm_vote,2025-11-17,49,72,False,7271.756461914813,4364.827828109264,7342.583120498723,0.990353986135182
holdout_seed_bag_v1,window_ce_lstm_vote,2025-11-18,51,67,False,10104.393321423157,8507.101398706436,10104.393321423157,1.0
holdout_seed_bag_v1,window_ce_lstm_vote,2025-11-19,45,88,False,8716.931434214255,8942.847347259521,10200.934927737995,0.8545227957989914
holdout_seed_bag_v1,window_ce_lstm_vote,2025-11-20,53,67,False,8271.540776991627,5028.478811681271,8685.117815841211,0.952380952380952
holdout_seed_bag_v1,window_ce_lstm_vote,2025-11-21,51,67,False,7103.440151188544,4521.266620606184,7103.440151188545,1.0
holdout_seed_bag_v1,window_ce_lstm_vote,2025-11-22,42,74,False,5901.811152982111,3300.9451881051064,6264.524578776867,0.9421004066256572
holdout_seed_bag_v1,window_ce_lstm_vote,2025-11-23,41,85,False,1737.29716028625,4739.062865078449,6269.694291762487,0.2770943971811861
holdout_seed_bag_v1,window_ce_lstm_vote,2025-11-24,46,69,False,9558.070778550207,5538.878140598536,10017.179468015289,0.9541678682176944
holdout_seed_bag_v1,window_ce_lstm_vote,2025-11-25,41,88,False,1.9151798260573016,3849.48606044054,1565.2300239538,0.0012235772357723
holdout_seed_bag_v1,window_ce_lstm_vote,2025-11-26,50,88,False,4878.472034861892,5040.489803254604,7918.575043866372,0.6160795355018698
holdout_seed_bag_v1,window_ce_lstm_vote,2025-11-27,41,88,False,1185.0318335012173,4506.270691752434,3235.798119702589,0.3662255152092544
holdout_seed_bag_v1,window_ce_lstm_vote,2025-11-28,54,88,False,4115.587828999955,3222.131933271885,6405.093051558166,0.6425492644480405
holdout_seed_bag_v1,window_ce_lstm_vote,2025-11-29,51,72,False,5003.499555067958,3690.2105197310448,5801.283300285127,0.8624815055699903
holdout_seed_bag_v1,window_ce_lstm_vote,2025-11-30,52,88,False,10816.630246835208,10520.74855864048,10816.630246835208,1.0
holdout_seed_bag_v1,window_ce_lstm_vote,2025-12-01,0,21,False,1529.439703284124,5426.595399528742,7602.923503730859,0.2011646838921379
holdout_seed_bag_v1,window_ce_lstm_vote,2025-12-02,49,88,False,6215.23573983151,4711.257372796536,7113.525068212801,0.8737209302325581
holdout_seed_bag_v1,window_ce_lstm_vote,2025-12-03,53,88,False,8323.956894623057,6834.8394349217415,9007.2147950591,0.9241432655951712
holdout_seed_bag_v1,window_ce_lstm_vote,2025-12-04,0,30,False,222.69532861131304,4212.841381132603,11898.293271518723,0.0187165775401069
holdout_seed_bag_v1,window_ce_lstm_vote,2025-12-05,44,88,False,4130.9251744176,3613.4217843413353,4598.152699291484,0.898387992868119
holdout_seed_bag_v1,window_ce_lstm_vote,2025-12-06,53,73,False,28.632256535740225,4086.6778880357742,1382.2635419667454,0.0207140358306788
holdout_seed_bag_v1,window_ce_lstm_vote,2025-12-07,51,69,False,10021.28978750909,8726.472109556198,15016.02787207711,0.6673728813559323
holdout_seed_bag_v1,window_ce_lstm_vote,2025-12-08,49,73,False,6172.475055376301,5767.066476494074,7915.851798133639,0.7797613210534862
holdout_seed_bag_v1,window_ce_lstm_vote,2025-12-09,51,68,False,10466.680444731715,8114.084616303444,10593.934918223897,0.987987987987988
holdout_seed_bag_v1,window_ce_lstm_vote,2025-12-10,51,88,False,5212.995413416295,15108.95327925682,7441.2053374551615,0.7005579307396322
holdout_seed_bag_v1,window_ce_lstm_vote,2025-12-11,50,64,False,5339.807677613088,4599.921417236328,25769.030882166226,0.207218024691358
holdout_seed_bag_v1,window_ce_lstm_vote,2025-12-12,52,88,False,-13706.051233777598,1647.2607269883156,9467.732827818112,-1.447659274193548
holdout_seed_bag_v1,window_ce_lstm_vote,2025-12-13,50,69,False,3713.209183817684,5243.32220852375,4825.562806145681,0.7694872770257307
holdout_seed_bag_v1,window_ce_lstm_vote,2025-12-14,51,69,False,1623.833890358786,5897.841277718544,3981.9356368529566,0.4078001350223106
holdout_seed_bag_v1,window_ce_lstm_vote,2025-12-15,48,88,False,11834.666034772636,14203.03112268448,11961.920508264817,0.9893617021276596
holdout_seed_bag_v1,window_ce_lstm_vote,2025-12-16,50,66,False,9480.458275167328,8805.761528015137,9575.899130286463,0.990033222591362
holdout_seed_bag_v1,window_ce_lstm_vote,2025-12-17,50,70,False,6682.561886922349,5518.133874237537,7365.35212716831,0.907296999728312
holdout_seed_bag_v1,window_ce_lstm_vote,2025-12-18,47,72,False,409.38718530985153,3201.5065252780914,4304.280762294158,0.0951116360475635
holdout_seed_bag_v1,window_ce_lstm_vote,2025-12-19,6,84,False,7221.691370681152,5231.976017355919,8844.185907706433,0.8165467625899281
holdout_seed_bag_v1,window_ce_lstm_vote,2025-12-20,51,70,False,9223.69374264032,5914.305175840855,9255.507361013366,0.9965627364192856
holdout_seed_bag_v1,window_ce_lstm_vote,2025-12-21,50,70,False,6909.917910625314,4762.836949527264,7005.358765744448,0.9863760217983653
holdout_seed_bag_v1,window_ce_lstm_vote,2025-12-22,49,69,False,2320.8479993793344,3063.1291672587395,4748.357517077977,0.488768588092231
holdout_seed_bag_v1,window_ce_lstm_vote,2025-12-23,51,67,False,10434.86682635867,8539.310783147812,10434.86682635867,1.0
holdout_seed_bag_v1,window_ce_lstm_vote,2025-12-24,48,88,False,9596.444365031772,9248.683822155,9825.502417317695,0.9766873954575388
holdout_seed_bag_v1,window_ce_lstm_vote,2025-12-25,51,69,False,11031.703032484338,10849.625074863434,11095.330269230428,0.9942654039850854
holdout_seed_bag_v1,window_ce_lstm_vote,2025-12-26,49,88,False,3082.609184512705,7968.453124165535,7346.620268670263,0.4195955516659168
holdout_seed_bag_v1,window_ce_lstm_vote,2025-12-27,50,70,False,3118.564935997919,4011.4139184355736,7411.580496026181,0.4207692188825284
holdout_seed_bag_v1,window_ce_lstm_vote,2025-12-28,51,88,False,9542.19578298206,10300.472527742386,11889.18821394036,0.8025943917511208
holdout_seed_bag_v1,window_ce_lstm_vote,2025-12-29,49,88,False,11056.107259138302,17063.091379404068,12388.222994463616,0.8924691833590139
holdout_seed_bag_v1,window_ce_lstm_vote,2025-12-30,51,68,False,7380.759462546375,12697.532933950424,31559.109426060364,0.2338709677419354
holdout_seed_bag_v1,window_ce_lstm_vote,2025-12-31,50,66,False,3244.9890740505607,8436.832471191883,22576.10161322131,0.1437355806438339
holdout_dispatch_loss_v1,transformer_dispatch,2025-11-03,39,86,False,11102.95281219261,12254.523240029812,13361.719716678786,0.830952380952381
holdout_dispatch_loss_v1,transformer_dispatch,2025-11-04,52,70,False,6973.732847719806,7214.838981628418,7323.682649823298,0.9522166894940574
holdout_dispatch_loss_v1,transformer_dispatch,2025-11-05,0,26,False,4008.5159150036366,3864.9193048477173,5662.824070401962,0.707865168539326
holdout_dispatch_loss_v1,transformer_dispatch,2025-11-06,51,68,False,335.28372403351716,3056.5130710601807,922.5949328182957,0.3634137931034475
holdout_dispatch_loss_v1,transformer_dispatch,2025-11-07,40,71,False,3380.2383098398873,2588.049530982971,6793.7950222018635,0.49754787991003513
holdout_dispatch_loss_v1,transformer_dispatch,2025-11-08,38,88,False,7823.439599483619,6663.41108083725,8037.637510627493,0.9733506380624085
holdout_dispatch_loss_v1,transformer_dispatch,2025-11-09,37,69,False,12247.046881571392,11950.061738491058,12573.171464875311,0.9740618678258713
holdout_dispatch_loss_v1,transformer_dispatch,2025-11-10,48,69,False,10556.343946754303,10114.4540309906,11155.171685390125,0.9463183754114601
holdout_dispatch_loss_v1,transformer_dispatch,2025-11-11,52,68,False,7333.290362571956,3329.5812606811523,7485.846206756217,0.9796207616386009
holdout_dispatch_loss_v1,transformer_dispatch,2025-11-12,39,87,False,9588.112378379874,12302.181392908096,10483.503486127383,0.9145904697859486
holdout_dispatch_loss_v1,transformer_dispatch,2025-11-13,52,68,False,9537.757783219018,4054.8725724220276,9537.757783219018,1.0
holdout_dispatch_loss_v1,transformer_dispatch,2025-11-14,42,69,False,3738.0619824907076,3864.709198474884,3791.572488594169,0.985886988508216
holdout_dispatch_loss_v1,transformer_dispatch,2025-11-15,45,88,False,8043.08082073112,8750.95510482788,8345.596517840402,0.9637514590523765
holdout_dispatch_loss_v1,transformer_dispatch,2025-11-16,53,88,False,7319.7663934015745,4616.40477180481,9645.889090707162,0.758848284960422
holdout_dispatch_loss_v1,transformer_dispatch,2025-11-17,53,68,False,5678.730879588484,4022.033929824829,7342.5831204987235,0.7733968804159445
holdout_dispatch_loss_v1,transformer_dispatch,2025-11-18,38,69,False,9044.605340732942,9216.043651103973,10104.393321423157,0.8951161195949022
holdout_dispatch_loss_v1,transformer_dispatch,2025-11-19,48,88,False,8716.931434214255,10042.324766516685,10200.934927737997,0.8545227957989914
holdout_dispatch_loss_v1,transformer_dispatch,2025-11-20,52,68,False,8462.422487229898,5107.574105262756,8685.117815841211,0.9743589743589743
holdout_dispatch_loss_v1,transformer_dispatch,2025-11-21,48,67,False,7103.440151188545,5552.961617708206,7103.440151188545,1.0
holdout_dispatch_loss_v1,transformer_dispatch,2025-11-22,49,88,False,2126.702211895992,3938.997209072113,6264.524578776868,0.3394834173212271
holdout_dispatch_loss_v1,transformer_dispatch,2025-11-23,49,69,False,4276.81288419087,5959.937751293182,6269.694291762487,0.6821405773819007
holdout_dispatch_loss_v1,transformer_dispatch,2025-11-24,48,70,False,9056.153684202356,8355.070054531097,10017.17946801529,0.9040622375907833
holdout_dispatch_loss_v1,transformer_dispatch,2025-11-25,41,88,False,1.9151798260572672,3197.065770626068,1565.2300239538,0.001223577235772342
holdout_dispatch_loss_v1,transformer_dispatch,2025-11-26,53,88,False,4878.472034861892,5613.923490047455,7918.575043866373,0.6160795355018697
holdout_dispatch_loss_v1,transformer_dispatch,2025-11-27,42,69,False,2810.892251350366,4123.005390167236,3235.7981197025892,0.868685915303246
holdout_dispatch_loss_v1,transformer_dispatch,2025-11-28,51,68,False,1589.4783638777349,2163.9890670776367,6405.093051558167,0.2481585124654922
holdout_dispatch_loss_v1,transformer_dispatch,2025-11-29,0,25,False,3071.903901930175,3456.120550632477,5801.283300285127,0.5295214425710246
holdout_dispatch_loss_v1,transformer_dispatch,2025-11-30,36,88,False,10816.630246835208,13170.13794183731,10816.630246835208,1.0
holdout_dispatch_loss_v1,transformer_dispatch,2025-12-01,53,70,False,2247.7084907397043,4028.0937552452087,7602.92350373086,0.2956373939099509
holdout_dispatch_loss_v1,transformer_dispatch,2025-12-02,51,69,False,6089.1265566007605,3305.6628704071045,7113.5250682128,0.8559928443649375
holdout_dispatch_loss_v1,transformer_dispatch,2025-12-03,48,88,False,8323.956894623057,6041.043043136597,9007.2147950591,0.9241432655951711
holdout_dispatch_loss_v1,transformer_dispatch,2025-12-04,0,65,False,2163.32604936704,4904.962435364723,11898.293271518727,0.1818181818181817
holdout_dispatch_loss_v1,transformer_dispatch,2025-12-05,44,88,False,4130.9251744176,2187.6789331436157,4598.152699291483,0.8983879928681192
holdout_dispatch_loss_v1,transformer_dispatch,2025-12-06,44,88,False,1382.2635419667454,3755.4659843444824,1382.2635419667454,1.0
holdout_dispatch_loss_v1,transformer_dispatch,2025-12-07,41,88,False,11930.106889891771,10599.383652210236,15016.027872077113,0.7944915254237286
holdout_dispatch_loss_v1,transformer_dispatch,2025-12-08,41,69,False,6954.259731913664,6215.171694755554,7915.851798133639,0.8785232353078295
holdout_dispatch_loss_v1,transformer_dispatch,2025-12-09,48,69,False,10212.171497747358,6409.186542034149,10593.934918223893,0.9639639639639642
holdout_dispatch_loss_v1,transformer_dispatch,2025-12-10,50,88,False,4094.027739828541,10553.077653050423,7441.205337455161,0.5501834117144078
holdout_dispatch_loss_v1,transformer_dispatch,2025-12-11,48,67,False,6984.88670232139,3786.5445613861084,25769.030882166222,0.2710574074074073
holdout_dispatch_loss_v1,transformer_dispatch,2025-12-12,46,68,False,-4976.842924233184,2397.3461985588074,9467.73282781811,-0.5256636424731183
holdout_dispatch_loss_v1,transformer_dispatch,2025-12-13,40,68,False,3474.8074718155995,6894.566774368286,4825.562806145682,0.7200833584406354
holdout_dispatch_loss_v1,transformer_dispatch,2025-12-14,40,68,False,2664.708674926226,7924.22479391098,3981.935636852956,0.6691993336768813
holdout_dispatch_loss_v1,transformer_dispatch,2025-12-15,40,88,False,11834.666034772637,12586.273670196533,11961.920508264817,0.9893617021276595
holdout_dispatch_loss_v1,transformer_dispatch,2025-12-16,50,69,False,9162.322091436881,7518.25624704361,9575.899130286462,0.956810631229236
holdout_dispatch_loss_v1,transformer_dispatch,2025-12-17,40,68,False,6971.299105914267,3939.2576217651367,7365.352127168311,0.9464990927181179
holdout_dispatch_loss_v1,transformer_dispatch,2025-12-18,40,68,False,615.304011591221,2079.344153404236,4304.280762294158,0.14295164408914332
holdout_dispatch_loss_v1,transformer_dispatch,2025-12-19,0,69,False,8079.284718439643,9234.01939868927,8844.185907706433,0.9135136690647482
holdout_dispatch_loss_v1,transformer_dispatch,2025-12-20,39,70,False,9223.69374264032,8615.649342536926,9255.507361013364,0.9965627364192857
holdout_dispatch_loss_v1,transformer_dispatch,2025-12-21,38,68,False,5987.322977807017,4797.272562980652,7005.358765744449,0.8546775658492279
holdout_dispatch_loss_v1,transformer_dispatch,2025-12-22,48,67,False,720.6229952151848,3520.9879875183105,4748.357517077977,0.15176258161340778
holdout_dispatch_loss_v1,transformer_dispatch,2025-12-23,0,67,False,9913.043950994803,9749.892979860306,10434.86682635867,0.9499923780487805
holdout_dispatch_loss_v1,transformer_dispatch,2025-12-24,44,88,False,9559.626464488649,11231.202840805054,9825.502417317695,0.9729402180635126
holdout_dispatch_loss_v1,transformer_dispatch,2025-12-25,39,70,False,9954.608443399185,11911.530509591103,11095.330269230428,0.8971890157254091
holdout_dispatch_loss_v1,transformer_dispatch,2025-12-26,48,88,False,3201.8020871091535,10128.906965255737,7346.620268670262,0.4358197334307956
holdout_dispatch_loss_v1,transformer_dispatch,2025-12-27,51,67,False,1869.3968478566435,3712.3461961746216,7411.580496026182,0.25222647839539025
holdout_dispatch_loss_v1,transformer_dispatch,2025-12-28,38,88,False,8937.73703389421,13480.16281425953,11889.188213940359,0.7517533470800385
holdout_dispatch_loss_v1,transformer_dispatch,2025-12-29,43,88,False,8572.939816096015,13039.018794894218,12388.222994463616,0.692023369286081
holdout_dispatch_loss_v1,transformer_dispatch,2025-12-30,51,88,False,13329.90609830574,8938.563004136086,31559.10942606037,0.4223790322580645
holdout_dispatch_loss_v1,transformer_dispatch,2025-12-31,46,67,False,3372.2435475427374,5606.752075254917,22576.10161322132,0.14937227008084686
holdout_dispatch_loss_v1,lstm_dispatch,2025-11-03,53,88,False,13361.719716678786,18774.966418743134,13361.719716678786,1.0
holdout_dispatch_loss_v1,lstm_dispatch,2025-11-04,50,66,False,6973.732847719805,7754.875481128693,7323.682649823298,0.9522166894940572
holdout_dispatch_loss_v1,lstm_dispatch,2025-11-05,0,33,False,3927.8620297042917,5121.82410992682,5662.824070401962,0.6936224719101122
holdout_dispatch_loss_v1,lstm_dispatch,2025-11-06,47,62,False,636.2723674608936,1264.1922384500504,922.5949328182957,0.6896551724137931
holdout_dispatch_loss_v1,lstm_dispatch,2025-11-07,54,77,False,4362.292895397404,2637.9562616348267,6793.7950222018635,0.6420995748534651
holdout_dispatch_loss_v1,lstm_dispatch,2025-11-08,51,88,False,7843.755776176646,4750.007573515177,8037.637510627493,0.9758782684346621
holdout_dispatch_loss_v1,lstm_dispatch,2025-11-09,54,68,False,11743.729988015128,10263.588905334473,12573.171464875311,0.9340308466183469
holdout_dispatch_loss_v1,lstm_dispatch,2025-11-10,51,69,False,10590.489503354092,7326.56130194664,11155.171685390125,0.9493793374085319
holdout_dispatch_loss_v1,lstm_dispatch,2025-11-11,49,71,False,7316.425963472406,3027.2805094718933,7485.846206756217,0.9773679235981493
holdout_dispatch_loss_v1,lstm_dispatch,2025-11-12,52,84,False,9645.290994681747,10161.04656457901,10483.503486127383,0.9200446212895501
holdout_dispatch_loss_v1,lstm_dispatch,2025-11-13,51,70,False,9146.45027723057,3966.2521183490753,9537.757783219018,0.9589727989657144
holdout_dispatch_loss_v1,lstm_dispatch,2025-11-14,52,69,False,3738.0619824907076,4582.716856151819,3791.572488594169,0.985886988508216
holdout_dispatch_loss_v1,lstm_dispatch,2025-11-15,42,88,False,8043.08082073112,6266.853109002113,8345.596517840402,0.9637514590523765
holdout_dispatch_loss_v1,lstm_dispatch,2025-11-16,42,88,False,7319.7663934015745,4334.423962980509,9645.889090707162,0.758848284960422
holdout_dispatch_loss_v1,lstm_dispatch,2025-11-17,49,73,False,7303.570080287859,3249.528080224991,7342.5831204987235,0.9946867417677644
holdout_dispatch_loss_v1,lstm_dispatch,2025-11-18,51,67,False,10104.393321423157,7925.264120101929,10104.393321423157,1.0
holdout_dispatch_loss_v1,lstm_dispatch,2025-11-19,52,88,False,8716.931434214255,9483.037889003754,10200.934927737997,0.8545227957989914
holdout_dispatch_loss_v1,lstm_dispatch,2025-11-20,53,67,False,8271.540776991627,5316.195400431752,8685.117815841211,0.9523809523809521
holdout_dispatch_loss_v1,lstm_dispatch,2025-11-21,52,67,False,7103.440151188545,5145.203664898872,7103.440151188545,1.0
holdout_dispatch_loss_v1,lstm_dispatch,2025-11-22,44,88,False,2126.702211895992,3580.4755613207817,6264.524578776868,0.3394834173212271
holdout_dispatch_loss_v1,lstm_dispatch,2025-11-23,42,88,False,862.7853302769729,4912.429329007864,6269.694291762487,0.13761202542372022
holdout_dispatch_loss_v1,lstm_dispatch,2025-11-24,42,70,False,9056.153684202356,5782.453119754791,10017.17946801529,0.9040622375907833
holdout_dispatch_loss_v1,lstm_dispatch,2025-11-25,46,88,False,1.9151798260572672,3299.8240143060684,1565.2300239538,0.001223577235772342
holdout_dispatch_loss_v1,lstm_dispatch,2025-11-26,46,88,False,4878.472034861892,4780.09813465178,7918.575043866373,0.6160795355018697
holdout_dispatch_loss_v1,lstm_dispatch,2025-11-27,54,88,False,1185.0318335012175,3953.080877661705,3235.7981197025892,0.36622551520925445
holdout_dispatch_loss_v1,lstm_dispatch,2025-11-28,54,88,False,4115.587828999955,2109.4882488250732,6405.093051558167,0.6425492644480404
holdout_dispatch_loss_v1,lstm_dispatch,2025-11-29,2,25,False,2524.7096659138056,3697.6109873503447,5801.283300285127,0.43519847854865473
holdout_dispatch_loss_v1,lstm_dispatch,2025-11-30,52,88,False,10816.630246835208,12690.708816051483,10816.630246835208,1.0
holdout_dispatch_loss_v1,lstm_dispatch,2025-12-01,0,21,False,1529.4397032841243,4757.023051381111,7602.92350373086,0.20116468389213796
holdout_dispatch_loss_v1,lstm_dispatch,2025-12-02,52,88,False,6215.23573983151,3939.5302031189203,7113.5250682128,0.8737209302325583
holdout_dispatch_loss_v1,lstm_dispatch,2025-12-03,52,88,False,8323.956894623057,6311.703059822321,9007.2147950591,0.9241432655951711
holdout_dispatch_loss_v1,lstm_dispatch,2025-12-04,50,66,False,11492.100173493527,4488.64670842886,11898.293271518727,0.9658612299465239
holdout_dispatch_loss_v1,lstm_dispatch,2025-12-05,55,88,False,4130.9251744176,2620.5542236566544,4598.152699291483,0.8983879928681192
holdout_dispatch_loss_v1,lstm_dispatch,2025-12-06,54,88,False,1382.2635419667454,3821.2510868906975,1382.2635419667454,1.0
holdout_dispatch_loss_v1,lstm_dispatch,2025-12-07,52,76,False,11262.020904057832,10150.369942188263,15016.027872077113,0.7499999999999998
holdout_dispatch_loss_v1,lstm_dispatch,2025-12-08,52,88,False,7876.806944304402,5609.088504686952,7915.851798133639,0.9950675107587988
holdout_dispatch_loss_v1,lstm_dispatch,2025-12-09,51,67,False,10434.86682635867,7250.176638364792,10593.934918223893,0.984984984984985
holdout_dispatch_loss_v1,lstm_dispatch,2025-12-10,51,88,False,5212.995413416295,16982.022166252136,7441.205337455161,0.7005579307396324
holdout_dispatch_loss_v1,lstm_dispatch,2025-12-11,50,63,False,6154.236307963032,5813.426420092583,25769.030882166222,0.23882296296296296
holdout_dispatch_loss_v1,lstm_dispatch,2025-12-12,53,69,False,-11244.29753726221,1841.2736803293228,9467.73282781811,-1.1876441532258064
holdout_dispatch_loss_v1,lstm_dispatch,2025-12-13,51,68,False,3713.209183817685,5365.166809409857,4825.562806145682,0.7694872770257307
holdout_dispatch_loss_v1,lstm_dispatch,2025-12-14,51,67,False,3106.9179703115483,6026.234911754727,3981.935636852956,0.7802531868061633
holdout_dispatch_loss_v1,lstm_dispatch,2025-12-15,48,88,False,11834.666034772637,15101.590514183044,11961.920508264817,0.9893617021276595
holdout_dispatch_loss_v1,lstm_dispatch,2025-12-16,50,65,False,9512.271893540372,12374.224871397018,9575.899130286462,0.9933554817275747
holdout_dispatch_loss_v1,lstm_dispatch,2025-12-17,50,70,False,6682.561886922351,4399.365067481995,7365.352127168311,0.9072969997283122
holdout_dispatch_loss_v1,lstm_dispatch,2025-12-18,45,88,False,40.31739856415961,2095.8479046821594,4304.280762294158,0.009366814292725333
holdout_dispatch_loss_v1,lstm_dispatch,2025-12-19,4,75,False,8166.237700176851,6654.131889343262,8844.185907706433,0.9233453237410073
holdout_dispatch_loss_v1,lstm_dispatch,2025-12-20,54,70,False,9223.69374264032,6123.281411826611,9255.507361013364,0.9965627364192857
holdout_dispatch_loss_v1,lstm_dispatch,2025-12-21,42,88,False,3227.879710089538,4399.27314966917,7005.358765744449,0.46077293369663935
holdout_dispatch_loss_v1,lstm_dispatch,2025-12-22,49,69,False,2320.847999379335,2020.9708213806152,4748.357517077977,0.4887685880922311
holdout_dispatch_loss_v1,lstm_dispatch,2025-12-23,51,67,False,10434.86682635867,9364.610999822617,10434.86682635867,1.0
holdout_dispatch_loss_v1,lstm_dispatch,2025-12-24,53,88,False,9596.444365031773,10938.145190477371,9825.502417317695,0.976687395457539
holdout_dispatch_loss_v1,lstm_dispatch,2025-12-25,53,69,False,10981.994253776455,12306.016445159912,11095.330269230428,0.9897852508484334
holdout_dispatch_loss_v1,lstm_dispatch,2025-12-26,51,67,False,4414.365425950403,10772.645711898804,7346.620268670262,0.6008702320950914
holdout_dispatch_loss_v1,lstm_dispatch,2025-12-27,49,70,False,3086.7513176248744,4028.240889310837,7411.580496026182,0.4164767986099426
holdout_dispatch_loss_v1,lstm_dispatch,2025-12-28,53,88,False,9542.195782982059,12536.390721797943,11889.188213940359,0.802594391751121
holdout_dispatch_loss_v1,lstm_dispatch,2025-12-29,51,88,False,11098.4066461271,21815.59318304062,12388.222994463616,0.8958836671802772
holdout_dispatch_loss_v1,lstm_dispatch,2025-12-30,53,68,False,6998.996042069837,17370.51036953926,31559.10942606037,0.22177419354838698
holdout_dispatch_loss_v1,lstm_dispatch,2025-12-31,51,67,False,3308.6163107966477,8835.537627339363,22576.10161322132,0.1465539253623403
holdout_dispatch_loss_v1,dlinear_dispatch,2025-11-03,40,83,False,6808.114331831572,19582.525074481964,13361.719716678786,0.5095238095238095
holdout_dispatch_loss_v1,dlinear_dispatch,2025-11-04,46,66,False,5039.611193283202,4485.707603394985,7323.682649823298,0.6881252826274218
holdout_dispatch_loss_v1,dlinear_dispatch,2025-11-05,0,19,False,4263.024861987994,4324.353575706482,5662.824070401962,0.752808988764045
holdout_dispatch_loss_v1,dlinear_dispatch,2025-11-06,53,63,False,827.154077699161,1508.2013309001923,922.5949328182957,0.8965517241379304
holdout_dispatch_loss_v1,dlinear_dispatch,2025-11-07,14,27,False,-1421.3243026051696,1081.8935111165047,6793.7950222018635,-0.20920918249083698
holdout_dispatch_loss_v1,dlinear_dispatch,2025-11-08,35,73,False,7058.532047493155,10570.269962772727,8037.637510627493,0.8781849191581794
holdout_dispatch_loss_v1,dlinear_dispatch,2025-11-09,45,69,False,12211.380634013372,15714.332222938538,12573.171464875311,0.9712251732291534
holdout_dispatch_loss_v1,dlinear_dispatch,2025-11-10,43,71,False,10811.403269336515,11497.689723968506,11155.171685390125,0.9691830456985399
holdout_dispatch_loss_v1,dlinear_dispatch,2025-11-11,53,63,False,4332.0063307062655,2148.0754986405373,7485.846206756217,0.5786929374526143
holdout_dispatch_loss_v1,dlinear_dispatch,2025-11-12,40,71,False,10148.642883218225,17599.654734134674,10483.503486127383,0.9680583305616989
holdout_dispatch_loss_v1,dlinear_dispatch,2025-11-13,46,66,False,9300.520449649386,4580.13890683651,9537.757783219018,0.9751265088753843
holdout_dispatch_loss_v1,dlinear_dispatch,2025-11-14,37,66,False,3791.572488594169,5159.2101380229,3791.572488594169,1.0
holdout_dispatch_loss_v1,dlinear_dispatch,2025-11-15,40,73,False,8170.513450486188,10259.573364630342,8345.596517840402,0.9790209043799399
holdout_dispatch_loss_v1,dlinear_dispatch,2025-11-16,46,70,False,7959.76731693579,7160.670105367899,9645.889090707162,0.8251978891820579
holdout_dispatch_loss_v1,dlinear_dispatch,2025-11-17,0,25,False,890.7813144452525,4673.3953058719635,7342.5831204987235,0.12131715771230504
holdout_dispatch_loss_v1,dlinear_dispatch,2025-11-18,39,69,False,9033.57237788117,12602.13415324688,10104.393321423157,0.8940242219914727
holdout_dispatch_loss_v1,dlinear_dispatch,2025-11-19,45,88,False,8716.931434214255,12691.819682717323,10200.934927737997,0.8545227957989914
holdout_dispatch_loss_v1,dlinear_dispatch,2025-11-20,0,8,False,922.5949328182974,5014.5866349339485,8685.117815841211,0.10622710622710625
holdout_dispatch_loss_v1,dlinear_dispatch,2025-11-21,0,25,False,5189.042940143229,4523.493722081184,7103.440151188545,0.7304971717506482
holdout_dispatch_loss_v1,dlinear_dispatch,2025-11-22,46,69,False,5803.643870768406,4304.255366325378,6264.524578776868,0.9264300583048477
holdout_dispatch_loss_v1,dlinear_dispatch,2025-11-23,46,69,False,4276.81288419087,8953.053502365947,6269.694291762487,0.6821405773819007
holdout_dispatch_loss_v1,dlinear_dispatch,2025-11-24,39,69,False,9558.070778550207,12039.725378155708,10017.17946801529,0.9541678682176943
holdout_dispatch_loss_v1,dlinear_dispatch,2025-11-25,44,69,False,93.46522941816815,3194.668173789978,1565.2300239538,0.059713414634146394
holdout_dispatch_loss_v1,dlinear_dispatch,2025-11-26,0,8,False,0.0,3050.3107383847237,7918.575043866373,0.0
holdout_dispatch_loss_v1,dlinear_dispatch,2025-11-27,35,69,False,2810.892251350366,6338.5295532643795,3235.7981197025892,0.868685915303246
holdout_dispatch_loss_v1,dlinear_dispatch,2025-11-28,0,25,False,-2456.1608624054056,1845.904380083084,6405.093051558167,-0.38346997344681755
holdout_dispatch_loss_v1,dlinear_dispatch,2025-11-29,0,25,False,3071.903901930175,5940.04912674427,5801.283300285127,0.5295214425710246
holdout_dispatch_loss_v1,dlinear_dispatch,2025-11-30,43,74,False,8844.185907706433,14940.342009067535,10816.630246835208,0.8176470588235293
holdout_dispatch_loss_v1,dlinear_dispatch,2025-12-01,46,67,False,-3785.8205863923226,3407.6883643865585,7602.92350373086,-0.49794274327955135
holdout_dispatch_loss_v1,dlinear_dispatch,2025-12-02,0,8,False,-5692.057604324951,3158.8287353515625,7113.5250682128,-0.8001739713774597
holdout_dispatch_loss_v1,dlinear_dispatch,2025-12-03,2,25,False,2641.6947033951656,6922.794409096241,9007.2147950591,0.2932865223603044
holdout_dispatch_loss_v1,dlinear_dispatch,2025-12-04,0,25,False,477.2042755956711,8125.97481906414,11898.293271518727,0.040106951871657776
holdout_dispatch_loss_v1,dlinear_dispatch,2025-12-05,22,30,False,-1093.007760995348,668.7079984694719,4598.152699291483,-0.2377058424274963
holdout_dispatch_loss_v1,dlinear_dispatch,2025-12-06,46,69,False,555.1635474188168,8734.8544113338,1382.2635419667454,0.4016336469591795
holdout_dispatch_loss_v1,dlinear_dispatch,2025-12-07,45,74,False,11039.32557544652,12933.290123939514,15016.027872077113,0.7351694915254237
holdout_dispatch_loss_v1,dlinear_dispatch,2025-12-08,46,69,False,6954.259731913664,8622.838832437992,7915.851798133639,0.8785232353078295
holdout_dispatch_loss_v1,dlinear_dispatch,2025-12-09,51,71,False,9957.662550763,10290.623217821121,10593.934918223893,0.9399399399399401
holdout_dispatch_loss_v1,dlinear_dispatch,2025-12-10,45,74,False,1242.4745028355862,16806.744545698166,7441.205337455161,0.16697221034630172
holdout_dispatch_loss_v1,dlinear_dispatch,2025-12-11,46,66,False,5957.30682887205,4548.02830517292,25769.030882166222,0.23118086419753092
holdout_dispatch_loss_v1,dlinear_dispatch,2025-12-12,12,24,False,2193.603069972667,1489.354908466339,9467.73282781811,0.23169254032258055
holdout_dispatch_loss_v1,dlinear_dispatch,2025-12-13,51,69,False,3713.209183817685,8211.145341396332,4825.562806145682,0.7694872770257307
holdout_dispatch_loss_v1,dlinear_dispatch,2025-12-14,39,69,False,1623.8338903587862,9493.344262242317,3981.935636852956,0.4078001350223107
holdout_dispatch_loss_v1,dlinear_dispatch,2025-12-15,43,71,False,11961.920508264817,19372.34792113304,11961.920508264817,1.0
holdout_dispatch_loss_v1,dlinear_dispatch,2025-12-16,51,67,False,9416.831038421238,8966.118140146136,9575.899130286462,0.9833887043189369
holdout_dispatch_loss_v1,dlinear_dispatch,2025-12-17,46,69,False,6873.443597160619,7593.86345744133,7365.352127168311,0.9332131686965506
holdout_dispatch_loss_v1,dlinear_dispatch,2025-12-18,0,8,False,3102.7122099626317,2586.8027806282043,4304.280762294158,0.7208433606707624
holdout_dispatch_loss_v1,dlinear_dispatch,2025-12-19,1,69,False,8079.268811630456,12054.08450961113,8844.185907706433,0.913511870503597
holdout_dispatch_loss_v1,dlinear_dispatch,2025-12-20,46,71,False,9223.693742640322,14602.246642112732,9255.507361013364,0.9965627364192859
holdout_dispatch_loss_v1,dlinear_dispatch,2025-12-21,46,66,False,5891.882122687883,6084.023505449295,7005.358765744449,0.841053587647593
holdout_dispatch_loss_v1,dlinear_dispatch,2025-12-22,13,30,False,3581.4817155822557,1001.7757695168257,4748.357517077977,0.7542569620549996
holdout_dispatch_loss_v1,dlinear_dispatch,2025-12-23,0,69,False,9490.508197211371,13264.529883861542,10434.86682635867,0.9094996951219511
holdout_dispatch_loss_v1,dlinear_dispatch,2025-12-24,45,83,False,9502.727808028458,16141.289591789246,9825.502417317695,0.9671493023379304
holdout_dispatch_loss_v1,dlinear_dispatch,2025-12-25,45,69,False,10594.644361913612,18601.348161697388,11095.330269230428,0.9548741772288367
holdout_dispatch_loss_v1,dlinear_dispatch,2025-12-26,46,71,False,4111.980164676453,13260.486871004105,7346.620268670262,0.5597104538275967
holdout_dispatch_loss_v1,dlinear_dispatch,2025-12-27,0,8,False,280.4974918332981,4232.168644666672,7411.580496026182,0.03784584030136225
holdout_dispatch_loss_v1,dlinear_dispatch,2025-12-28,45,75,False,11434.393451126663,17592.440366744995,11889.188213940359,0.9617471979894777
holdout_dispatch_loss_v1,dlinear_dispatch,2025-12-29,43,83,False,8326.384273704922,19775.066047906876,12388.222994463616,0.6721209553158707
holdout_dispatch_loss_v1,dlinear_dispatch,2025-12-30,45,83,False,29650.292323677684,10050.690473988652,31559.10942606037,0.939516129032258
holdout_dispatch_loss_v1,dlinear_dispatch,2025-12-31,46,67,False,3372.2435475427374,9522.324895486236,22576.10161322132,0.14937227008084686
holdout_dfl_bakeoff_v1,lstm_expected,2025-11-03,51,76,False,1336.1719716678783,9161.766141653061,13361.719716678786,0.09999999999999998
holdout_dfl_bakeoff_v1,lstm_expected,2025-11-04,52,68,False,7291.869031450253,5313.300311565399,7323.682649823298,0.9956560626812779
holdout_dfl_bakeoff_v1,lstm_expected,2025-11-05,0,23,False,5567.383215282827,3733.618700876832,5662.824070401962,0.9831460674157303
holdout_dfl_bakeoff_v1,lstm_expected,2025-11-06,53,69,False,41.13818991818263,2597.02917188406,922.5949328182957,0.04458965517241223
holdout_dfl_bakeoff_v1,lstm_expected,2025-11-07,58,73,False,4588.818583660833,3266.6247859597206,6793.7950222018635,0.6754426014716
holdout_dfl_bakeoff_v1,lstm_expected,2025-11-08,55,77,False,7180.546818039294,5711.372494697571,8037.637510627493,0.8933653462905063
holdout_dfl_bakeoff_v1,lstm_expected,2025-11-09,50,79,False,10597.806635579893,9079.872012138367,12573.171464875311,0.8428904883056879
holdout_dfl_bakeoff_v1,lstm_expected,2025-11-10,50,78,False,10572.482995354949,8803.52732539177,11155.171685390125,0.9477651526602391
holdout_dfl_bakeoff_v1,lstm_expected,2025-11-11,54,69,False,7479.512115338144,2964.4968919456005,7485.846206756217,0.9991538576610943
holdout_dfl_bakeoff_v1,lstm_expected,2025-11-12,49,71,False,10139.003356851192,9371.107548475266,10483.503486127383,0.9671388358164748
holdout_dfl_bakeoff_v1,lstm_expected,2025-11-13,55,70,False,9146.45027723057,4199.152633547783,9537.757783219018,0.9589727989657144
holdout_dfl_bakeoff_v1,lstm_expected,2025-11-14,52,70,False,3629.0907954775175,4387.640215456486,3791.572488594169,0.9571466209322307
holdout_dfl_bakeoff_v1,lstm_expected,2025-11-15,53,85,False,7954.3876340689085,7779.1673839092255,8345.596517840402,0.9531239159555335
holdout_dfl_bakeoff_v1,lstm_expected,2025-11-16,56,75,False,9359.566525349757,5029.732495546341,9645.889090707162,0.9703166226912927
holdout_dfl_bakeoff_v1,lstm_expected,2025-11-17,56,71,False,7088.074173514365,3422.0172986388206,7342.5831204987235,0.9653379549393413
holdout_dfl_bakeoff_v1,lstm_expected,2025-11-18,50,71,False,8503.385702247027,8510.099619626999,10104.393321423157,0.8415533156471947
holdout_dfl_bakeoff_v1,lstm_expected,2025-11-19,53,85,False,8621.490579095122,7874.676406383514,10200.934927737997,0.8451667067938929
holdout_dfl_bakeoff_v1,lstm_expected,2025-11-20,53,69,False,8526.049723975988,4646.94356918335,8685.117815841211,0.9816849816849818
holdout_dfl_bakeoff_v1,lstm_expected,2025-11-21,51,69,False,6371.688752266469,4705.311954021454,7103.440151188545,0.8969863357264101
holdout_dfl_bakeoff_v1,lstm_expected,2025-11-22,54,71,False,6264.524578776868,3890.585236251354,6264.524578776868,1.0
holdout_dfl_bakeoff_v1,lstm_expected,2025-11-23,52,77,False,6261.817239853322,6035.365700721741,6269.694291762487,0.9987436306233439
holdout_dfl_bakeoff_v1,lstm_expected,2025-11-24,52,72,False,7519.555916784296,6113.620311021805,10017.17946801529,0.7506659874462795
holdout_dfl_bakeoff_v1,lstm_expected,2025-11-25,55,73,False,956.4223532343553,3116.216041147709,1565.2300239538,0.6110426829268294
holdout_dfl_bakeoff_v1,lstm_expected,2025-11-26,55,84,False,7142.682249451696,4560.330979526043,7918.575043866373,0.9020161089442887
holdout_dfl_bakeoff_v1,lstm_expected,2025-11-27,53,72,False,2444.567979870268,4064.397729933262,3235.7981197025892,0.7554760493200839
holdout_dfl_bakeoff_v1,lstm_expected,2025-11-28,55,71,False,2470.251113982827,2332.825653254986,6405.093051558167,0.3856698246377372
holdout_dfl_bakeoff_v1,lstm_expected,2025-11-29,1,29,False,980.5434386847977,3791.074424982071,5801.283300285127,0.1690218160241554
holdout_dfl_bakeoff_v1,lstm_expected,2025-11-30,3,88,False,10582.892411286612,9531.18759393692,10816.630246835208,0.9783908823529412
holdout_dfl_bakeoff_v1,lstm_expected,2025-12-01,55,71,False,3730.2231069235886,3882.688581943512,7602.92350373086,0.49063009842110294
holdout_dfl_bakeoff_v1,lstm_expected,2025-12-02,55,73,False,7049.89783146671,2952.763706445694,7113.5250682128,0.9910554561717352
holdout_dfl_bakeoff_v1,lstm_expected,2025-12-03,52,88,False,8323.956894623057,3842.9182022809982,9007.2147950591,0.9241432655951711
holdout_dfl_bakeoff_v1,lstm_expected,2025-12-04,0,67,False,2226.9532861131297,5258.84909927845,11898.293271518727,0.18716577540106943
holdout_dfl_bakeoff_v1,lstm_expected,2025-12-05,55,72,False,3632.4248626830126,2758.9602544903755,4598.152699291483,0.7899748225505262
holdout_dfl_bakeoff_v1,lstm_expected,2025-12-06,52,72,False,36.47113210285835,3963.024266064167,1382.2635419667454,0.02638507852921131
holdout_dfl_bakeoff_v1,lstm_expected,2025-12-07,2,81,False,10748.825881996738,9110.354602336884,15016.027872077113,0.7158235169491525
holdout_dfl_bakeoff_v1,lstm_expected,2025-12-08,53,74,False,5726.702634733197,5875.537663698196,7915.851798133639,0.7234474293825727
holdout_dfl_bakeoff_v1,lstm_expected,2025-12-09,51,71,False,9957.662550763,6869.607776403427,10593.934918223893,0.9399399399399401
holdout_dfl_bakeoff_v1,lstm_expected,2025-12-10,51,75,False,5149.368176670206,8795.051574707031,7441.205337455161,0.692007268063275
holdout_dfl_bakeoff_v1,lstm_expected,2025-12-11,50,68,False,6984.88670232139,4142.1767473220825,25769.030882166222,0.2710574074074073
holdout_dfl_bakeoff_v1,lstm_expected,2025-12-12,54,71,False,-10781.059440132307,2740.4486909508705,9467.73282781811,-1.1387160618279573
holdout_dfl_bakeoff_v1,lstm_expected,2025-12-13,53,70,False,3493.1352973603102,5442.11345911026,4825.562806145682,0.723881428485723
holdout_dfl_bakeoff_v1,lstm_expected,2025-12-14,50,69,False,1623.8338903587862,5663.1490886211395,3981.935636852956,0.4078001350223107
holdout_dfl_bakeoff_v1,lstm_expected,2025-12-15,48,80,False,11961.920508264817,7905.414998531342,11961.920508264817,1.0
holdout_dfl_bakeoff_v1,lstm_expected,2025-12-16,51,67,False,9416.831038421238,5599.079459905624,9575.899130286462,0.9833887043189369
holdout_dfl_bakeoff_v1,lstm_expected,2025-12-17,52,70,False,6682.561886922351,3535.6158800423145,7365.352127168311,0.9072969997283122
holdout_dfl_bakeoff_v1,lstm_expected,2025-12-18,53,71,False,436.15516380893115,1990.677922964096,4304.280762294158,0.10133055622897211
holdout_dfl_bakeoff_v1,lstm_expected,2025-12-19,2,83,False,6979.548377158397,7912.548989057541,8844.185907706433,0.7891679856115108
holdout_dfl_bakeoff_v1,lstm_expected,2025-12-20,54,75,False,9048.750655206948,6146.259695291519,9255.507361013364,0.9776612239889377
holdout_dfl_bakeoff_v1,lstm_expected,2025-12-21,54,70,False,6909.917910625314,3651.3203270733356,7005.358765744449,0.986376021798365
holdout_dfl_bakeoff_v1,lstm_expected,2025-12-22,54,69,False,3125.5384811452905,2574.2284320294857,4748.357517077977,0.6582357099068376
holdout_dfl_bakeoff_v1,lstm_expected,2025-12-23,2,70,False,9470.023408340969,8110.859662294388,10434.86682635867,0.9075365853658536
holdout_dfl_bakeoff_v1,lstm_expected,2025-12-24,53,88,False,9596.444365031773,7386.603027582169,9825.502417317695,0.976687395457539
holdout_dfl_bakeoff_v1,lstm_expected,2025-12-25,51,79,False,10789.079653324152,8562.578290700912,11095.330269230428,0.9723982424610135
holdout_dfl_bakeoff_v1,lstm_expected,2025-12-26,51,84,False,-50.34505107534315,8042.974174022675,7346.620268670262,-0.006852817926365426
holdout_dfl_bakeoff_v1,lstm_expected,2025-12-27,53,70,False,3119.862931627539,3477.9211059212685,7411.580496026182,0.4209443496296499
holdout_dfl_bakeoff_v1,lstm_expected,2025-12-28,51,83,False,9232.986500567087,9791.699290275574,11889.188213940359,0.7765867891418515
holdout_dfl_bakeoff_v1,lstm_expected,2025-12-29,51,88,False,11098.4066461271,7780.5211544036865,12388.222994463616,0.8958836671802772
holdout_dfl_bakeoff_v1,lstm_expected,2025-12-30,51,68,False,7380.759462546374,6381.578296422958,31559.10942606037,0.2338709677419354
holdout_dfl_bakeoff_v1,lstm_expected,2025-12-31,50,66,False,3244.9890740505616,5012.07410544157,22576.10161322132,0.1437355806438339
holdout_dfl_bakeoff_v1,lstm_pairwise,2025-11-03,37,66,False,1589.920573173121,1808.7433688342571,13361.719716678786,0.11899071428571431
holdout_dfl_bakeoff_v1,lstm_pairwise,2025-11-04,46,66,False,5039.611193283202,2347.303796559572,7323.682649823298,0.6881252826274218
holdout_dfl_bakeoff_v1,lstm_pairwise,2025-11-05,0,12,False,3944.888678257545,1237.3282294720411,5662.824070401962,0.6966292134831459
holdout_dfl_bakeoff_v1,lstm_pairwise,2025-11-06,38,63,False,317.1690497319073,1578.793615102768,922.5949328182957,0.3437793103448288
holdout_dfl_bakeoff_v1,lstm_pairwise,2025-11-07,37,59,False,1266.9200871934347,1718.115210533142,6793.7950222018635,0.18648194169137988
holdout_dfl_bakeoff_v1,lstm_pairwise,2025-11-08,28,61,False,646.5927052611098,2242.4605637788773,8037.637510627493,0.08044561656409295
holdout_dfl_bakeoff_v1,lstm_pairwise,2025-11-09,76,88,False,-2427.598595830087,2961.509969085455,12573.171464875311,-0.19307766561617964
holdout_dfl_bakeoff_v1,lstm_pairwise,2025-11-10,72,88,False,-1109.7194547267097,2209.8453752696514,11155.171685390125,-0.09948026673404803
holdout_dfl_bakeoff_v1,lstm_pairwise,2025-11-11,11,61,False,-7542.690780065173,1958.7790369987488,7485.846206756217,-1.0075936068867741
holdout_dfl_bakeoff_v1,lstm_pairwise,2025-11-12,36,61,False,4278.422653280547,2771.0498906672,10483.503486127383,0.40811000434559885
holdout_dfl_bakeoff_v1,lstm_pairwise,2025-11-13,0,8,False,152.68628001959073,1230.9965156018734,9537.757783219018,0.01600861371089031
holdout_dfl_bakeoff_v1,lstm_pairwise,2025-11-14,0,59,False,-794.3065167289941,1823.7851113080978,3791.572488594169,-0.20949263639780902
holdout_dfl_bakeoff_v1,lstm_pairwise,2025-11-15,0,59,False,-1104.2411496428706,2364.9642318487167,8345.596517840402,-0.1323142267041465
holdout_dfl_bakeoff_v1,lstm_pairwise,2025-11-16,0,62,False,-5974.5975304578,3146.6675475239754,9645.889090707162,-0.6193931398416886
holdout_dfl_bakeoff_v1,lstm_pairwise,2025-11-17,0,61,False,-7344.033821496532,1088.7125171720982,7342.5831204987235,-1.0001975736568456
holdout_dfl_bakeoff_v1,lstm_pairwise,2025-11-18,37,61,False,6222.842375984504,2107.1155965328217,10104.393321423157,0.615855121434252
holdout_dfl_bakeoff_v1,lstm_pairwise,2025-11-19,37,62,False,6082.267540479532,2285.538848489523,10200.934927737997,0.5962460875954477
holdout_dfl_bakeoff_v1,lstm_pairwise,2025-11-20,51,65,False,6808.114331831572,1524.891048669815,8685.117815841211,0.7838827838827839
holdout_dfl_bakeoff_v1,lstm_pairwise,2025-11-21,0,18,False,3566.548403117949,1970.7808792591095,7103.440151188545,0.502087485388498
holdout_dfl_bakeoff_v1,lstm_pairwise,2025-11-22,31,60,False,17.876072163813816,1887.111857533455,6264.524578776868,0.0028535401113078678
holdout_dfl_bakeoff_v1,lstm_pairwise,2025-11-23,0,88,False,726.6675827060637,1917.9651606827974,6269.694291762487,0.11590159725344258
holdout_dfl_bakeoff_v1,lstm_pairwise,2025-11-24,37,59,False,1018.0357879374311,1498.0257898569107,10017.17946801529,0.10162898560298382
holdout_dfl_bakeoff_v1,lstm_pairwise,2025-11-25,35,60,False,0.0,2019.649177789688,1565.2300239538,0.0
holdout_dfl_bakeoff_v1,lstm_pairwise,2025-11-26,39,88,False,4878.472034861892,2050.8596152067184,7918.575043866373,0.6160795355018697
holdout_dfl_bakeoff_v1,lstm_pairwise,2025-11-27,36,59,False,0.0,2097.2269847989082,3235.7981197025892,0.0
holdout_dfl_bakeoff_v1,lstm_pairwise,2025-11-28,79,88,False,-1956.7474998235127,1413.7079790234566,6405.093051558167,-0.3054986842615026
holdout_dfl_bakeoff_v1,lstm_pairwise,2025-11-29,0,58,False,-1891.020564264802,1778.7070833146572,5801.283300285127,-0.3259659055388418
holdout_dfl_bakeoff_v1,lstm_pairwise,2025-11-30,0,59,False,757.5999638501752,2753.7692598998547,10816.630246835208,0.07004029411764705
holdout_dfl_bakeoff_v1,lstm_pairwise,2025-12-01,49,65,False,-2850.500206224808,2445.4711601138115,7602.92350373086,-0.3749215949398976
holdout_dfl_bakeoff_v1,lstm_pairwise,2025-12-02,12,60,False,-9012.798085083568,2655.668366700411,7113.5250682128,-1.2669946332737028
holdout_dfl_bakeoff_v1,lstm_pairwise,2025-12-03,0,24,False,3175.6767437012095,1611.0742688179016,9007.2147950591,0.35257033566505197
holdout_dfl_bakeoff_v1,lstm_pairwise,2025-12-04,0,12,False,636.2723674608972,2301.7459139227867,11898.293271518727,0.053475935828877226
holdout_dfl_bakeoff_v1,lstm_pairwise,2025-12-05,73,88,False,654.132532815522,1235.394410789013,4598.152699291483,0.14225985424892817
holdout_dfl_bakeoff_v1,lstm_pairwise,2025-12-06,0,59,False,-2310.355868039904,3474.2370694875717,1382.2635419667454,-1.6714293605346981
holdout_dfl_bakeoff_v1,lstm_pairwise,2025-12-07,76,88,False,668.0859858339385,2263.8994492590427,15016.027872077113,0.04449152542372876
holdout_dfl_bakeoff_v1,lstm_pairwise,2025-12-08,38,59,False,2067.885194247907,2280.6044444441795,7915.851798133639,0.26123343980940406
holdout_dfl_bakeoff_v1,lstm_pairwise,2025-12-09,43,63,False,9192.7009156213,1725.7980704307556,10593.934918223893,0.8677324324324325
holdout_dfl_bakeoff_v1,lstm_pairwise,2025-12-10,48,65,False,2348.331784291808,3362.6189529895782,7441.205337455161,0.31558486532706287
holdout_dfl_bakeoff_v1,lstm_pairwise,2025-12-11,48,64,False,5339.807677613087,3590.0312066078186,25769.030882166222,0.20721802469135803
holdout_dfl_bakeoff_v1,lstm_pairwise,2025-12-12,0,62,False,-11729.68109414159,1395.4371847212315,9467.73282781811,-1.2389112903225805
holdout_dfl_bakeoff_v1,lstm_pairwise,2025-12-13,0,58,False,-5072.185157135362,2477.1780781447887,4825.562806145682,-1.0511074792510398
holdout_dfl_bakeoff_v1,lstm_pairwise,2025-12-14,31,57,False,-591.691944034747,1828.65908741951,3981.935636852956,-0.1485940502298975
holdout_dfl_bakeoff_v1,lstm_pairwise,2025-12-15,38,66,False,11548.343469415235,2059.9461011588573,11961.920508264817,0.9654255319148936
holdout_dfl_bakeoff_v1,lstm_pairwise,2025-12-16,50,66,False,9480.458275167328,3106.877774000168,9575.899130286462,0.9900332225913622
holdout_dfl_bakeoff_v1,lstm_pairwise,2025-12-17,38,63,False,4791.630400788993,2570.7460939884186,7365.352127168311,0.6505636550782518
holdout_dfl_bakeoff_v1,lstm_pairwise,2025-12-18,0,58,False,1031.0284696809827,1979.1580215096474,4304.280762294158,0.23953559877247646
holdout_dfl_bakeoff_v1,lstm_pairwise,2025-12-19,0,27,False,3020.9193971255336,2184.467427432537,8844.185907706433,0.34157122302158277
holdout_dfl_bakeoff_v1,lstm_pairwise,2025-12-20,79,88,False,-827.1540776991619,1447.3446607589722,9255.507361013364,-0.08936885309857273
holdout_dfl_bakeoff_v1,lstm_pairwise,2025-12-21,0,60,False,-6388.17456930738,2241.6927851736546,7005.358765744449,-0.9118982742960943
holdout_dfl_bakeoff_v1,lstm_pairwise,2025-12-22,31,58,False,-5901.57573220615,2193.8913874328136,4748.357517077977,-1.24286676202887
holdout_dfl_bakeoff_v1,lstm_pairwise,2025-12-23,0,28,False,7150.890162991941,1989.0522323548794,10434.86682635867,0.6852881097560976
holdout_dfl_bakeoff_v1,lstm_pairwise,2025-12-24,0,20,False,1458.113570891759,1829.7840170562267,9825.502417317695,0.1484009172214743
holdout_dfl_bakeoff_v1,lstm_pairwise,2025-12-25,49,66,False,10819.62390832411,2097.05051779747,11095.330269230428,0.9751511352779731
holdout_dfl_bakeoff_v1,lstm_pairwise,2025-12-26,46,65,False,5878.854445964122,2376.3498961925507,7346.620268670262,0.8002121017516799
holdout_dfl_bakeoff_v1,lstm_pairwise,2025-12-27,24,60,False,-10136.642786367911,1706.296443939209,7411.580496026182,-1.367676272530914
holdout_dfl_bakeoff_v1,lstm_pairwise,2025-12-28,77,88,False,288.0564075587335,2584.611687809229,11889.188213940359,0.024228433630227204
holdout_dfl_bakeoff_v1,lstm_pairwise,2025-12-29,39,66,False,5364.195997457865,2576.9443288445473,12388.222994463616,0.43300770416024653
holdout_dfl_bakeoff_v1,lstm_pairwise,2025-12-30,51,67,False,8812.372289333387,3494.7331473231316,31559.10942606037,0.2792338709677418
holdout_dfl_bakeoff_v1,lstm_pairwise,2025-12-31,50,65,False,2926.852890320113,3277.789607644081,22576.10161322132,0.1296438570513011
holdout_dfl_bakeoff_v1,lstm_spoplus,2025-11-03,49,84,False,8239.727158618585,13183.38793516159,13361.719716678786,0.6166666666666667
holdout_dfl_bakeoff_v1,lstm_spoplus,2025-11-04,49,67,False,6878.291992600669,9335.515320301056,7323.682649823298,0.9391848775378907
holdout_dfl_bakeoff_v1,lstm_spoplus,2025-11-05,0,21,False,5631.010452028917,6330.838341265917,5662.824070401962,0.9943820224719101
holdout_dfl_bakeoff_v1,lstm_spoplus,2025-11-06,49,67,False,453.67174208512927,3465.1014506816864,922.5949328182957,0.49173448275862097
holdout_dfl_bakeoff_v1,lstm_spoplus,2025-11-07,50,71,False,3751.048301510584,4272.387214004993,6793.7950222018635,0.5521285657356899
holdout_dfl_bakeoff_v1,lstm_spoplus,2025-11-08,50,72,False,7085.452731360427,6304.663866758347,8037.637510627493,0.8815342470958571
holdout_dfl_bakeoff_v1,lstm_spoplus,2025-11-09,50,68,False,11733.937756279904,13923.478901386261,12573.171464875311,0.9332520270689134
holdout_dfl_bakeoff_v1,lstm_spoplus,2025-11-10,49,68,False,10683.77657650937,10433.841526508331,11155.171685390125,0.9577420122096247
holdout_dfl_bakeoff_v1,lstm_spoplus,2025-11-11,49,68,False,7321.35389295839,4700.605941936374,7485.846206756217,0.9780262231877851
holdout_dfl_bakeoff_v1,lstm_spoplus,2025-11-12,50,69,False,10387.041413858473,12640.130877494812,10483.503486127383,0.990798679811901
holdout_dfl_bakeoff_v1,lstm_spoplus,2025-11-13,50,68,False,9537.757783219018,5835.119552910328,9537.757783219018,1.0
holdout_dfl_bakeoff_v1,lstm_spoplus,2025-11-14,49,68,False,3738.0619824907076,6475.52427649498,3791.572488594169,0.985886988508216
holdout_dfl_bakeoff_v1,lstm_spoplus,2025-11-15,48,88,False,8046.599406923178,8719.695270061493,8345.596517840402,0.9641730689618103
holdout_dfl_bakeoff_v1,lstm_spoplus,2025-11-16,47,72,False,8596.039684396685,5046.6140527278185,9645.889090707162,0.8911609498680737
holdout_dfl_bakeoff_v1,lstm_spoplus,2025-11-17,51,69,False,6571.856857707829,4752.645810134709,7342.5831204987235,0.8950333622183707
holdout_dfl_bakeoff_v1,lstm_spoplus,2025-11-18,48,67,False,10104.393321423157,10987.0725274086,10104.393321423157,1.0
holdout_dfl_bakeoff_v1,lstm_spoplus,2025-11-19,50,88,False,8716.931434214255,11161.735773086548,10200.934927737997,0.8545227957989914
holdout_dfl_bakeoff_v1,lstm_spoplus,2025-11-20,51,67,False,8271.540776991627,7613.177597522736,8685.117815841211,0.9523809523809521
holdout_dfl_bakeoff_v1,lstm_spoplus,2025-11-21,50,66,False,6731.981161703038,8457.77976512909,7103.440151188545,0.9477071698248412
holdout_dfl_bakeoff_v1,lstm_spoplus,2025-11-22,51,71,False,6264.524578776868,4616.569992154837,6264.524578776868,1.0
holdout_dfl_bakeoff_v1,lstm_spoplus,2025-11-23,50,68,False,4642.275006613059,7755.361765623093,6269.694291762487,0.7404308393014262
holdout_dfl_bakeoff_v1,lstm_spoplus,2025-11-24,50,68,False,9805.183059262832,8730.908393859863,10017.17946801529,0.9788367165199185
holdout_dfl_bakeoff_v1,lstm_spoplus,2025-11-25,50,71,False,545.2186103154031,3921.248085796833,1565.2300239538,0.3483313008130082
holdout_dfl_bakeoff_v1,lstm_spoplus,2025-11-26,51,88,False,4878.472034861892,5617.536086589098,7918.575043866373,0.6160795355018697
holdout_dfl_bakeoff_v1,lstm_spoplus,2025-11-27,50,70,False,2443.6040272335654,5570.934393443167,3235.7981197025892,0.755178146731281
holdout_dfl_bakeoff_v1,lstm_spoplus,2025-11-28,51,70,False,1986.4264244037258,3616.497978568077,6405.093051558167,0.31013232882237174
holdout_dfl_bakeoff_v1,lstm_spoplus,2025-11-29,50,69,False,5194.03449686596,5096.272316761315,5801.283300285127,0.8953250906761749
holdout_dfl_bakeoff_v1,lstm_spoplus,2025-11-30,49,88,False,10816.630246835208,12985.60881614685,10816.630246835208,1.0
holdout_dfl_bakeoff_v1,lstm_spoplus,2025-12-01,53,69,False,2247.7084907397043,5713.065922260284,7602.92350373086,0.2956373939099509
holdout_dfl_bakeoff_v1,lstm_spoplus,2025-12-02,51,70,False,6280.00826683903,4801.619481295347,7113.5250682128,0.8828264758497318
holdout_dfl_bakeoff_v1,lstm_spoplus,2025-12-03,50,88,False,8323.956894623057,7075.832799077034,9007.2147950591,0.9241432655951711
holdout_dfl_bakeoff_v1,lstm_spoplus,2025-12-04,50,65,False,11492.100173493527,9165.155157446861,11898.293271518727,0.9658612299465239
holdout_dfl_bakeoff_v1,lstm_spoplus,2025-12-05,50,71,False,4312.879983340391,3703.4569531679153,4598.152699291483,0.937959277430032
holdout_dfl_bakeoff_v1,lstm_spoplus,2025-12-06,51,70,False,472.4481396489006,5697.664840146899,1382.2635419667454,0.34179309900388505
holdout_dfl_bakeoff_v1,lstm_spoplus,2025-12-07,48,69,False,10021.28978750909,13858.245611190796,15016.027872077113,0.6673728813559321
holdout_dfl_bakeoff_v1,lstm_spoplus,2025-12-08,51,69,False,6954.259731913664,7429.803431034088,7915.851798133639,0.8785232353078295
holdout_dfl_bakeoff_v1,lstm_spoplus,2025-12-09,50,68,False,10466.680444731715,11013.07624578476,10593.934918223893,0.9879879879879881
holdout_dfl_bakeoff_v1,lstm_spoplus,2025-12-10,50,70,False,4008.1309702213207,14645.395755767822,7441.205337455161,0.5386400171013253
holdout_dfl_bakeoff_v1,lstm_spoplus,2025-12-11,49,65,False,3730.353542758916,8119.865715503693,25769.030882166222,0.14476111111111103
holdout_dfl_bakeoff_v1,lstm_spoplus,2025-12-12,51,69,False,-11244.29753726221,4955.058865249157,9467.73282781811,-1.1876441532258064
holdout_dfl_bakeoff_v1,lstm_spoplus,2025-12-13,49,68,False,3713.209183817685,8681.292802095413,4825.562806145682,0.7694872770257307
holdout_dfl_bakeoff_v1,lstm_spoplus,2025-12-14,49,67,False,3106.9179703115483,9988.255739212036,3981.935636852956,0.7802531868061633
holdout_dfl_bakeoff_v1,lstm_spoplus,2025-12-15,47,67,False,11866.479653145681,14541.971743106842,11961.920508264817,0.9920212765957446
holdout_dfl_bakeoff_v1,lstm_spoplus,2025-12-16,50,67,False,9416.831038421238,11458.57435464859,9575.899130286462,0.9833887043189369
holdout_dfl_bakeoff_v1,lstm_spoplus,2025-12-17,51,69,False,6873.443597160619,6106.402725912631,7365.352127168311,0.9332131686965506
holdout_dfl_bakeoff_v1,lstm_spoplus,2025-12-18,49,70,False,460.266705173862,3789.2423272132874,4304.280762294158,0.10693231473323836
holdout_dfl_bakeoff_v1,lstm_spoplus,2025-12-19,5,67,False,8688.652308842455,10523.93227815628,8844.185907706433,0.9824140287769785
holdout_dfl_bakeoff_v1,lstm_spoplus,2025-12-20,50,69,False,9255.507361013364,9878.816932439804,9255.507361013364,1.0
holdout_dfl_bakeoff_v1,lstm_spoplus,2025-12-21,49,69,False,6050.950214553106,6515.52598644048,7005.358765744449,0.8637602179836511
holdout_dfl_bakeoff_v1,lstm_spoplus,2025-12-22,50,68,False,1865.4583219020603,4204.501107335091,4748.357517077977,0.3928639145626123
holdout_dfl_bakeoff_v1,lstm_spoplus,2025-12-23,50,67,False,10434.86682635867,12268.924176692963,10434.86682635867,1.0
holdout_dfl_bakeoff_v1,lstm_spoplus,2025-12-24,50,88,False,9596.444365031773,11861.038744449615,9825.502417317695,0.976687395457539
holdout_dfl_bakeoff_v1,lstm_spoplus,2025-12-25,50,69,False,11028.066735904298,15016.458630561829,11095.330269230428,0.993937671822833
holdout_dfl_bakeoff_v1,lstm_spoplus,2025-12-26,50,68,False,4423.5054785089815,13184.578895568848,7346.620268670262,0.6021143487397962
holdout_dfl_bakeoff_v1,lstm_spoplus,2025-12-27,51,69,False,2390.586632214886,5580.739893950522,7411.580496026182,0.3225474827530553
holdout_dfl_bakeoff_v1,lstm_spoplus,2025-12-28,51,78,False,9031.361331404243,13981.273829936981,11889.188213940359,0.759628089730698
holdout_dfl_bakeoff_v1,lstm_spoplus,2025-12-29,50,69,False,11807.602189622688,13668.891787528992,12388.222994463616,0.9531312275295326
holdout_dfl_bakeoff_v1,lstm_spoplus,2025-12-30,51,67,False,8812.372289333387,13651.52484178543,31559.10942606037,0.2792338709677418
holdout_dfl_bakeoff_v1,lstm_spoplus,2025-12-31,48,66,False,3244.9890740505616,10609.360029920936,22576.10161322132,0.1437355806438339
holdout_dfl_bakeoff_v1,lstm_dbb,2025-11-03,41,86,False,11102.95281219261,248.71192267164588,13361.719716678786,0.830952380952381
holdout_dfl_bakeoff_v1,lstm_dbb,2025-11-04,51,67,False,7260.055413077206,124.19193051755428,7323.682649823298,0.9913121253625556
holdout_dfl_bakeoff_v1,lstm_dbb,2025-11-05,0,21,False,5631.010452028917,57.64950066804886,5662.824070401962,0.9943820224719101
holdout_dfl_bakeoff_v1,lstm_dbb,2025-11-06,33,47,False,-626.69328696877,31.45965375006199,922.5949328182957,-0.6792724137931038
holdout_dfl_bakeoff_v1,lstm_dbb,2025-11-07,18,26,False,-1002.6093643883418,76.55472122132778,6793.7950222018635,-0.14757721731548457
holdout_dfl_bakeoff_v1,lstm_dbb,2025-11-08,59,71,False,6988.22076952689,110.50328891724348,8037.637510627493,0.8694371648742498
holdout_dfl_bakeoff_v1,lstm_dbb,2025-11-09,54,67,False,11334.988619158248,186.37383496388793,12573.171464875311,0.9015218356660387
holdout_dfl_bakeoff_v1,lstm_dbb,2025-11-10,52,69,False,10368.436809833915,161.74706257879734,11155.171685390125,0.929473530507236
holdout_dfl_bakeoff_v1,lstm_dbb,2025-11-11,51,69,False,7459.695412453574,125.70752948522568,7485.846206756217,0.996506634843895
holdout_dfl_bakeoff_v1,lstm_dbb,2025-11-12,38,85,False,9645.21464199765,266.6728999465704,10483.503486127383,0.9200373381628552
holdout_dfl_bakeoff_v1,lstm_dbb,2025-11-13,41,69,False,9330.03394341406,130.84159418940544,9537.757783219018,0.9782208937859135
holdout_dfl_bakeoff_v1,lstm_dbb,2025-11-14,39,68,False,3738.0619824907076,129.49504889547825,3791.572488594169,0.985886988508216
holdout_dfl_bakeoff_v1,lstm_dbb,2025-11-15,55,86,False,8010.19826478074,162.47118078172207,8345.596517840402,0.959811350531663
holdout_dfl_bakeoff_v1,lstm_dbb,2025-11-16,55,71,False,8277.903500666238,139.646306168288,9645.889090707162,0.8581794195250659
holdout_dfl_bakeoff_v1,lstm_dbb,2025-11-17,53,71,False,7088.074173514365,197.14141730219126,7342.5831204987235,0.9653379549393413
holdout_dfl_bakeoff_v1,lstm_dbb,2025-11-18,39,67,False,10045.245442143992,188.43030370771885,10104.393321423157,0.994146320575847
holdout_dfl_bakeoff_v1,lstm_dbb,2025-11-19,40,88,False,8716.931434214255,257.69413262605667,10200.934927737997,0.8545227957989914
holdout_dfl_bakeoff_v1,lstm_dbb,2025-11-20,54,66,False,7921.590974888137,120.26149872690439,8685.117815841211,0.912087912087912
holdout_dfl_bakeoff_v1,lstm_dbb,2025-11-21,39,67,False,7103.440151188545,97.37583063542843,7103.440151188545,1.0
holdout_dfl_bakeoff_v1,lstm_dbb,2025-11-22,40,69,False,5803.643870768406,144.06308718025684,6264.524578776868,0.9264300583048477
holdout_dfl_bakeoff_v1,lstm_dbb,2025-11-23,39,88,False,862.7853302769729,151.9554927945137,6269.694291762487,0.13761202542372022
holdout_dfl_bakeoff_v1,lstm_dbb,2025-11-24,54,88,False,461.9528269476332,167.87594789639115,10017.17946801529,0.04611605776083397
holdout_dfl_bakeoff_v1,lstm_dbb,2025-11-25,39,70,False,271.62149230721866,227.73288656026125,1565.2300239538,0.17353455284552857
holdout_dfl_bakeoff_v1,lstm_dbb,2025-11-26,40,81,False,7374.921663574922,133.03110003471375,7918.575043866373,0.9313445440272038
holdout_dfl_bakeoff_v1,lstm_dbb,2025-11-27,40,70,False,2443.6040272335654,180.2625097334385,3235.7981197025892,0.755178146731281
holdout_dfl_bakeoff_v1,lstm_dbb,2025-11-28,40,69,False,1910.2264456766088,112.41612955927849,6405.093051558167,0.2982355494760389
holdout_dfl_bakeoff_v1,lstm_dbb,2025-11-29,12,26,False,-668.9035958261273,121.83566391468048,5801.283300285127,-0.11530269445611309
holdout_dfl_bakeoff_v1,lstm_dbb,2025-11-30,39,88,False,10816.630246835208,319.7606075555086,10816.630246835208,1.0
holdout_dfl_bakeoff_v1,lstm_dbb,2025-12-01,53,69,False,2247.7084907397043,108.62833727151155,7602.92350373086,0.2956373939099509
holdout_dfl_bakeoff_v1,lstm_dbb,2025-12-02,52,69,False,6089.1265566007605,210.36337595432997,7113.5250682128,0.8559928443649375
holdout_dfl_bakeoff_v1,lstm_dbb,2025-12-03,51,85,False,7684.503165324859,191.59061275422573,9007.2147950591,0.853149762736888
holdout_dfl_bakeoff_v1,lstm_dbb,2025-12-04,0,26,False,445.3906572226281,107.34317172318697,11898.293271518727,0.03743315508021407
holdout_dfl_bakeoff_v1,lstm_dbb,2025-12-05,39,70,False,4405.96663069992,119.37428638339043,4598.152699291483,0.9582036349899434
holdout_dfl_bakeoff_v1,lstm_dbb,2025-12-06,16,26,False,-1631.7809322283722,100.37850588560104,1382.2635419667454,-1.1805136160262193
holdout_dfl_bakeoff_v1,lstm_dbb,2025-12-07,51,88,False,11930.106889891771,188.6022873222828,15016.027872077113,0.7944915254237286
holdout_dfl_bakeoff_v1,lstm_dbb,2025-12-08,51,88,False,7876.806944304402,207.1486245840788,7915.851798133639,0.9950675107587988
holdout_dfl_bakeoff_v1,lstm_dbb,2025-12-09,51,88,False,8335.168013737719,170.15286721289158,10593.934918223893,0.7867867867867869
holdout_dfl_bakeoff_v1,lstm_dbb,2025-12-10,51,88,False,5212.995413416295,193.31624265760183,7441.205337455161,0.7005579307396324
holdout_dfl_bakeoff_v1,lstm_dbb,2025-12-11,56,65,False,246.87367857482556,44.367510825395584,25769.030882166222,0.009580246913580191
holdout_dfl_bakeoff_v1,lstm_dbb,2025-12-12,0,11,False,-6654.871313490449,38.66487368941307,9467.73282781811,-0.7029002016129029
holdout_dfl_bakeoff_v1,lstm_dbb,2025-12-13,57,70,False,3206.8127320029075,120.42632885277271,4825.562806145682,0.664546885167221
holdout_dfl_bakeoff_v1,lstm_dbb,2025-12-14,41,67,False,3106.9179703115483,176.06021277606487,3981.935636852956,0.7802531868061633
holdout_dfl_bakeoff_v1,lstm_dbb,2025-12-15,37,84,False,11166.580048938698,254.77430317550898,11961.920508264817,0.9335106382978723
holdout_dfl_bakeoff_v1,lstm_dbb,2025-12-16,51,65,False,9512.271893540372,106.47905245423317,9575.899130286462,0.9933554817275747
holdout_dfl_bakeoff_v1,lstm_dbb,2025-12-17,41,73,False,5569.085243865785,116.18384905159473,7365.352127168311,0.7561193474135879
holdout_dfl_bakeoff_v1,lstm_dbb,2025-12-18,41,69,False,516.1091495040673,113.47910389304161,4304.280762294158,0.1199060140372869
holdout_dfl_bakeoff_v1,lstm_dbb,2025-12-19,5,84,False,7097.971390190218,142.5316035747528,8844.185907706433,0.8025579136690647
holdout_dfl_bakeoff_v1,lstm_dbb,2025-12-20,54,85,False,8271.540776991627,175.26515573263168,9255.507361013364,0.8936885309857282
holdout_dfl_bakeoff_v1,lstm_dbb,2025-12-21,39,84,False,4714.778242885228,135.77155396342278,7005.358765744449,0.6730245231607629
holdout_dfl_bakeoff_v1,lstm_dbb,2025-12-22,54,69,False,3125.5384811452905,123.68770549073815,4748.357517077977,0.6582357099068376
holdout_dfl_bakeoff_v1,lstm_dbb,2025-12-23,52,66,False,10307.61235286649,99.81835819780827,10434.86682635867,0.9878048780487805
holdout_dfl_bakeoff_v1,lstm_dbb,2025-12-24,52,88,False,9596.444365031773,281.83020278811455,9825.502417317695,0.976687395457539
holdout_dfl_bakeoff_v1,lstm_dbb,2025-12-25,51,67,False,10926.358597965675,221.60970605909824,11095.330269230428,0.9847709200929922
holdout_dfl_bakeoff_v1,lstm_dbb,2025-12-26,52,88,False,1797.4598939915145,141.33545197546482,7346.620268670262,0.24466487013855892
holdout_dfl_bakeoff_v1,lstm_dbb,2025-12-27,52,69,False,2391.9450737194147,102.55212988704443,7411.580496026182,0.3227307690986947
holdout_dfl_bakeoff_v1,lstm_dbb,2025-12-28,39,84,False,8768.599931813915,297.4912077188492,11889.188213940359,0.7375272200277325
holdout_dfl_bakeoff_v1,lstm_dbb,2025-12-29,51,69,False,11807.850335845998,237.21936531364918,12388.222994463616,0.9531512583461735
holdout_dfl_bakeoff_v1,lstm_dbb,2025-12-30,50,88,False,13616.228663663143,129.00160439312458,31559.10942606037,0.4314516129032258
holdout_dfl_bakeoff_v1,lstm_dbb,2025-12-31,31,63,False,318.13618373044505,57.52645060420036,22576.10161322132,0.01409172359253264
holdout_dfl_bakeoff_v1,blend_val30,2025-11-03,53,88,False,13361.719716678786,19953.1689286232,13361.719716678786,1.0
holdout_dfl_bakeoff_v1,blend_val30,2025-11-04,50,67,False,7100.987321211983,6986.730098724365,7323.682649823298,0.9695924387689453
holdout_dfl_bakeoff_v1,blend_val30,2025-11-05,0,28,False,2316.5022591095762,6372.909385710955,5662.824070401962,0.4090719101123594
holdout_dfl_bakeoff_v1,blend_val30,2025-11-06,47,62,False,636.2723674608936,1452.815167605877,922.5949328182957,0.6896551724137931
holdout_dfl_bakeoff_v1,blend_val30,2025-11-07,54,88,False,1866.5463476504185,2661.627545952797,6793.7950222018635,0.2747428118673902
holdout_dfl_bakeoff_v1,blend_val30,2025-11-08,52,88,False,7844.821532392142,5151.194353355095,8037.637510627493,0.9760108641400653
holdout_dfl_bakeoff_v1,blend_val30,2025-11-09,54,68,False,11743.729988015128,9473.619759082794,12573.171464875311,0.9340308466183469
holdout_dfl_bakeoff_v1,blend_val30,2025-11-10,52,88,False,9195.090118361117,7170.368403196335,11155.171685390125,0.8242894307403518
holdout_dfl_bakeoff_v1,blend_val30,2025-11-11,51,71,False,7326.078215286788,2653.00951898098,7485.846206756217,0.9786573238273005
holdout_dfl_bakeoff_v1,blend_val30,2025-11-12,51,88,False,9579.39544694566,10504.609167575836,10483.503486127383,0.9137589794882873
holdout_dfl_bakeoff_v1,blend_val30,2025-11-13,51,70,False,9146.45027723057,3593.0747017264366,9537.757783219018,0.9589727989657144
holdout_dfl_bakeoff_v1,blend_val30,2025-11-14,52,69,False,3738.0619824907076,4717.490298673511,3791.572488594169,0.985886988508216
holdout_dfl_bakeoff_v1,blend_val30,2025-11-15,52,88,False,8046.599406923178,6743.241459131241,8345.596517840402,0.9641730689618103
holdout_dfl_bakeoff_v1,blend_val30,2025-11-16,43,88,False,7319.7663934015745,4550.071029691026,9645.889090707162,0.758848284960422
holdout_dfl_bakeoff_v1,blend_val30,2025-11-17,52,72,False,7278.955883752634,2851.0496020317078,7342.5831204987235,0.9913344887348353
holdout_dfl_bakeoff_v1,blend_val30,2025-11-18,51,67,False,10104.393321423157,7488.657146692276,10104.393321423157,1.0
holdout_dfl_bakeoff_v1,blend_val30,2025-11-19,51,88,False,8716.931434214255,10115.290999412537,10200.934927737997,0.8545227957989914
holdout_dfl_bakeoff_v1,blend_val30,2025-11-20,53,67,False,8271.540776991627,4833.756759762764,8685.117815841211,0.9523809523809521
holdout_dfl_bakeoff_v1,blend_val30,2025-11-21,52,67,False,7103.440151188545,4699.759054929018,7103.440151188545,1.0
holdout_dfl_bakeoff_v1,blend_val30,2025-11-22,48,88,False,2126.702211895992,3941.0139555111527,6264.524578776868,0.3394834173212271
holdout_dfl_bakeoff_v1,blend_val30,2025-11-23,42,88,False,862.7853302769729,5144.19361948967,6269.694291762487,0.13761202542372022
holdout_dfl_bakeoff_v1,blend_val30,2025-11-24,52,70,False,9056.153684202356,5779.753662645817,10017.17946801529,0.9040622375907833
holdout_dfl_bakeoff_v1,blend_val30,2025-11-25,47,88,False,1.9151798260572672,3204.064652323723,1565.2300239538,0.001223577235772342
holdout_dfl_bakeoff_v1,blend_val30,2025-11-26,47,88,False,4878.472034861892,5156.941105611622,7918.575043866373,0.6160795355018697
holdout_dfl_bakeoff_v1,blend_val30,2025-11-27,54,88,False,1185.0318335012175,4206.407021731138,3235.7981197025892,0.36622551520925445
holdout_dfl_bakeoff_v1,blend_val30,2025-11-28,55,88,False,4083.7742106269097,2105.1538586616516,6405.093051558167,0.6375823392032455
holdout_dfl_bakeoff_v1,blend_val30,2025-11-29,2,24,False,2620.1505210329397,4350.063532590866,5801.283300285127,0.4516501583199983
holdout_dfl_bakeoff_v1,blend_val30,2025-11-30,52,88,False,10816.630246835208,13293.979525566101,10816.630246835208,1.0
holdout_dfl_bakeoff_v1,blend_val30,2025-12-01,0,20,False,1529.4397032841243,6480.108290910721,7602.92350373086,0.20116468389213796
holdout_dfl_bakeoff_v1,blend_val30,2025-12-02,54,88,False,6215.23573983151,3813.9908695593476,7113.5250682128,0.8737209302325583
holdout_dfl_bakeoff_v1,blend_val30,2025-12-03,52,88,False,8323.956894623057,6354.505606926978,9007.2147950591,0.9241432655951711
holdout_dfl_bakeoff_v1,blend_val30,2025-12-04,0,29,False,381.76342047653833,4889.593883417547,11898.293271518727,0.03208556149732634
holdout_dfl_bakeoff_v1,blend_val30,2025-12-05,54,88,False,4130.9251744176,2920.074462890625,4598.152699291483,0.8983879928681192
holdout_dfl_bakeoff_v1,blend_val30,2025-12-06,53,88,False,1382.2635419667454,4273.082811385393,1382.2635419667454,1.0
holdout_dfl_bakeoff_v1,blend_val30,2025-12-07,52,69,False,10021.28978750909,9284.485340118408,15016.027872077113,0.6673728813559321
holdout_dfl_bakeoff_v1,blend_val30,2025-12-08,52,88,False,7876.806944304402,5742.116786539555,7915.851798133639,0.9950675107587988
holdout_dfl_bakeoff_v1,blend_val30,2025-12-09,51,68,False,10466.680444731715,6624.255537986755,10593.934918223893,0.9879879879879881
holdout_dfl_bakeoff_v1,blend_val30,2025-12-10,51,88,False,5212.995413416295,19039.72637653351,7441.205337455161,0.7005579307396324
holdout_dfl_bakeoff_v1,blend_val30,2025-12-11,50,64,False,5339.807677613087,5491.2039488554,25769.030882166222,0.20721802469135803
holdout_dfl_bakeoff_v1,blend_val30,2025-12-12,54,88,False,-12128.095762474579,1841.592033393681,9467.73282781811,-1.2809926075268818
holdout_dfl_bakeoff_v1,blend_val30,2025-12-13,51,68,False,3713.209183817685,5030.543250031769,4825.562806145682,0.7694872770257307
holdout_dfl_bakeoff_v1,blend_val30,2025-12-14,51,67,False,3106.9179703115483,5894.059341400862,3981.935636852956,0.7802531868061633
holdout_dfl_bakeoff_v1,blend_val30,2025-12-15,49,88,False,11675.597942907412,16195.94395160675,11961.920508264817,0.9760638297872338
holdout_dfl_bakeoff_v1,blend_val30,2025-12-16,50,66,False,9480.458275167328,11624.981105327606,9575.899130286462,0.9900332225913622
holdout_dfl_bakeoff_v1,blend_val30,2025-12-17,49,88,False,2334.2733463327595,4182.0609495043755,7365.352127168311,0.316926238695691
holdout_dfl_bakeoff_v1,blend_val30,2025-12-18,44,71,False,441.57302301786075,1884.8843574523926,4304.280762294158,0.10258927040403022
holdout_dfl_bakeoff_v1,blend_val30,2025-12-19,3,88,False,5064.839392653026,7012.238502502441,8844.185907706433,0.5726744604316547
holdout_dfl_bakeoff_v1,blend_val30,2025-12-20,54,70,False,9223.69374264032,5917.710110545158,9255.507361013364,0.9965627364192857
holdout_dfl_bakeoff_v1,blend_val30,2025-12-21,42,88,False,3227.879710089538,4455.698080360889,7005.358765744449,0.46077293369663935
holdout_dfl_bakeoff_v1,blend_val30,2025-12-22,51,69,False,3080.7385437523685,1878.4850537776947,4748.357517077977,0.6488008817095516
holdout_dfl_bakeoff_v1,blend_val30,2025-12-23,51,68,False,10180.357879374313,8446.96369767189,10434.86682635867,0.9756097560975611
holdout_dfl_bakeoff_v1,blend_val30,2025-12-24,53,88,False,9596.444365031773,11125.053882598877,9825.502417317695,0.976687395457539
holdout_dfl_bakeoff_v1,blend_val30,2025-12-25,53,68,False,10950.180635403409,11540.325999259949,11095.330269230428,0.9869179528409759
holdout_dfl_bakeoff_v1,blend_val30,2025-12-26,51,88,False,2643.5208050897777,9974.131077528,7346.620268670262,0.3598281534113175
holdout_dfl_bakeoff_v1,blend_val30,2025-12-27,48,70,False,2819.5169232912986,3502.3506581783295,7411.580496026182,0.38042046832022136
holdout_dfl_bakeoff_v1,blend_val30,2025-12-28,52,88,False,9542.195782982059,12686.850666999817,11889.188213940359,0.802594391751121
holdout_dfl_bakeoff_v1,blend_val30,2025-12-29,52,88,False,11102.952812192609,24138.130009174347,12388.222994463616,0.8962506420133538
holdout_dfl_bakeoff_v1,blend_val30,2025-12-30,52,68,False,7317.132225800284,17012.732595205307,31559.10942606037,0.2318548387096773
holdout_dfl_bakeoff_v1,blend_val30,2025-12-31,51,67,False,3308.6163107966477,8167.857182445005,22576.10161322132,0.1465539253623403
